"Área de Ponderação","Cód. UF","UF","Cod_meso","Mesorregião","Cód. Microrregião","Microrregião","Cód_RM","Região Metropolitana","Cód. Município","Município","Domicílios particulares permanentes-DPP","DPP SEM banheiro de uso exclusivo dos moradores e NEM sanitário","DPP com lixo coletado em caçamba de serviço de limpeza","DPP com lixo queimado na propriedade","DPP com lixo enterrado na propriedade","DPP com lixo jogado em terreno baldio ou logradouro","DPP com lixo jogado em rio, lago ou mar","DPP SEM energia elétrica","DPP do tipo casa próprios e em aquisição","DPP do tipo casa alugados","DPP do tipo casa cedidos por empregador","DPP com outra forma de destino do lixo e outra forma de abastecimento de água","Moradores em DPP próprios e em aquisição","Moradores em DPP alugados","Moradores em DPP cedidos por empregador","Moradores em DPP com outra condição de ocupação (não são próprios, alugados, nem cedidos)","Moradores em DPP SEM banheiro de uso exclusivo dos moradores e NEM sanitário","Moradores em DPP SEM energia elétrica","Pessoas responsáveis, do sexo feminino","Pessoas responsáveis, do sexo masculino","Pessoas Residentes","Pessoas Residentes e cor ou raça - branca","Pessoas Residentes e cor ou raça - preta","Pessoas Residentes e cor ou raça - amarela","Pessoas Residentes e cor ou raça - parda","Pessoas Residentes e cor ou raça - indígena","Pessoas residentes em  DPP","Responsáveis pelos domicílios particulares","Cônjuges ou companheiros(as) em domi. partic.","Filhos(as) do responsável e do cônjuge em domi. partic.","Filhos(as) somente do responsável em domi. partic.","Enteados(as) em domi. partic.","Genros ou noras em domi. partic.","Pais, mães, padrastos ou madrastas em domi. partic.","Sogros (as) em domi. partic.","Netos(as) em domi. partic.","Bisnetos(as) em domi. partic.","Irmãos ou irmãs em domi. partic.","Avôs ou avós em domi. partic.","Outros parentes em domi. partic.","Agregados(as) em  domi. partic.","Conviventes em domi. partic.","Total de domicílios particulares improvisados","Total do rendimento nominal mensal dos domi. partic.","Total do rendimento nominal mensal dos domi. partic. improvisados","Domicílios particulares sem rendimento nominal mensal domiciliar per capita","DPP alugados – Não existe iluminação pública","DPP alugados – Não existe pavimentação","DPP próprios – Existe esgoto a céu aberto","DPP alugados – Existe esgoto a céu aberto","DPP que não tinham banheiro ou sanitário – Não existe iluminação pública","DPP que não tinham banheiro ou sanitário – Não existe pavimentação","DPP que não tinham banheiro ou sanitário – Não existe calçada","DPP que não tinham banheiro ou sanitário – Não existe meio-fio/guia","DPP que não tinham banheiro ou sanitário – Não existe bueiro/boca-de-lobo","DPP que não tinham banheiro ou sanitário – Não existe rampa para cadeirante","DPP que não tinham banheiro ou sanitário – Não existe arborização","DPP que não tinham banheiro ou sanitário – Existe esgoto a céu aberto","DPP que não tinham banheiro ou sanitário – Existe lixo acumulado nos logradouros","DPP com moradia adequada – Existe identificação do logradouro","DPP com moradia adequada – Não existe identificação do logradouro","DPP com moradia semi-adequada – Existe identificação do logradouro","DPP com moradia semi-adequada – Não existe identificação do logradouro","DPP com moradia inadequada –  Existe identificação do logradouro","DPP com moradia inadequada – Não existe identificação do logradouro","Moradia Adequada_V202eV203","Moradia Semi-Adequada_V204eV205","Moradia Inadequada_V206eV207","DOMICILIOS PRECARIOS","COABITACAO","ONUS EXCESSIVO","ADENSAMENTO","DEFICIT TOTAL"
"3550308005001","35","São Paulo","3515","Metropolitana de São Paulo","35061","São Paulo","20","RM São Paulo","3550308","SÃO PAULO","9098","2","59","0","0","0","0","0","9","231","8","0","1946","11535","614","641","3","0","3439","5616","23651","12650","1344","1815","7674","26","23453","9036","4455","4387","1989","175","68","369","32","326","8","842","10","919","44","727","0","21442639","0","350","62","2","0","0","0","0","0","0","0","1","2","0","0","8497","175","287","77","0","0","8672","364","0","56","143","705","333","1237"
"3550308005002","35","São Paulo","3515","Metropolitana de São Paulo","35061","São Paulo","20","RM São Paulo","3550308","SÃO PAULO","11036","0","22","0","0","0","0","0","6","145","15","0","1850","10330","451","142","0","0","5267","5783","22388","15606","1399","586","4755","42","22283","11041","3449","2235","1757","120","74","399","40","362","10","754","7","636","211","1111","5","38110880","16160","574","8","0","56","71","0","0","0","0","0","0","0","0","0","10198","481","357","0","0","0","10679","357","0","39","54","1067","109","1269"
"3550308005003","35","São Paulo","3515","Metropolitana de São Paulo","35061","São Paulo","20","RM São Paulo","3550308","SÃO PAULO","15308","2","564","0","0","1","0","0","5","80","17","0","3276","17264","944","575","8","0","6756","8684","34593","21750","2160","1610","8885","188","34175","15427","5568","3796","2866","243","94","624","59","469","8","1190","21","1376","169","2102","119","48386711","140453","765","84","0","211","168","0","0","0","1","0","0","2","0","0","14791","170","265","82","0","0","14961","347","0","134","379","1593","449","2555"
"3550308005004","35","São Paulo","3515","Metropolitana de São Paulo","35061","São Paulo","20","RM São Paulo","3550308","SÃO PAULO","10620","22","577","0","0","1","0","6","39","1302","53","0","2161","15998","762","1473","42","15","5168","5870","33892","17969","1552","5141","9092","138","32366","10816","5752","6413","3192","244","199","1101","116","736","16","1273","58","1542","211","1216","196","31080912","46076","1358","0","0","17","44","0","0","0","0","5","12","0","0","0","9242","75","722","0","0","0","9317","722","0","704","567","637","425","2333"
"3550308005005","35","São Paulo","3515","Metropolitana de São Paulo","35061","São Paulo","20","RM São Paulo","3550308","SÃO PAULO","10110","13","58","0","1","0","0","0","18","849","29","0","4621","15088","389","647","31","0","4398","5754","29265","18515","1716","833","8074","123","28705","10142","4986","5117","2899","250","161","609","75","644","10","1064","20","1460","111","1186","32","28199443","56840","429","30","3","16","240","0","0","0","0","2","11","2","1","0","8783","64","1263","0","0","0","8847","1263","0","70","548","1179","181","1978"
"3550308005006","35","São Paulo","3515","Metropolitana de São Paulo","35061","São Paulo","20","RM São Paulo","3550308","SÃO PAULO","12645","24","345","0","0","5","0","2","165","1699","87","4","3018","11920","844","460","77","4","6258","6825","36948","27259","1394","1838","6373","84","35322","12877","6916","6791","3682","349","247","1075","173","932","23","1050","35","1021","168","515","232","63102097","250859","524","4","1","10","3","0","0","0","0","0","17","1","7","0","11978","19","641","4","3","0","11997","645","3","329","559","813","157","1858"
"3550308005007","35","São Paulo","3515","Metropolitana de São Paulo","35061","São Paulo","20","RM São Paulo","3550308","SÃO PAULO","14988","14","124","0","0","5","0","0","75","1165","46","1","3116","12925","650","146","33","0","7248","7936","40400","28498","1267","4954","5649","32","39550","14996","7641","7242","3314","229","193","1281","183","802","26","1257","66","1033","160","756","8","89453847","22260","602","0","0","77","50","0","0","0","0","0","14","0","0","0","13787","529","606","65","1","0","14316","671","1","63","623","583","251","1520"
"3550308005008","35","São Paulo","3515","Metropolitana de São Paulo","35061","São Paulo","20","RM São Paulo","3550308","SÃO PAULO","12326","9","327","0","0","0","0","2","19","287","28","0","1595","12386","442","200","11","2","6382","6068","28692","16924","994","6307","4428","39","27908","12338","4666","3578","2203","133","102","786","74","398","13","1098","38","792","127","1071","12","54284277","12610","929","26","5","4","15","0","0","0","0","2","9","6","0","1","11748","119","455","4","0","0","11867","459","0","39","228","936","164","1367"
"3550308005009","35","São Paulo","3515","Metropolitana de São Paulo","35061","São Paulo","20","RM São Paulo","3550308","SÃO PAULO","8771","1","555","0","0","0","0","0","9","96","11","0","1930","8653","326","74","2","0","4319","4466","18606","13619","868","498","3595","26","18471","8772","3071","2013","1345","99","45","363","26","234","2","687","15","625","34","1036","1","44232392","1100","323","0","0","74","80","0","0","0","0","0","0","0","0","0","8196","177","398","0","0","0","8373","398","0","22","110","670","159","962"
"3550308005010","35","São Paulo","3515","Metropolitana de São Paulo","35061","São Paulo","20","RM São Paulo","3550308","SÃO PAULO","12531","7","275","0","0","0","0","1","34","363","23","0","2055","10643","599","333","15","1","6573","6293","30780","22654","1490","1836","4767","33","29306","12562","5259","4150","2357","172","124","703","92","514","15","1020","26","777","78","1173","31","77009900","52665","445","36","1","105","35","0","0","0","0","0","7","0","0","6","12001","189","328","13","0","0","12190","341","0","60","280","661","263","1263"
"3550308005011","35","São Paulo","3515","Metropolitana de São Paulo","35061","São Paulo","20","RM São Paulo","3550308","SÃO PAULO","8665","4","429","0","0","1","0","0","8","217","18","0","1486","7773","456","114","16","0","4347","4515","20074","14802","1019","919","3297","37","19036","8671","3289","2210","1426","103","72","398","49","272","6","645","14","551","41","1078","6","53234623","11100","356","7","0","0","0","0","0","0","0","0","4","0","0","0","8540","1","124","0","0","0","8541","124","0","0","120","481","154","754"
"3550308005012","35","São Paulo","3515","Metropolitana de São Paulo","35061","São Paulo","20","RM São Paulo","3550308","SÃO PAULO","13059","13","623","0","0","0","1","2","2","68","10","1","1230","8862","927","98","18","3","6753","6313","28980","25284","648","779","2244","25","28877","13061","4882","3945","2018","119","68","600","51","332","7","983","25","528","117","1503","2","102055498","17070","923","0","0","11","7","0","0","0","0","0","1","0","0","0","13006","0","51","0","1","0","13006","51","1","39","54","695","0","788"
"3550308005013","35","São Paulo","3515","Metropolitana de São Paulo","35061","São Paulo","20","RM São Paulo","3550308","SÃO PAULO","13280","0","470","0","0","0","0","0","6","146","54","0","1100","9458","1015","61","0","0","6223","7062","28385","24215","717","966","2475","12","28261","13282","4681","3537","1763","92","80","524","49","298","5","831","16","584","161","1491","2","113431955","5915","781","0","0","0","0","0","0","0","0","0","0","0","0","0","12626","538","62","0","0","0","13164","62","0","25","183","382","36","626"
"3550308005014","35","São Paulo","3515","Metropolitana de São Paulo","35061","São Paulo","20","RM São Paulo","3550308","SÃO PAULO","17041","14","170","0","0","1","0","10","15","279","27","0","3242","17227","826","115","27","17","8430","8773","37841","26971","1914","1100","7785","71","36880","17060","5967","4315","3311","240","139","723","61","616","20","1208","36","1088","298","1553","19","61758906","54545","866","14","0","0","2","0","0","0","0","2","8","0","0","0","15340","513","1079","73","0","0","15853","1152","0","38","334","1705","418","2496"
"3550308005015","35","São Paulo","3515","Metropolitana de São Paulo","35061","São Paulo","20","RM São Paulo","3550308","SÃO PAULO","5543","0","135","0","0","64","0","2","21","1266","28","0","1423","8755","232","241","0","8","2548","3012","17299","10533","792","709","5203","62","17164","5555","2879","3353","1704","157","149","482","71","555","16","702","19","890","76","491","12","16580185","42663","304","1","1","1","0","0","0","0","0","0","0","0","0","0","4719","224","521","0","0","0","4943","521","0","38","468","610","178","1293"
"3550308005016","35","São Paulo","3515","Metropolitana de São Paulo","35061","São Paulo","20","RM São Paulo","3550308","SÃO PAULO","14323","3","1173","0","0","11","0","4","112","2009","57","0","4670","15548","337","1537","13","6","7058","7456","45057","32541","1777","1192","9354","189","42974","14355","8077","8401","3951","348","301","1381","229","1131","27","1579","50","1941","172","979","32","58776407","46741","568","15","4","50","184","0","0","0","0","1","3","2","2","2","13528","219","576","0","0","0","13747","576","0","85","890","892","216","2083"
"3550308005017","35","São Paulo","3515","Metropolitana de São Paulo","35061","São Paulo","20","RM São Paulo","3550308","SÃO PAULO","15399","1","547","0","1","0","0","0","102","1854","51","1","5846","10418","325","69","3","0","7197","8220","44601","37145","1141","1105","5146","64","43007","15403","8698","8326","3934","292","317","1502","239","1016","22","1302","69","1112","195","432","4","76427501","3700","590","0","0","2","3","0","0","0","0","0","1","0","0","0","15105","190","99","2","1","0","15295","101","1","0","496","617","165","1278"
"3550308005018","35","São Paulo","3515","Metropolitana de São Paulo","35061","São Paulo","20","RM São Paulo","3550308","SÃO PAULO","11057","0","134","1","0","0","0","0","65","1052","43","3","2387","6764","444","375","0","0","4968","6093","31123","27261","475","814","2543","30","30898","11060","6561","6712","2586","207","168","959","171","604","7","715","45","664","69","201","3","66217876","5600","514","4","6","7","5","0","0","0","0","0","0","0","0","0","10794","78","147","0","2","0","10872","147","2","33","303","295","55","685"
"3550308005019","35","São Paulo","3515","Metropolitana de São Paulo","35061","São Paulo","20","RM São Paulo","3550308","SÃO PAULO","10137","1","1047","0","0","0","0","12","81","1455","45","0","2228","8146","250","217","7","39","4397","5766","28899","22811","857","1115","4066","29","28499","10142","5706","5642","2802","202","177","819","122","667","12","810","48","701","69","476","9","52613697","13910","578","0","0","44","15","0","0","0","0","0","1","0","0","0","9495","316","210","0","0","0","9811","210","0","117","469","383","116","1085"
"3550308005020","35","São Paulo","3515","Metropolitana de São Paulo","35061","São Paulo","20","RM São Paulo","3550308","SÃO PAULO","10442","0","100","0","0","0","0","1","44","561","51","0","1496","7150","510","67","0","1","4857","5593","24899","19336","500","2983","2057","23","24632","10449","4741","3828","1911","117","100","653","70","345","8","727","25","585","101","735","7","73059647","15965","679","1","12","91","91","0","0","0","0","0","0","0","0","0","9851","355","139","0","0","0","10206","139","0","29","190","318","118","655"
"3550308005021","35","São Paulo","3515","Metropolitana de São Paulo","35061","São Paulo","20","RM São Paulo","3550308","SÃO PAULO","14832","1","687","0","0","0","0","1","45","428","40","1","1974","8551","743","106","1","1","7447","7452","36557","29829","726","3212","2594","37","35847","14844","6848","6021","2824","187","120","933","114","518","11","1023","39","645","102","1214","12","139472162","26398","607","0","1","0","0","0","0","0","0","0","1","0","0","0","14176","233","111","1","0","0","14409","112","0","36","267","266","0","570"
"3550308005022","35","São Paulo","3515","Metropolitana de São Paulo","35061","São Paulo","20","RM São Paulo","3550308","SÃO PAULO","9781","3","818","0","0","0","0","1","5","58","40","0","1328","5335","814","54","3","2","4634","5169","23971","20314","283","2165","1178","27","23785","9786","4787","4271","1673","80","65","529","76","262","4","586","15","318","77","774","5","110087593","10510","352","0","0","17","3","0","0","0","0","0","0","0","0","0","9609","84","88","0","0","0","9693","88","0","19","78","60","0","157"
"3550308005023","35","São Paulo","3515","Metropolitana de São Paulo","35061","São Paulo","20","RM São Paulo","3550308","SÃO PAULO","12140","0","515","0","0","0","0","0","49","109","13","0","1300","6972","914","119","0","0","6042","6114","26530","23063","436","1105","1889","16","26446","12144","4998","3776","1968","106","81","570","45","301","2","661","18","396","56","707","4","121652109","12710","697","0","0","25","3","0","0","0","0","0","0","0","0","0","11707","376","56","1","0","0","12083","57","0","21","214","173","25","433"
"3550308005024","35","São Paulo","3515","Metropolitana de São Paulo","35061","São Paulo","20","RM São Paulo","3550308","SÃO PAULO","13214","0","310","0","0","0","0","1","39","297","41","0","853","5778","1163","65","0","3","6263","6967","31885","28530","568","679","2100","8","31816","13218","6328","5630","2240","162","87","552","60","398","7","617","20","377","76","575","4","156469312","13100","1212","0","0","10","1","0","0","0","0","0","0","0","0","0","13120","53","36","0","0","0","13173","36","0","57","22","262","35","376"
"3550308005025","35","São Paulo","3515","Metropolitana de São Paulo","35061","São Paulo","20","RM São Paulo","3550308","SÃO PAULO","14347","0","506","0","0","1","0","3","29","249","23","0","992","8451","874","109","0","6","7200","7167","30277","26522","421","1160","2143","31","30166","14354","5536","3988","1971","122","89","575","55","301","5","815","18","362","161","1171","7","135661485","18200","1060","0","0","0","0","0","0","0","0","0","0","0","0","0","13481","744","81","6","0","0","14225","87","0","59","0","200","20","279"
"3550308005026","35","São Paulo","3515","Metropolitana de São Paulo","35061","São Paulo","20","RM São Paulo","3550308","SÃO PAULO","9636","0","59","1","0","0","0","0","25","218","35","0","1116","4674","755","47","0","0","4870","4801","24829","22299","402","646","1458","24","24475","9655","4886","4536","1942","118","76","628","79","313","2","658","20","300","81","645","19","93362673","36455","359","1","0","0","0","0","0","0","0","0","0","0","0","0","9535","7","94","0","0","0","9542","94","0","21","189","163","0","372"
"3550308005027","35","São Paulo","3515","Metropolitana de São Paulo","35061","São Paulo","20","RM São Paulo","3550308","SÃO PAULO","8657","1","76","1","0","0","0","0","32","630","32","0","1669","8721","275","39","1","0","3933","4761","20819","15259","1068","611","3851","30","20643","8675","3812","3156","1896","140","97","411","58","373","18","620","19","619","67","646","18","39059507","21185","352","14","0","19","66","0","0","0","0","0","1","0","0","0","7877","274","502","0","0","0","8151","502","0","83","456","382","103","1023"
"3550308005028","35","São Paulo","3515","Metropolitana de São Paulo","35061","São Paulo","20","RM São Paulo","3550308","SÃO PAULO","10253","1","37","0","0","0","0","0","8","77","4","0","990","5825","714","40","2","0","4884","5374","25057","22327","477","805","1437","11","24965","10258","4884","4938","1724","105","76","556","59","334","12","565","20","308","105","393","5","84344341","5420","621","0","0","0","0","0","0","0","0","0","1","0","0","0","10109","8","136","0","0","0","10117","136","0","0","176","223","0","400"
"3550308005029","35","São Paulo","3515","Metropolitana de São Paulo","35061","São Paulo","20","RM São Paulo","3550308","SÃO PAULO","5623","4","490","0","0","0","13","1","22","191","32","14","1103","3363","435","881","9","4","3039","2590","14383","11640","438","417","1811","17","14094","5607","2625","2397","1290","90","99","410","50","308","8","370","13","267","40","435","7","38600687","6810","187","0","0","41","12","0","0","0","0","0","0","0","0","0","5174","131","29","1","0","0","5305","30","0","37","181","163","26","407"
"3550308005030","35","São Paulo","3515","Metropolitana de São Paulo","35061","São Paulo","20","RM São Paulo","3550308","SÃO PAULO","10728","0","419","0","0","0","0","1","89","2367","43","0","2090","10863","272","151","0","3","4833","5923","32495","24850","1724","905","4910","106","32304","10751","6252","6527","3571","291","298","934","200","1088","39","959","38","915","107","306","23","47495177","27997","388","0","5","146","69","0","0","0","0","0","0","0","0","0","10208","105","415","0","0","0","10313","415","0","40","826","523","206","1594"
"3550308005031","35","São Paulo","3515","Metropolitana de São Paulo","35061","São Paulo","20","RM São Paulo","3550308","SÃO PAULO","8835","3","227","0","0","1","0","5","90","1929","52","0","1814","8588","249","373","6","13","4066","4793","26730","20099","972","376","5220","63","26619","8859","5213","5645","2632","225","230","740","129","804","17","755","46","893","63","355","24","33091852","41252","202","27","23","41","41","0","0","0","0","0","2","0","0","0","8468","78","164","0","0","0","8546","164","0","46","594","484","177","1301"
"3550308005032","35","São Paulo","3515","Metropolitana de São Paulo","35061","São Paulo","20","RM São Paulo","3550308","SÃO PAULO","8915","2","10","0","0","0","0","3","184","2510","33","0","1264","9977","156","133","3","3","4104","4812","27601","21293","1074","499","4693","42","27599","8916","5178","5777","2896","168","261","945","156","1053","36","908","49","914","57","226","1","32665716","800","517","15","0","8","2","0","0","0","0","1","2","0","0","0","8543","294","71","1","0","0","8837","72","0","7","473","400","259","1138"
"3550308005033","35","São Paulo","3515","Metropolitana de São Paulo","35061","São Paulo","20","RM São Paulo","3550308","SÃO PAULO","12973","1","13","1","1","1","0","4","137","5195","49","0","609","18856","197","80","1","9","6216","6775","39870","28485","1897","600","8634","254","39781","12991","7107","7597","4236","659","363","1519","230","1405","31","1556","87","1404","224","326","18","37744784","43670","613","6","9","42","41","0","0","0","0","0","1","0","0","0","12351","26","345","0","0","0","12377","345","0","36","990","1241","521","2787"
"3550308005034","35","São Paulo","3515","Metropolitana de São Paulo","35061","São Paulo","20","RM São Paulo","3550308","SÃO PAULO","8394","2","51","0","0","0","0","0","61","3390","23","0","699","12518","113","41","4","0","4181","4216","25820","18899","1024","442","5429","26","25809","8396","4806","5337","2531","209","195","956","128","706","18","990","54","1064","105","248","2","26078126","1150","508","2","3","15","19","0","0","0","0","0","2","0","0","0","8235","5","124","0","0","0","8240","124","0","0","587","768","262","1618"
"3550308005035","35","São Paulo","3515","Metropolitana de São Paulo","35061","São Paulo","20","RM São Paulo","3550308","SÃO PAULO","13875","19","1704","4","0","1","0","7","47","3422","84","0","6179","13207","395","484","46","16","7126","7041","47773","25633","2488","418","19114","48","46640","14151","8824","11151","5766","558","416","1359","132","1585","32","1696","64","1432","125","355","299","29214124","271232","1095","104","152","849","150","1","4","4","3","16","18","11","6","0","11106","1440","501","52","4","0","12546","553","4","431","1001","1083","524","3038"
"3550308005036","35","São Paulo","3515","Metropolitana de São Paulo","35061","São Paulo","20","RM São Paulo","3550308","SÃO PAULO","15415","3","378","1","0","34","1","2","85","1581","45","0","5921","9797","334","1202","8","7","6726","8743","43428","35933","1130","1076","5252","37","43009","15439","9026","8945","3841","382","266","1282","202","945","19","1070","64","812","107","529","24","82120377","32660","581","9","6","61","21","1","1","1","1","3","3","3","1","1","14708","239","203","265","0","0","14947","468","0","178","456","585","164","1383"
"3550308005037","35","São Paulo","3515","Metropolitana de São Paulo","35061","São Paulo","20","RM São Paulo","3550308","SÃO PAULO","9122","0","165","0","0","17","0","0","36","717","12","0","1790","4674","266","97","0","0","4068","5057","25630","22665","340","1040","1576","9","25543","9125","5650","5966","1966","134","132","785","139","509","4","484","32","310","48","134","3","64132963","2840","371","13","15","24","8","0","0","0","0","0","0","0","0","0","9011","76","35","0","0","0","9087","35","0","0","403","325","22","749"
"3550308005038","35","São Paulo","3515","Metropolitana de São Paulo","35061","São Paulo","20","RM São Paulo","3550308","SÃO PAULO","8197","0","31","0","0","0","0","0","31","1041","30","0","1486","5411","297","47","0","0","3803","4402","22614","19958","349","809","1492","6","22588","8198","4643","4664","1994","138","132","808","122","455","6","567","43","434","45","254","1","51278971","770","395","0","7","0","0","0","0","0","0","0","0","0","0","0","8124","32","41","0","0","0","8156","41","0","25","305","282","40","653"
"3550308005039","35","São Paulo","3515","Metropolitana de São Paulo","35061","São Paulo","20","RM São Paulo","3550308","SÃO PAULO","16894","1","473","0","0","1","1","2","185","3584","70","0","3328","14541","374","156","1","6","7443","9460","49013","42568","875","808","4713","49","48911","16902","10103","10267","4601","348","395","1628","290","1359","45","1239","85","1179","67","314","8","77880237","21770","1292","1","5","81","44","0","0","0","0","0","1","0","0","0","16384","366","127","0","0","0","16750","127","0","36","911","775","223","1945"
"3550308005040","35","São Paulo","3515","Metropolitana de São Paulo","35061","São Paulo","20","RM São Paulo","3550308","SÃO PAULO","15725","2","58","0","0","0","0","3","175","3084","48","0","1980","11657","336","74","4","10","6028","9702","47859","40059","1577","995","5216","12","47628","15726","10013","11113","4848","360","385","1176","298","1437","44","1045","52","735","88","170","1","80127572","1000","1015","12","0","1302","679","0","0","0","0","2","2","1","0","0","15477","64","180","0","0","0","15541","180","0","41","724","795","268","1827"
"3550308005041","35","São Paulo","3515","Metropolitana de São Paulo","35061","São Paulo","20","RM São Paulo","3550308","SÃO PAULO","11758","3","41","0","1","0","1","7","189","2931","37","0","1224","10318","178","46","4","21","5420","6341","35950","28527","1279","1279","4852","13","35876","11761","6943","7221","4055","267","403","1218","233","1361","47","1098","68","953","51","147","3","37031365","856","811","0","0","55","29","0","0","0","0","2","3","0","0","0","11480","26","249","3","0","0","11506","252","0","0","870","630","218","1717"
"3550308005042","35","São Paulo","3515","Metropolitana de São Paulo","35061","São Paulo","20","RM São Paulo","3550308","SÃO PAULO","12625","0","289","1","0","1","0","0","186","1899","49","0","2219","7779","272","511","0","0","5309","7319","38082","30299","1164","1237","5370","7","37395","12627","7745","8369","3592","266","313","997","210","1123","47","803","39","881","100","197","2","56364592","6450","504","4","0","1","0","0","0","0","0","0","0","0","0","0","10964","364","188","104","0","0","11328","292","0","302","654","616","119","1690"
"3550308005043","35","São Paulo","3515","Metropolitana de São Paulo","35061","São Paulo","20","RM São Paulo","3550308","SÃO PAULO","11435","2","495","0","0","1","1","2","194","2523","46","0","2163","10332","280","101","8","2","5007","6437","32918","26268","1245","1696","3668","20","32709","11440","6335","6407","3322","220","281","968","181","949","15","995","53","889","122","431","6","57557429","3990","626","11","0","38","29","0","0","0","0","2","2","0","0","0","10199","1007","139","10","0","0","11206","149","0","129","676","808","77","1690"
"3550308005044","35","São Paulo","3515","Metropolitana de São Paulo","35061","São Paulo","20","RM São Paulo","3550308","SÃO PAULO","13011","3","1248","0","0","21","16","3","163","2018","40","0","2191","8145","282","1011","13","12","5421","7596","39661","27619","1983","4351","5694","14","39612","13016","8066","8811","3805","266","348","1100","235","1211","38","1141","44","967","115","268","5","69176584","9100","638","0","3","33","39","0","0","0","0","1","1","0","0","0","11426","338","98","3","0","0","11764","101","0","431","630","529","208","1798"
"3550308005045","35","São Paulo","3515","Metropolitana de São Paulo","35061","São Paulo","20","RM São Paulo","3550308","SÃO PAULO","8400","0","3","0","0","0","0","0","97","1071","25","0","2631","5466","226","42","0","0","3501","4905","23546","18636","773","2210","1918","9","23519","8406","5095","5101","2075","146","140","585","117","532","13","488","23","440","44","254","6","54841632","18410","234","10","9","6","4","0","0","0","0","0","0","0","0","0","8010","273","112","5","0","0","8283","117","0","0","290","154","12","456"
"3550308005046","35","São Paulo","3515","Metropolitana de São Paulo","35061","São Paulo","20","RM São Paulo","3550308","SÃO PAULO","16767","3","295","0","0","1","0","2","82","977","45","0","2516","9667","693","200","3","5","7316","9463","45057","36727","773","4306","3205","37","44747","16771","9310","9082","3553","217","251","1058","190","727","9","1034","43","783","145","1069","8","161052707","23020","745","4","5","0","0","0","0","0","0","2","2","0","0","0","16095","533","89","46","0","0","16628","135","0","40","522","356","54","972"
"3550308005047","35","São Paulo","3515","Metropolitana de São Paulo","35061","São Paulo","20","RM São Paulo","3550308","SÃO PAULO","16662","0","105","0","0","0","0","0","81","1272","39","0","3033","10204","606","223","0","0","7720","8948","43199","32997","1137","5603","3432","30","43083","16667","9010","8547","3253","213","186","1059","154","708","26","1155","41","746","98","1010","5","130082853","5500","708","0","0","208","31","0","0","0","0","0","0","0","0","0","15932","573","157","0","0","0","16505","157","0","16","527","267","67","876"
"3550308005048","35","São Paulo","3515","Metropolitana de São Paulo","35061","São Paulo","20","RM São Paulo","3550308","SÃO PAULO","15002","0","282","1","0","0","0","2","125","1323","44","0","2400","9727","520","167","0","2","7061","7949","38331","28380","762","6200","2948","41","38235","15009","7970","7044","3053","196","222","1114","183","758","8","1046","39","737","111","581","7","94026752","12830","605","0","2","6","15","0","0","0","0","0","0","0","0","0","14761","61","161","2","0","0","14822","163","0","19","503","557","51","1130"
"3550308005049","35","São Paulo","3515","Metropolitana de São Paulo","35061","São Paulo","20","RM São Paulo","3550308","SÃO PAULO","13650","0","197","0","0","0","0","1","83","280","59","0","1270","6440","1271","186","0","5","5578","8077","34036","30940","350","1016","1708","22","33959","13654","7283","6931","2175","195","107","593","86","323","13","499","21","306","92","390","4","185433162","19100","873","57","3","0","0","0","0","0","0","0","0","0","0","0","13503","123","24","0","0","0","13626","24","0","142","159","156","0","457"
"3550308005050","35","São Paulo","3515","Metropolitana de São Paulo","35061","São Paulo","20","RM São Paulo","3550308","SÃO PAULO","9292","1","279","0","0","0","0","1","79","620","40","0","1624","4972","512","155","7","4","4308","4998","23447","19989","477","647","2300","10","23199","9294","4758","4097","1889","131","135","537","62","442","10","519","11","366","60","530","2","95038487","3600","701","0","0","3","0","0","0","0","0","0","1","0","0","0","9083","10","90","0","0","0","9093","90","0","143","199","118","27","486"
"3550308005051","35","São Paulo","3515","Metropolitana de São Paulo","35061","São Paulo","20","RM São Paulo","3550308","SÃO PAULO","9612","0","26","0","0","0","0","0","6","88","12","0","969","4975","630","44","0","0","4695","4938","20951","19169","263","441","1067","11","20839","9613","4261","3176","1615","88","43","372","47","217","0","325","9","198","53","327","1","103735868","0","737","7","0","589","148","0","0","0","0","0","0","0","0","0","9579","14","18","1","0","0","9593","19","0","22","74","42","0","138"
"3550308005052","35","São Paulo","3515","Metropolitana de São Paulo","35061","São Paulo","20","RM São Paulo","3550308","SÃO PAULO","8810","0","29","0","0","0","0","0","16","251","9","0","1003","5870","459","45","0","0","4518","4298","19795","16652","426","1028","1667","15","19687","8810","3724","2732","1555","108","52","448","50","274","7","521","18","342","94","758","0","66332586","0","359","12","2","3","2","0","0","0","0","0","0","0","0","0","8741","6","52","0","0","0","8747","52","0","23","97","224","46","390"
"3550308005053","35","São Paulo","3515","Metropolitana de São Paulo","35061","São Paulo","20","RM São Paulo","3550308","SÃO PAULO","9107","0","230","0","0","1","0","0","54","730","60","0","744","5655","555","83","0","0","4004","5109","23497","19990","583","960","1959","5","23327","9112","4508","3950","2073","157","122","443","56","371","7","455","21","345","111","538","5","100892089","6450","643","0","0","10","8","0","0","0","0","0","0","0","0","0","8979","5","119","0","0","0","8984","119","0","58","191","168","26","444"
"3550308005054","35","São Paulo","3515","Metropolitana de São Paulo","35061","São Paulo","20","RM São Paulo","3550308","SÃO PAULO","9166","0","452","0","0","0","0","1","23","551","16","0","680","5605","448","76","0","3","4444","4730","22072","18688","642","753","1966","23","21973","9174","4377","3587","1826","116","103","429","53","418","25","475","17","351","61","588","8","74284189","26056","1001","0","0","217","90","0","0","0","0","0","0","0","0","0","8984","13","44","1","0","0","8997","45","0","122","214","165","19","519"
"3550308005055","35","São Paulo","3515","Metropolitana de São Paulo","35061","São Paulo","20","RM São Paulo","3550308","SÃO PAULO","11987","0","153","0","0","0","1","1","25","458","27","0","2011","6192","496","46","0","3","5324","6683","30428","27343","460","810","1796","19","30308","11990","6630","5981","2391","192","119","710","119","389","19","598","25","377","67","401","3","107350950","11201","493","4","1","4","1","0","0","0","0","0","0","0","0","0","11541","282","131","4","0","0","11823","135","0","0","219","153","29","400"
"3550308005056","35","São Paulo","3515","Metropolitana de São Paulo","35061","São Paulo","20","RM São Paulo","3550308","SÃO PAULO","11756","1","61","0","0","0","0","2","54","568","21","0","1517","6166","512","48","1","3","5933","5829","29460","26190","635","892","1701","42","29346","11760","6010","5249","2285","150","91","886","97","440","15","784","43","461","84","677","4","98747805","7100","525","141","0","88","33","0","0","0","0","0","1","0","0","0","11457","261","38","0","0","0","11718","38","0","0","252","55","0","307"
"3550308005057","35","São Paulo","3515","Metropolitana de São Paulo","35061","São Paulo","20","RM São Paulo","3550308","SÃO PAULO","10256","1","44","0","0","0","0","0","88","1436","14","0","1832","7267","223","104","2","0","4522","5747","26444","21895","875","557","3092","25","26319","10261","5515","4811","2208","175","175","650","81","554","20","697","39","463","60","493","5","65399546","12310","325","0","1","0","0","0","0","0","0","0","1","0","0","0","9082","834","329","4","0","0","9916","333","0","17","236","190","117","559"
"3550308005058","35","São Paulo","3515","Metropolitana de São Paulo","35061","São Paulo","20","RM São Paulo","3550308","SÃO PAULO","10768","3","334","0","0","0","0","2","62","1149","56","0","2343","8040","402","91","5","5","4955","5859","29203","24794","728","780","2867","34","28968","10803","5791","5484","2682","204","219","783","134","720","13","738","32","584","90","558","35","64032313","59571","439","14","10","1","1","0","0","0","0","0","3","0","0","0","10245","254","109","1","0","0","10499","110","0","65","474","397","51","986"
"3550308005059","35","São Paulo","3515","Metropolitana de São Paulo","35061","São Paulo","20","RM São Paulo","3550308","SÃO PAULO","13317","2","43","0","0","0","0","0","158","1606","57","0","2159","7802","488","80","4","0","5843","7518","36536","32113","684","987","2732","20","35938","13356","7631","7152","2864","223","241","1123","222","786","22","887","45","696","77","408","39","97242767","50857","645","1","0","0","0","0","0","0","0","0","2","0","0","0","12679","350","286","1","0","0","13029","287","0","49","551","385","64","1049"
"3550308005060","35","São Paulo","3515","Metropolitana de São Paulo","35061","São Paulo","20","RM São Paulo","3550308","SÃO PAULO","12103","3","518","0","0","0","1","3","446","3430","39","0","2267","12222","145","281","5","9","5401","6715","40637","24771","4964","511","10334","57","40540","12116","7246","8680","5045","514","490","1022","193","2046","71","1312","52","1385","152","249","13","33655607","46880","384","0","1","263","131","0","0","0","0","2","3","2","0","0","11268","137","386","1","0","0","11405","387","0","31","1418","678","266","2393"
"3550308005061","35","São Paulo","3515","Metropolitana de São Paulo","35061","São Paulo","20","RM São Paulo","3550308","SÃO PAULO","12758","10","1543","0","0","23","0","2","156","2471","35","1","5089","9477","139","464","23","4","5800","6966","39592","27951","3060","574","7972","35","39574","12766","7570","8383","4661","405","408","1047","188","1647","45","1058","51","947","106","246","8","43124317","8360","433","23","8","41","40","0","0","0","0","1","2","2","0","0","11354","702","227","21","0","0","12056","248","0","0","878","617","234","1730"
"3550308005062","35","São Paulo","3515","Metropolitana de São Paulo","35061","São Paulo","20","RM São Paulo","3550308","SÃO PAULO","16307","13","99","0","0","12","0","7","127","4656","77","0","1566","17628","306","231","38","11","7310","9009","53129","31964","5843","2797","12405","114","53001","16317","9507","11102","6263","462","595","1482","267","2361","93","1783","81","1992","173","413","10","48854179","13632","1088","11","1","82","30","0","0","0","1","2","13","3","0","2","15119","693","390","27","0","0","15812","417","0","21","1515","955","542","3032"
"3550308005063","35","São Paulo","3515","Metropolitana de São Paulo","35061","São Paulo","20","RM São Paulo","3550308","SÃO PAULO","13341","0","787","0","0","0","3","1","70","916","34","0","2417","8086","464","170","0","8","5937","7412","36015","30919","833","1324","2908","28","35929","13347","7429","7240","3355","236","227","997","189","740","24","803","36","602","98","363","6","86969334","8930","670","0","3","23","10","0","0","0","0","0","0","0","0","0","13005","128","139","54","0","0","13133","193","0","18","479","337","32","866"
"3550308005064","35","São Paulo","3515","Metropolitana de São Paulo","35061","São Paulo","20","RM São Paulo","3550308","SÃO PAULO","11552","9","647","1","0","0","0","2","108","1252","81","1","3642","8867","699","898","25","6","5666","5914","36061","26868","1372","1068","4758","43","32904","11573","6387","6762","3124","235","209","1121","174","874","38","931","43","792","98","404","22","57980629","44859","437","229","15","676","61","2","0","2","2","2","9","3","0","0","11283","42","100","4","0","0","11325","104","0","63","390","455","63","972"
"3550308005065","35","São Paulo","3515","Metropolitana de São Paulo","35061","São Paulo","20","RM São Paulo","3550308","SÃO PAULO","16082","2","361","0","0","0","0","2","163","2166","49","0","2569","11388","556","182","6","4","7007","9092","46721","38882","1515","1498","4785","41","46547","16091","9416","10254","4684","272","358","1091","253","1311","42","997","49","974","113","401","9","94645384","15810","762","63","3","42","19","0","0","0","0","2","2","2","0","0","15605","19","453","0","0","0","15624","453","0","20","479","594","96","1189"
"3550308005066","35","São Paulo","3515","Metropolitana de São Paulo","35061","São Paulo","20","RM São Paulo","3550308","SÃO PAULO","11754","1","45","1","0","1","1","2","260","2728","32","0","1478","10940","160","123","1","6","5166","6592","35694","27915","1557","1031","5152","27","35500","11758","6700","7017","4053","319","401","1052","169","1373","44","1035","44","1082","81","299","8","43912192","10280","459","3","6","50","27","0","0","0","0","0","1","0","0","0","11160","20","569","1","0","0","11180","570","0","13","878","645","116","1652"
"3550308005067","35","São Paulo","3515","Metropolitana de São Paulo","35061","São Paulo","20","RM São Paulo","3550308","SÃO PAULO","14527","3","255","2","0","0","0","5","223","4436","29","0","1235","16275","110","227","6","11","6960","7567","46467","32249","2796","734","10607","80","46417","14527","8408","9975","5305","417","535","1322","236","2063","69","1507","89","1429","172","302","0","38676395","0","733","24","19","512","248","0","0","0","0","3","3","1","0","0","12669","219","1213","14","0","0","12888","1227","0","25","1055","932","483","2494"
"3550308005068","35","São Paulo","3515","Metropolitana de São Paulo","35061","São Paulo","20","RM São Paulo","3550308","SÃO PAULO","10526","2","375","0","0","0","1","3","82","2975","21","1","666","10334","86","79","2","21","5117","5400","34191","21969","2296","423","9362","45","34073","10507","6196","7324","4117","264","370","1038","178","1584","52","1083","44","1008","115","172","5","25439265","8995","755","6","6","37","20","0","0","0","0","0","2","0","0","0","9529","445","288","3","1","0","9974","291","1","69","903","740","241","1952"
"3550308005069","35","São Paulo","3515","Metropolitana de São Paulo","35061","São Paulo","20","RM São Paulo","3550308","SÃO PAULO","14852","5","3","0","0","0","1","7","134","4661","37","0","550","16975","127","537","13","32","7134","7725","49261","29531","3829","513","15308","80","49250","14859","8607","10061","6621","458","569","1287","175","2433","79","1614","75","1774","137","466","7","29853884","8684","763","69","39","0","0","0","0","0","0","2","4","2","0","0","12964","1159","324","12","0","0","14123","336","0","60","1602","1456","447","3565"
"3550308005070","35","São Paulo","3515","Metropolitana de São Paulo","35061","São Paulo","20","RM São Paulo","3550308","SÃO PAULO","15925","2","353","7","0","10","4","1","436","3776","58","1","4504","13955","252","128","5","6","7301","8638","52359","36351","3398","768","11802","40","51917","15939","9416","10829","6268","514","676","1519","265","2428","82","1773","58","1647","150","305","14","44656249","17695","1023","46","4","200","63","0","0","0","1","1","2","1","0","0","14304","797","586","83","1","0","15101","669","1","83","1536","706","302","2626"
"3550308005071","35","São Paulo","3515","Metropolitana de São Paulo","35061","São Paulo","20","RM São Paulo","3550308","SÃO PAULO","10643","3","776","0","0","1","0","1","146","2505","54","0","3019","10045","233","1093","10","6","4667","5985","33298","23637","1479","503","7649","30","33160","10650","6088","6721","3887","373","360","921","157","1226","37","1073","41","1060","139","383","7","31693641","15824","635","19","0","290","5","0","0","0","0","2","2","1","0","0","9747","317","383","31","0","0","10064","414","0","186","753","749","62","1749"
"3550308005072","35","São Paulo","3515","Metropolitana de São Paulo","35061","São Paulo","20","RM São Paulo","3550308","SÃO PAULO","9201","8","469","3","0","0","0","8","113","2228","17","2","1267","7910","60","58","26","26","4072","5118","30678","18596","2076","334","9493","95","30572","9174","5710","6997","3471","308","268","880","153","1165","38","1011","29","1032","59","261","3","20179133","1560","616","23","172","1247","422","0","0","1","1","0","4","3","2","0","6860","545","989","455","1","0","7405","1444","1","0","687","515","260","1461"
"3550308005073","35","São Paulo","3515","Metropolitana de São Paulo","35061","São Paulo","20","RM São Paulo","3550308","SÃO PAULO","8460","0","139","0","0","0","0","2","137","1676","32","0","2256","6385","113","93","0","12","3971","4493","27020","18315","1940","371","6355","39","26986","8464","5210","6018","3042","220","261","739","136","1116","38","735","49","700","78","166","4","23854300","1510","317","20","1","132","41","0","0","0","0","0","0","0","0","0","7338","915","156","43","0","0","8253","199","0","0","628","361","148","1137"
"3550308005074","35","São Paulo","3515","Metropolitana de São Paulo","35061","São Paulo","20","RM São Paulo","3550308","SÃO PAULO","13366","7","223","1","0","0","0","2","243","2990","40","0","2311","10772","176","85","21","7","5562","7811","39714","31125","1879","808","5854","48","39571","13373","7935","8382","4093","309","359","1138","222","1421","38","980","50","911","122","212","7","45496171","10910","524","2","1","15","5","0","0","0","0","5","7","2","0","0","12966","320","70","4","0","0","13286","74","0","0","663","704","169","1535"
"3550308005075","35","São Paulo","3515","Metropolitana de São Paulo","35061","São Paulo","20","RM São Paulo","3550308","SÃO PAULO","9176","3","4","2","0","0","0","3","203","2143","36","1","1822","7383","154","59","7","3","3902","5281","28172","21082","1613","964","4490","23","28033","9183","5468","6151","3044","267","278","776","163","1057","44","680","24","681","56","148","7","31498511","8730","383","18","11","4","0","0","0","0","0","2","3","0","0","0","8900","237","37","1","1","0","9137","38","1","41","560","571","174","1347"
"3550308005076","35","São Paulo","3515","Metropolitana de São Paulo","35061","São Paulo","20","RM São Paulo","3550308","SÃO PAULO","15919","2","182","0","0","5","0","5","318","3551","60","0","2294","12409","218","159","3","12","7129","8796","50191","35669","3608","1491","9385","38","50074","15924","9417","11032","5657","515","555","1470","262","2124","58","1427","67","1179","145","211","5","47585829","6260","652","31","17","35","15","0","0","0","0","2","2","0","0","0","14819","1014","64","22","0","0","15833","86","0","56","1064","898","272","2291"
"3550308005077","35","São Paulo","3515","Metropolitana de São Paulo","35061","São Paulo","20","RM São Paulo","3550308","SÃO PAULO","13789","2","462","0","0","3","0","5","116","2387","38","0","3074","9561","211","321","6","16","5519","8278","41765","32763","1510","2097","5347","48","41606","13797","8506","9166","4428","368","383","1033","249","1313","38","943","36","919","50","301","8","59961491","10532","621","17","0","154","16","0","0","0","0","1","2","1","0","0","12391","1036","326","36","0","0","13427","362","0","35","644","534","247","1460"
"3550308005078","35","São Paulo","3515","Metropolitana de São Paulo","35061","São Paulo","20","RM São Paulo","3550308","SÃO PAULO","13326","2","272","1","0","0","0","1","219","3173","59","0","1605","11182","243","153","6","1","5580","7751","41516","30052","1968","3876","5590","30","41288","13330","7939","9184","4062","323","494","1298","298","1573","49","1194","69","1115","104","209","4","42848827","5200","798","3","1","32","6","0","0","0","0","1","2","1","0","0","12304","822","158","8","0","0","13126","166","0","23","875","652","171","1721"
"3550308005079","35","São Paulo","3515","Metropolitana de São Paulo","35061","São Paulo","20","RM São Paulo","3550308","SÃO PAULO","14687","4","19","0","1","4","0","7","152","3409","69","0","1718","12575","247","156","8","18","6144","8550","46940","33742","2439","606","10136","17","46904","14694","9067","10434","5752","373","579","1025","245","2143","67","1124","63","1097","81","134","7","39151372","7420","848","13","7","60","33","0","0","0","0","1","4","1","0","0","13832","380","317","0","0","0","14212","317","0","0","1108","693","391","2192"
"3550308005080","35","São Paulo","3515","Metropolitana de São Paulo","35061","São Paulo","20","RM São Paulo","3550308","SÃO PAULO","14196","0","51","0","0","1","0","0","235","2431","59","0","3263","9055","219","83","0","0","5578","8624","43896","34728","1640","1020","6480","28","43870","14201","9006","10262","4457","357","452","1050","223","1652","43","955","42","889","119","148","5","43862567","4120","536","4","9","15","6","0","0","0","0","0","0","0","0","0","13496","368","99","2","0","0","13864","101","0","23","800","442","174","1439"
"3550308005081","35","São Paulo","3515","Metropolitana de São Paulo","35061","São Paulo","20","RM São Paulo","3550308","SÃO PAULO","9329","5","6","0","0","0","0","1","139","2285","42","0","1029","7645","145","55","10","3","3634","5702","28503","21858","1162","904","4569","10","28468","9336","5783","6447","2695","261","298","718","152","1121","39","741","24","679","58","112","7","26346404","8040","500","5","1","42","7","0","0","0","0","1","5","1","0","0","8061","878","94","2","0","0","8939","96","0","51","755","444","157","1408"
"3550308005082","35","São Paulo","3515","Metropolitana de São Paulo","35061","São Paulo","20","RM São Paulo","3550308","SÃO PAULO","9652","2","2","0","0","0","0","1","101","3100","32","0","475","11059","135","87","7","2","3654","6001","29414","22918","1085","490","4911","10","29301","9655","5887","6808","2791","239","279","711","180","1018","27","790","42","684","37","145","3","26999936","1000","561","1","4","7","3","0","0","0","0","1","2","0","0","0","8136","909","594","13","0","0","9045","607","0","0","557","900","377","1833"
"3550308005083","35","São Paulo","3515","Metropolitana de São Paulo","35061","São Paulo","20","RM São Paulo","3550308","SÃO PAULO","12430","0","410","0","1","1","0","1","151","2948","23","0","3599","10576","145","235","0","4","5562","6868","36746","28778","1146","716","6097","9","36710","12430","7463","7950","3663","278","318","1039","196","1105","30","1019","49","802","77","234","0","40326648","0","723","0","11","283","65","0","0","0","0","0","0","0","0","0","11154","640","292","2","0","0","11794","294","0","0","811","775","277","1863"
"3550308005084","35","São Paulo","3515","Metropolitana de São Paulo","35061","São Paulo","20","RM São Paulo","3550308","SÃO PAULO","15000","4","2149","2","1","2","0","4","108","2679","42","0","7715","12045","250","1957","13","12","7121","7897","45048","30498","2252","876","11380","42","44913","15016","8567","9220","4921","541","298","1247","183","1214","32","1566","30","1453","119","440","16","52311559","19357","813","70","44","178","60","0","0","0","1","1","3","1","0","2","11491","1036","152","24","0","0","12527","176","0","167","747","714","248","1875"
"3550308005085","35","São Paulo","3515","Metropolitana de São Paulo","35061","São Paulo","20","RM São Paulo","3550308","SÃO PAULO","15380","1","802","1","0","0","0","1","212","3813","66","0","4567","13986","270","83","4","2","7073","8316","44153","33761","1751","1537","7075","29","44087","15385","9000","8617","4371","306","376","1490","236","1291","51","1331","84","1188","52","263","5","54333636","8209","541","230","6","33","6","0","0","0","0","1","1","0","0","0","14409","894","73","4","0","0","15303","77","0","19","874","1090","249","2231"
"3550308005086","35","São Paulo","3515","Metropolitana de São Paulo","35061","São Paulo","20","RM São Paulo","3550308","SÃO PAULO","13477","12","1764","0","0","9","0","3","67","3005","12","0","4007","11006","54","146","23","7","6217","7280","45770","22945","2772","209","19789","55","45700","13497","8559","10877","5647","696","394","864","83","1663","25","1534","35","1414","130","311","20","21965790","21366","704","72","2","3","1","1","0","0","1","2","2","1","0","1","3578","626","219","30","0","0","4204","249","0","30","967","928","435","2361"
"3550308005087","35","São Paulo","3515","Metropolitana de São Paulo","35061","São Paulo","20","RM São Paulo","3550308","SÃO PAULO","11537","1","959","0","0","1","0","3","206","2532","26","0","2425","9299","117","78","1","4","4737","6800","35461","25423","1732","790","7464","52","35449","11537","7451","8294","3462","476","317","801","186","1125","34","792","23","673","94","151","0","35776879","0","316","95","16","29","30","0","0","0","0","0","1","1","0","0","10191","368","351","126","0","0","10559","477","0","0","768","733","216","1717"
"3550308005088","35","São Paulo","3515","Metropolitana de São Paulo","35061","São Paulo","20","RM São Paulo","3550308","SÃO PAULO","8996","0","857","0","0","0","0","1","78","1818","36","0","2940","6859","148","563","0","5","4065","4932","28355","18714","1748","802","7072","19","28352","8997","5462","6359","3447","227","263","684","125","1065","22","786","30","643","32","176","1","24822657","3010","648","2","3","188","91","0","0","0","0","0","0","0","0","0","7938","218","346","40","0","0","8156","386","0","23","634","415","175","1247"
"3550308005089","35","São Paulo","3515","Metropolitana de São Paulo","35061","São Paulo","20","RM São Paulo","3550308","SÃO PAULO","13058","5","613","1","0","1","6","3","329","1749","16","1","7001","7982","121","701","6","9","6398","6660","40935","24342","3213","690","12651","39","40931","13058","7977","9245","4738","532","297","1202","136","1263","22","1289","50","834","45","230","0","35256672","0","704","3","1","98","29","0","0","0","0","1","3","0","0","0","10352","442","916","11","1","0","10794","927","1","132","701","498","104","1435"
"3550308005090","35","São Paulo","3515","Metropolitana de São Paulo","35061","São Paulo","20","RM São Paulo","3550308","SÃO PAULO","8794","5","232","0","0","0","7","10","148","1469","25","1","3054","5749","99","397","14","33","3671","5124","27364","20200","1030","610","5498","26","27363","8795","5807","6691","2619","316","208","677","116","774","21","639","22","506","27","122","1","30512781","1300","403","23","6","42","43","0","0","0","0","1","2","0","0","0","7666","414","220","50","0","0","8080","270","0","62","544","341","209","1155"
"3550308005091","35","São Paulo","3515","Metropolitana de São Paulo","35061","São Paulo","20","RM São Paulo","3550308","SÃO PAULO","14132","5","85","0","0","0","0","1","131","3930","62","0","1729","15410","275","888","10","1","6226","7922","45840","27278","3280","2039","13210","33","45733","14148","8261","9927","5594","387","578","1185","218","2018","77","1389","51","1448","127","305","16","37973139","37490","569","10","5","203","175","0","0","0","0","4","5","2","0","0","13043","321","426","28","0","0","13364","454","0","85","1215","1101","523","2924"
"3550308005092","35","São Paulo","3515","Metropolitana de São Paulo","35061","São Paulo","20","RM São Paulo","3550308","SÃO PAULO","8253","0","748","0","0","0","2","0","51","841","15","0","2526","5366","277","110","0","0","3911","4345","22325","15753","672","3702","2192","6","22274","8256","4647","4509","1861","146","109","674","91","404","10","626","16","483","46","332","3","53530661","2000","266","0","0","547","89","0","0","0","0","0","0","0","0","0","8136","10","106","1","0","0","8146","107","0","0","269","184","45","499"
"3550308005093","35","São Paulo","3515","Metropolitana de São Paulo","35061","São Paulo","20","RM São Paulo","3550308","SÃO PAULO","13322","0","198","0","0","0","0","2","140","2235","39","0","2412","10088","282","250","0","2","5970","7360","37553","25628","1976","4230","5687","32","37382","13329","7430","7309","3455","298","298","1144","186","1072","40","1129","61","969","114","487","7","64806770","11860","500","1","0","57","18","0","0","0","0","0","0","0","0","0","12341","558","103","2","0","0","12899","105","0","21","606","355","194","1175"
"3550308005094","35","São Paulo","3515","Metropolitana de São Paulo","35061","São Paulo","20","RM São Paulo","3550308","SÃO PAULO","9361","0","246","0","0","2","0","0","160","1060","24","0","1023","5414","191","100","0","0","4163","5202","26925","21587","725","2201","2348","27","26814","9361","5293","5342","2525","183","261","788","150","766","16","718","28","569","103","350","3","57571140","3190","808","0","0","1","0","0","0","0","0","0","0","0","0","0","8682","225","43","1","0","0","8907","44","0","12","472","201","76","760"
"3550308005095","35","São Paulo","3515","Metropolitana de São Paulo","35061","São Paulo","20","RM São Paulo","3550308","SÃO PAULO","10473","6","65","0","0","0","0","2","99","1782","37","0","2111","8386","228","294","13","5","4740","5738","31466","18679","2198","1743","8833","13","31396","10476","5982","6501","3625","372","302","721","107","1101","42","917","37","849","64","271","3","36119990","3850","501","10","0","48","23","0","0","1","1","1","2","0","1","2","8674","468","424","114","0","0","9142","538","0","34","605","448","186","1273"
"3550308005096","35","São Paulo","3515","Metropolitana de São Paulo","35061","São Paulo","20","RM São Paulo","3550308","SÃO PAULO","10234","0","206","0","0","0","0","2","128","1053","31","0","2505","6453","294","410","0","4","4862","5377","28904","21828","1133","1129","4801","13","28810","10239","6127","6206","2707","235","207","703","109","738","37","593","39","537","59","224","5","69607557","4960","319","3","3","2","0","0","0","0","0","0","0","0","0","0","9057","387","266","2","0","0","9444","268","0","0","508","445","100","1053"
"3550308005097","35","São Paulo","3515","Metropolitana de São Paulo","35061","São Paulo","20","RM São Paulo","3550308","SÃO PAULO","9603","4","1476","0","1","24","24","2","103","1528","36","48","1329","6307","192","1371","7","7","4652","4962","30463","16858","2261","925","10357","58","30417","9614","5327","6336","4028","283","263","714","113","1293","39","1026","36","893","66","381","11","27663322","15980","536","18","20","191","37","0","1","1","1","1","1","1","0","0","6368","234","742","89","0","1","6602","831","1","376","771","551","69","1767"
"3550308005098","35","São Paulo","3515","Metropolitana de São Paulo","35061","São Paulo","20","RM São Paulo","3550308","SÃO PAULO","12499","0","422","1","0","1","0","1","37","77","7","0","1374","6830","633","98","0","2","5612","6887","28709","26094","242","1105","1253","15","28699","12499","6301","5332","1935","181","56","544","73","228","3","421","18","265","49","378","0","136719709","0","871","0","0","0","0","0","0","0","0","0","0","0","0","0","12466","0","33","0","0","0","12466","33","0","0","182","46","0","229"
"3550308005099","35","São Paulo","3515","Metropolitana de São Paulo","35061","São Paulo","20","RM São Paulo","3550308","SÃO PAULO","8672","3","507","0","0","2","0","0","47","207","15","0","1011","4334","446","72","3","0","3803","4872","20623","18516","205","794","1096","12","20565","8672","4340","3796","1536","136","62","378","64","250","3","348","18","221","41","336","0","89677541","0","664","3","0","0","0","0","0","0","0","3","3","0","0","0","8569","57","39","3","0","0","8626","42","0","39","130","61","0","231"
"3550308005100","35","São Paulo","3515","Metropolitana de São Paulo","35061","São Paulo","20","RM São Paulo","3550308","SÃO PAULO","14369","2","831","1","0","0","0","1","215","1267","63","1","2186","7156","647","759","4","7","6153","8227","39717","32475","1060","1813","4340","29","39434","14373","8032","7787","3809","266","261","934","153","945","15","767","51","610","188","878","4","107838733","14500","855","8","17","416","57","0","0","0","1","0","2","1","0","0","13544","75","333","2","1","0","13619","335","1","242","424","143","0","810"
"3550308005101","35","São Paulo","3515","Metropolitana de São Paulo","35061","São Paulo","20","RM São Paulo","3550308","SÃO PAULO","9680","2","442","0","0","1","0","2","78","380","45","0","1862","3782","524","338","3","3","4010","5676","26035","22511","382","885","2248","9","25915","9682","5665","5530","2243","204","129","416","102","411","6","386","17","279","40","318","2","103334687","1300","813","6","2","129","7","0","2","2","2","2","2","2","2","2","9332","147","83","9","0","0","9479","92","0","58","234","17","0","309"
"3550308005102","35","São Paulo","3515","Metropolitana de São Paulo","35061","São Paulo","20","RM São Paulo","3550308","SÃO PAULO","9382","0","100","0","0","0","1","0","16","276","25","0","1211","5496","348","86","0","0","4464","4921","20548","18641","249","623","1029","5","20499","9385","3917","2743","1669","92","78","437","59","259","14","463","13","274","53","734","3","78935168","3500","632","0","0","0","0","0","0","0","0","0","0","0","0","0","9230","126","25","0","0","0","9356","25","0","12","73","76","0","160"
"3550308005103","35","São Paulo","3515","Metropolitana de São Paulo","35061","São Paulo","20","RM São Paulo","3550308","SÃO PAULO","10944","2","263","0","0","0","0","1","94","901","42","0","1997","5783","388","70","3","1","5095","5859","27624","24422","361","922","1895","11","27453","10952","5964","5282","2124","158","119","652","95","457","12","536","31","332","116","336","11","100799173","44864","660","13","8","0","0","0","0","0","0","0","2","0","0","1","10823","22","96","0","0","0","10845","96","0","21","132","162","9","323"
"3550308005104","35","São Paulo","3515","Metropolitana de São Paulo","35061","São Paulo","20","RM São Paulo","3550308","SÃO PAULO","15448","6","1980","1","0","13","0","1","108","602","80","1","4533","5508","724","262","12","5","6223","9225","46957","36162","1884","1173","7284","403","46655","15444","9636","10515","4583","488","251","703","132","890","25","725","28","667","105","302","11","189313405","15500","1154","133","13","41","15","1","0","0","1","1","1","0","1","1","12928","95","208","1","1","0","13023","209","1","552","524","219","49","1344"
"3550308005105","35","São Paulo","3515","Metropolitana de São Paulo","35061","São Paulo","20","RM São Paulo","3550308","SÃO PAULO","9379","0","261","0","0","0","0","4","178","1045","45","0","1319","5215","351","139","0","12","4113","5308","27284","21603","1182","1533","2934","32","25841","9384","4834","4759","2354","156","206","604","123","716","22","682","35","510","82","1044","5","61660595","6470","369","4","1","40","33","0","0","0","0","0","0","0","0","0","9126","71","78","1","0","0","9197","79","0","23","384","228","68","703"
"3550308005106","35","São Paulo","3515","Metropolitana de São Paulo","35061","São Paulo","20","RM São Paulo","3550308","SÃO PAULO","15408","0","655","0","0","0","0","0","134","1075","56","0","1777","7112","579","97","0","0","6364","9048","43117","38262","860","1361","2615","19","42683","15411","9097","9035","3494","268","239","759","150","777","33","669","26","511","100","539","3","170039733","1615","921","0","0","31","7","0","0","0","0","0","0","0","0","0","15268","14","109","0","0","0","15282","109","0","0","343","184","113","640"
"3550308005107","35","São Paulo","3515","Metropolitana de São Paulo","35061","São Paulo","20","RM São Paulo","3550308","SÃO PAULO","13589","3","329","0","0","0","0","6","51","1090","38","0","4797","6887","324","55","5","13","5248","8377","39485","32124","968","1550","4720","31","37852","13621","8473","8484","3211","268","229","686","180","673","16","617","33","597","101","501","32","115950354","34578","517","2","1","9","0","0","0","0","0","0","0","0","0","0","12597","372","63","6","0","0","12969","69","0","233","419","213","20","884"
"3550308005108","35","São Paulo","3515","Metropolitana de São Paulo","35061","São Paulo","20","RM São Paulo","3550308","SÃO PAULO","16254","5","1941","2","0","6","0","2","190","2162","55","0","8682","9293","279","955","10","7","7538","8719","49487","30480","2582","1802","14528","95","49418","16257","9672","10670","5747","507","378","1176","177","1473","34","1343","49","1228","77","586","3","59723486","4280","522","1","1","66","26","0","0","0","0","1","1","0","0","0","11149","733","601","1","0","0","11882","602","0","268","859","528","109","1765"
"3550308005109","35","São Paulo","3515","Metropolitana de São Paulo","35061","São Paulo","20","RM São Paulo","3550308","SÃO PAULO","7935","2","72","1","0","0","0","0","91","2135","112","0","1001","7046","368","166","2","0","3380","4558","24895","18185","1156","261","5277","16","24865","7938","4896","5575","2623","272","302","642","131","987","35","574","29","639","48","165","3","24364649","7400","469","12","10","102","34","0","0","0","0","0","2","0","0","0","6875","869","187","4","0","0","7744","191","0","46","639","273","206","1164"
"3550308005110","35","São Paulo","3515","Metropolitana de São Paulo","35061","São Paulo","20","RM São Paulo","3550308","SÃO PAULO","16076","3","140","1","0","0","0","1","245","3005","59","0","3135","10775","258","449","6","1","6971","9112","48887","37313","2208","705","8632","29","48804","16080","9904","10740","4942","506","533","1346","282","1599","41","1198","73","1090","107","286","4","58912281","4820","800","16","25","57","18","0","0","0","0","2","3","0","0","0","14741","149","726","48","0","0","14890","774","0","37","1112","652","181","1983"
"3550308005111","35","São Paulo","3515","Metropolitana de São Paulo","35061","São Paulo","20","RM São Paulo","3550308","SÃO PAULO","10541","6","116","2","0","1","3","7","117","2479","52","2","571","8085","187","901","17","26","4688","5856","35956","19435","2197","186","14115","12","35875","10542","6879","9168","3737","517","384","871","107","1316","39","1055","42","970","90","123","4","19985116","3300","795","54","63","909","315","0","0","0","0","4","6","3","3","3","6661","850","1455","492","2","0","7511","1947","2","126","877","518","295","1816"
"3550308005112","35","São Paulo","3515","Metropolitana de São Paulo","35061","São Paulo","20","RM São Paulo","3550308","SÃO PAULO","8811","2","191","0","0","7","0","2","148","1865","26","0","2044","6738","141","96","2","5","4033","4781","26713","19527","1181","246","5731","28","26688","8814","5185","5675","3030","325","241","725","122","965","34","685","37","603","36","183","3","28160054","8440","358","5","3","21","5","0","0","0","0","1","2","0","0","0","8297","155","159","6","0","0","8452","165","0","46","582","445","86","1159"
"3550308005113","35","São Paulo","3515","Metropolitana de São Paulo","35061","São Paulo","20","RM São Paulo","3550308","SÃO PAULO","11323","0","87","1","0","0","0","4","450","1830","40","0","3959","6687","161","338","0","13","4399","6926","35280","24681","1870","615","8098","16","35231","11325","7257","8399","3842","511","309","624","139","1162","44","661","35","697","29","153","2","38380813","1300","408","20","16","225","61","0","0","0","0","0","0","0","0","0","10040","402","497","43","0","0","10442","540","0","26","532","430","179","1168"
"3550308005114","35","São Paulo","3515","Metropolitana de São Paulo","35061","São Paulo","20","RM São Paulo","3550308","SÃO PAULO","11674","1","353","0","0","0","0","1","143","2560","49","0","607","8611","187","402","4","1","4988","6688","38688","23668","2472","302","12209","37","38683","11676","7136","8773","4802","485","490","867","158","1877","63","996","40","966","91","193","2","27403133","3000","828","17","36","137","34","0","0","0","0","1","1","0","0","0","9285","1323","411","211","0","0","10608","622","0","131","1269","475","218","2093"
"3550308005115","35","São Paulo","3515","Metropolitana de São Paulo","35061","São Paulo","20","RM São Paulo","3550308","SÃO PAULO","11916","9","62","0","0","19","0","4","133","3147","68","0","792","10120","235","207","23","11","5036","6886","39066","22979","2621","210","13243","13","39043","11921","7383","9374","4701","480","421","701","156","1755","60","888","31","886","56","211","5","24699888","3392","815","27","11","128","16","0","0","0","0","6","7","4","0","1","9206","835","237","137","0","0","10041","374","0","38","897","783","392","2111"
"3550308005116","35","São Paulo","3515","Metropolitana de São Paulo","35061","São Paulo","20","RM São Paulo","3550308","SÃO PAULO","14643","10","121","0","0","1","0","4","221","2853","38","0","3175","10666","196","133","35","6","6506","8142","44335","32414","2580","482","8828","31","44251","14646","8762","9828","4610","393","437","1243","204","1581","34","1146","47","987","80","203","3","50610534","1600","465","4","0","55","15","0","0","0","4","4","10","1","0","0","14163","57","184","0","0","0","14220","184","0","20","904","571","164","1658"
"3550308005117","35","São Paulo","3515","Metropolitana de São Paulo","35061","São Paulo","20","RM São Paulo","3550308","SÃO PAULO","9815","1","279","0","0","0","0","2","156","2139","35","0","2925","8159","172","113","1","4","4191","5629","29985","23453","1229","442","4829","32","29879","9820","5997","6609","3392","281","271","683","151","1014","34","690","30","647","50","163","5","36803392","7210","418","0","0","28","18","0","0","0","0","0","1","0","0","0","9514","258","43","0","0","0","9772","43","0","24","562","485","174","1245"
"3550308005118","35","São Paulo","3515","Metropolitana de São Paulo","35061","São Paulo","20","RM São Paulo","3550308","SÃO PAULO","10571","0","253","1","0","7","0","2","164","2865","25","0","846","9942","82","471","0","9","4620","5952","34431","21827","2751","284","9537","32","34430","10572","6489","7738","3957","359","391","878","183","1597","47","1013","29","854","126","171","1","26795346","500","487","36","2","160","23","0","0","0","0","0","0","0","0","0","9818","268","363","24","0","0","10086","387","0","0","1033","572","487","2092"
"3550308005119","35","São Paulo","3515","Metropolitana de São Paulo","35061","São Paulo","20","RM São Paulo","3550308","SÃO PAULO","10086","2","488","1","0","0","0","4","154","2165","53","1","1497","7656","184","752","6","22","4517","5582","33541","20403","2841","272","10007","18","33505","10094","6281","7889","3775","299","393","941","144","1508","40","1064","46","838","85","95","8","24463443","9730","489","9","18","73","17","0","0","2","0","0","2","1","0","0","9602","95","265","20","1","0","9697","285","1","19","830","360","222","1430"
"3550308005120","35","São Paulo","3515","Metropolitana de São Paulo","35061","São Paulo","20","RM São Paulo","3550308","SÃO PAULO","13937","3","1305","0","0","14","2","4","208","2963","33","0","2371","10544","127","3255","9","13","6816","7126","45973","24819","4759","388","15981","26","45953","13939","8204","10361","5968","630","416","1266","136","2038","63","1377","64","1118","78","281","2","30043805","5200","514","22","29","90","14","1","1","1","0","2","3","2","1","1","11378","1242","620","624","0","0","12620","1244","0","52","985","710","346","2093"
"3550308005121","35","São Paulo","3515","Metropolitana de São Paulo","35061","São Paulo","20","RM São Paulo","3550308","SÃO PAULO","10511","1","75","0","0","0","0","1","102","2871","37","0","616","9582","127","892","1","2","4617","5897","34661","19222","3666","425","11310","38","34655","10514","6179","7493","4457","478","405","849","141","1690","70","1048","39","981","113","189","3","21317135","2550","698","5","3","125","46","0","0","0","0","1","1","1","0","0","9370","822","230","33","0","0","10192","263","0","0","984","844","487","2315"
"3550308005122","35","São Paulo","3515","Metropolitana de São Paulo","35061","São Paulo","20","RM São Paulo","3550308","SÃO PAULO","14014","4","2131","0","0","344","6","4","159","2938","33","5","1008","9733","123","1987","10","11","6906","7111","48650","21942","4250","300","22128","30","48642","14017","8911","12206","5848","629","383","1421","157","1650","43","1829","60","1186","95","192","3","22132016","1300","1022","158","187","147","26","1","1","2","1","2","3","2","0","1","7978","1015","497","799","0","1","8993","1296","1","154","850","778","473","2254"
"3550308005123","35","São Paulo","3515","Metropolitana de São Paulo","35061","São Paulo","20","RM São Paulo","3550308","SÃO PAULO","13365","24","450","0","0","277","0","7","48","2789","14","0","257","9790","59","855","76","25","6016","7359","46643","22077","5303","250","18959","54","46621","13375","8309","11346","6344","690","522","764","135","2478","68","1141","35","1112","101","214","10","22428469","13550","539","12","4","218","71","0","0","0","0","1","12","1","0","0","8684","1188","607","82","0","0","9872","689","0","68","1118","775","225","2186"
"3550308005124","35","São Paulo","3515","Metropolitana de São Paulo","35061","São Paulo","20","RM São Paulo","3550308","SÃO PAULO","11665","5","40","0","0","0","0","0","186","2588","41","0","4464","9815","170","285","17","0","5159","6516","37893","24304","3992","671","8870","56","37866","11674","7035","8098","4586","418","451","995","160","1751","47","1119","51","1205","115","127","9","33497532","15230","562","29","9","407","22","0","0","0","0","0","5","1","0","0","10577","728","328","26","0","0","11305","354","0","22","947","541","180","1690"
"3550308005125","35","São Paulo","3515","Metropolitana de São Paulo","35061","São Paulo","20","RM São Paulo","3550308","SÃO PAULO","12113","0","904","0","0","1","8","5","131","2336","37","0","3839","9379","174","119","0","17","5042","7072","39450","24155","3138","468","11652","37","39418","12114","7685","9357","4818","534","384","740","162","1464","49","927","33","887","70","176","1","32739567","100","417","22","19","517","203","0","0","0","0","0","0","0","0","0","9490","427","910","66","0","0","9917","976","0","125","732","767","195","1818"
"3550308005126","35","São Paulo","3515","Metropolitana de São Paulo","35061","São Paulo","20","RM São Paulo","3550308","SÃO PAULO","10012","13","536","0","0","0","0","1","51","2228","28","1","481","8115","92","1701","39","1","4178","5839","35197","16934","3528","224","14450","61","35186","10017","6417","9005","4659","502","352","604","93","1438","46","941","33","881","42","153","5","16699794","3410","680","10","150","560","241","0","0","0","0","0","2","1","0","0","6924","306","522","54","0","0","7230","576","0","61","742","356","393","1552"
"3550308005127","35","São Paulo","3515","Metropolitana de São Paulo","35061","São Paulo","20","RM São Paulo","3550308","SÃO PAULO","8760","12","1808","2","0","8","51","3","63","1395","24","17","2233","5421","82","463","31","10","3734","5025","30520","14106","2849","176","13317","42","30462","8755","5589","7477","4100","558","256","573","69","1314","18","782","32","749","62","131","1","15662675","0","569","123","18","246","106","3","0","3","3","4","4","3","0","0","6526","130","389","40","0","0","6656","429","0","466","815","454","130","1864"
"3550308005128","35","São Paulo","3515","Metropolitana de São Paulo","35061","São Paulo","20","RM São Paulo","3550308","SÃO PAULO","13398","3","92","0","0","1","0","1","170","2933","44","0","3131","11195","181","146","5","1","5608","7799","41187","27265","3174","667","10055","26","41079","13402","7839","8647","5191","370","401","865","173","1673","63","1097","40","971","73","244","4","38896367","5400","731","6","0","156","32","0","0","0","0","0","2","1","0","0","12760","115","305","5","0","0","12875","310","0","24","959","868","229","2080"
"3550308005129","35","São Paulo","3515","Metropolitana de São Paulo","35061","São Paulo","20","RM São Paulo","3550308","SÃO PAULO","11422","1","407","0","0","0","0","3","140","1831","28","0","2301","7422","177","147","1","11","4921","6515","35042","27312","1566","739","5406","19","34949","11427","6967","7762","3727","316","288","929","177","1264","36","879","52","783","77","177","5","51356225","13960","490","5","5","63","28","0","0","0","0","0","1","0","0","0","10875","75","372","0","0","0","10950","372","0","0","441","341","239","1021"
"3550308005130","35","São Paulo","3515","Metropolitana de São Paulo","35061","São Paulo","20","RM São Paulo","3550308","SÃO PAULO","10006","3","593","0","0","0","0","0","145","1037","16","0","2856","6022","129","102","10","0","4601","5416","29310","23164","1339","592","4206","9","29220","10017","5946","6335","3046","275","204","854","126","767","27","707","26","606","66","155","11","43160228","15350","694","23","10","179","58","0","0","0","0","0","3","0","0","0","9830","77","50","0","0","0","9907","50","0","0","588","211","26","826"
"3550308005131","35","São Paulo","3515","Metropolitana de São Paulo","35061","São Paulo","20","RM São Paulo","3550308","SÃO PAULO","11799","1","227","1","0","2","0","2","252","1669","30","0","2161","7855","168","208","1","9","5489","6316","35272","27648","1700","950","4732","29","34944","11805","6781","7020","4161","261","322","1017","189","1264","35","842","47","815","80","171","6","52406840","12290","369","23","10","55","34","0","0","0","0","0","1","1","0","0","11307","5","487","0","0","0","11312","487","0","23","709","358","115","1204"
"3550308005132","35","São Paulo","3515","Metropolitana de São Paulo","35061","São Paulo","20","RM São Paulo","3550308","SÃO PAULO","8987","2","14","1","0","2","0","1","153","2486","31","1","957","8569","112","85","2","4","4141","4851","27472","20988","1457","698","4277","49","27387","8991","5027","5409","3060","210","300","972","185","1090","44","919","65","839","90","149","4","29244726","4130","412","0","1","22","14","0","0","0","0","0","2","0","0","0","8625","10","352","0","0","0","8635","352","0","0","623","655","166","1443"
"3550308005133","35","São Paulo","3515","Metropolitana de São Paulo","35061","São Paulo","20","RM São Paulo","3550308","SÃO PAULO","15569","3","44","0","0","6","1","1","480","2839","74","0","2533","10416","261","237","7","1","6508","9074","49811","37674","2482","860","8701","79","49458","15574","9702","11506","5472","438","467","1230","264","1903","79","1140","46","1032","148","295","9","62868028","16110","703","41","44","148","42","1","0","1","1","1","3","3","2","1","13316","257","1687","146","0","0","13573","1833","0","0","1033","870","307","2210"
"3550308005134","35","São Paulo","3515","Metropolitana de São Paulo","35061","São Paulo","20","RM São Paulo","3550308","SÃO PAULO","12406","5","270","1","0","0","3","7","225","3191","49","0","916","10633","147","137","10","40","5806","6600","41964","26291","3021","540","12065","47","41839","12406","7511","9306","5072","420","471","1332","189","1905","44","1568","73","1222","92","192","0","31462267","0","456","24","21","166","66","0","0","1","1","2","5","4","1","1","10164","195","1323","78","0","0","10359","1401","0","0","1076","643","345","2064"
"3550308005135","35","São Paulo","3515","Metropolitana de São Paulo","35061","São Paulo","20","RM São Paulo","3550308","SÃO PAULO","15073","9","1006","0","0","205","7","24","207","3032","23","23","856","10058","76","1058","23","88","6492","8587","54124","25500","4429","366","23754","75","54102","15079","10028","14492","6689","741","557","871","177","2050","43","1457","33","1413","280","196","6","22801057","4530","1218","77","78","31","13","0","0","0","0","2","5","0","0","0","6389","2776","409","371","0","1","9165","780","1","48","1180","890","513","2631"
"3550308005136","35","São Paulo","3515","Metropolitana de São Paulo","35061","São Paulo","20","RM São Paulo","3550308","SÃO PAULO","11639","7","109","2","1","3","0","2","947","2061","37","0","7018","6953","138","1271","22","6","4874","6774","42250","23251","4438","263","14263","35","41922","11648","7221","10471","5878","567","550","644","150","2204","76","1064","30","1081","123","208","9","22100849","7060","780","106","134","868","234","1","0","2","2","2","7","4","2","3","8109","1409","828","917","0","0","9518","1745","0","179","972","501","287","1940"
"3550308005137","35","São Paulo","3515","Metropolitana de São Paulo","35061","São Paulo","20","RM São Paulo","3550308","SÃO PAULO","14778","1","80","0","0","0","3","3","181","3432","34","0","1413","11952","105","367","2","13","5596","9184","50217","28976","3759","608","16818","56","50211","14780","9336","12128","6072","573","661","930","223","2257","67","1222","61","1342","118","363","2","30714310","1650","900","49","33","454","100","0","1","0","1","0","1","1","1","0","13385","570","733","62","0","0","13955","795","0","12","1199","794","397","2403"
"3550308005138","35","São Paulo","3515","Metropolitana de São Paulo","35061","São Paulo","20","RM São Paulo","3550308","SÃO PAULO","8811","0","264","0","0","0","0","0","95","1114","14","0","9793","4420","54","183","0","0","4240","4577","28708","16616","2239","372","9459","22","28697","8817","5496","6391","3923","298","282","717","80","1157","28","718","23","571","46","127","6","19466972","3620","475","6","30","36","14","0","0","0","0","0","0","0","0","0","8417","12","324","23","0","0","8429","347","0","0","573","332","55","960"
"3550308005139","35","São Paulo","3515","Metropolitana de São Paulo","35061","São Paulo","20","RM São Paulo","3550308","SÃO PAULO","11559","5","336","1","0","0","2","5","98","2821","40","0","906","8972","129","343","13","12","4686","6878","39009","18642","2948","249","17097","73","38988","11564","7462","9803","5121","483","339","519","117","1446","30","818","33","854","78","319","5","18122962","5030","790","110","542","540","153","1","1","2","2","2","3","1","1","0","7478","2288","873","220","0","0","9766","1093","0","16","990","646","358","2009"
"3550308005140","35","São Paulo","3515","Metropolitana de São Paulo","35061","São Paulo","20","RM São Paulo","3550308","SÃO PAULO","8964","6","477","0","1","0","0","0","128","1973","27","0","2034","7004","82","114","8","0","3941","5028","29598","17632","2118","390","9432","22","29593","8969","5829","7336","3372","389","278","672","114","1034","23","716","29","626","45","151","5","20379019","4200","665","108","32","135","40","0","0","0","0","2","6","2","0","0","7255","1254","323","132","0","0","8509","455","0","45","586","336","180","1147"
"3550308005141","35","São Paulo","3515","Metropolitana de São Paulo","35061","São Paulo","20","RM São Paulo","3550308","SÃO PAULO","9509","1","37","0","0","1","0","5","273","1978","19","0","1051","6683","80","671","2","16","4401","5112","31585","18815","1960","966","9818","26","31565","9512","5786","7111","3594","329","393","969","157","1527","62","972","57","910","70","108","3","23179352","4420","461","5","11","150","30","0","0","0","0","1","1","1","0","0","8478","306","397","17","0","0","8784","414","0","15","915","516","107","1553"
"3550308005142","35","São Paulo","3515","Metropolitana de São Paulo","35061","São Paulo","20","RM São Paulo","3550308","SÃO PAULO","10683","1","9","0","0","1","0","3","290","2087","64","0","1859","7496","243","190","4","7","5254","5436","34130","22801","2427","811","8061","30","34111","10690","6439","7411","3846","295","372","1096","168","1510","61","1024","64","911","38","172","7","29300584","12232","547","9","10","19","5","0","0","0","0","1","1","1","0","0","10286","38","214","9","0","0","10324","223","0","0","894","424","136","1453"
"3550308005143","35","São Paulo","3515","Metropolitana de São Paulo","35061","São Paulo","20","RM São Paulo","3550308","SÃO PAULO","8475","2","460","0","1","9","88","4","138","1516","44","2","720","5474","171","1681","4","7","3276","5202","28179","17041","2386","346","8382","24","28165","8477","5294","6945","3562","295","305","491","110","1244","34","595","26","569","107","74","2","19923152","1220","466","20","2","37","20","0","0","0","0","0","1","0","0","0","5301","2239","147","104","1","0","7540","251","1","117","726","388","97","1328"
"3550308005144","35","São Paulo","3515","Metropolitana de São Paulo","35061","São Paulo","20","RM São Paulo","3550308","SÃO PAULO","9071","2","63","0","0","8","1","7","175","1826","16","0","1017","6509","112","232","4","16","3892","5183","27599","20177","1595","727","5085","15","27552","9075","5397","6182","2938","230","283","657","132","1091","33","705","32","563","83","129","4","28529965","2500","283","5","0","82","24","0","0","0","0","0","2","0","0","1","8278","521","174","96","1","0","8799","270","1","55","540","333","139","1067"
"3550308005145","35","São Paulo","3515","Metropolitana de São Paulo","35061","São Paulo","20","RM São Paulo","3550308","SÃO PAULO","8816","1","3","1","0","0","1","0","199","2030","34","0","1287","6815","131","101","1","0","3636","5186","27209","19364","1868","768","5179","30","27187","8821","5273","6129","2964","254","271","676","156","1048","36","700","41","636","65","109","5","25727668","8510","299","8","2","94","40","0","0","0","0","0","1","0","0","0","7778","888","39","75","1","0","8666","114","1","28","648","453","126","1255"
"3550308005146","35","São Paulo","3515","Metropolitana de São Paulo","35061","São Paulo","20","RM São Paulo","3550308","SÃO PAULO","10758","2","342","0","0","0","0","3","129","2519","22","0","1082","8508","72","96","7","5","4570","6192","34350","21113","3307","697","9196","37","34319","10762","6381","7696","4219","378","356","742","122","1554","41","908","39","883","47","184","4","25083531","6810","480","8","3","30","17","0","0","0","0","2","2","2","0","0","10214","402","110","8","0","0","10616","118","0","44","1007","596","133","1780"
"3550308005147","35","São Paulo","3515","Metropolitana de São Paulo","35061","São Paulo","20","RM São Paulo","3550308","SÃO PAULO","8396","1","65","0","0","0","0","2","117","1827","23","0","1802","6169","73","63","2","4","3350","5051","26584","18084","1863","926","5694","17","26535","8399","5287","6178","2815","240","224","696","152","947","22","694","34","662","96","91","3","24276913","2710","346","1","0","18","9","0","0","0","0","1","1","0","0","0","8021","301","30","0","0","0","8322","30","0","0","542","194","223","959"
"3550308005148","35","São Paulo","3515","Metropolitana de São Paulo","35061","São Paulo","20","RM São Paulo","3550308","SÃO PAULO","13095","0","871","0","0","6","1","0","34","338","9","0","5381","5004","83","147","0","0","5904","7191","38732","24943","3712","286","9774","17","38732","13095","7366","7872","5019","370","345","841","122","1863","71","858","28","674","57","141","0","31925736","0","299","44","4","31","3","0","0","0","0","0","0","0","0","0","11907","1103","62","23","0","0","13010","85","0","0","931","257","38","1226"
"3550308005149","35","São Paulo","3515","Metropolitana de São Paulo","35061","São Paulo","20","RM São Paulo","3550308","SÃO PAULO","9859","11","431","0","0","29","1","5","173","2262","21","0","725","7180","74","504","24","8","4056","5807","32187","18666","3387","469","9652","13","32159","9863","5943","7666","3895","336","313","659","118","1397","42","878","34","853","54","104","4","20874273","11560","295","8","4","135","78","0","0","0","0","5","5","1","0","0","8074","259","406","25","0","0","8333","431","0","72","624","617","260","1573"
"3550308005150","35","São Paulo","3515","Metropolitana de São Paulo","35061","São Paulo","20","RM São Paulo","3550308","SÃO PAULO","15315","6","1137","0","0","0","0","1","291","3226","47","0","1842","11052","150","2742","14","1","5614","9722","51241","31110","3724","866","15480","61","51126","15336","10065","12856","5851","567","563","968","193","2078","40","1164","47","1124","103","218","21","36267268","9740","680","11","4","91","43","0","0","0","0","3","3","2","0","0","13077","666","519","24","0","0","13743","543","0","193","1076","710","320","2300"
"3550308005151","35","São Paulo","3515","Metropolitana de São Paulo","35061","São Paulo","20","RM São Paulo","3550308","SÃO PAULO","14235","1","175","1","0","1","0","2","285","3117","51","0","1559","10722","165","87","2","14","6059","8187","45930","31178","2513","1648","10561","30","45901","14246","8939","10731","4794","534","520","1269","293","1943","58","1196","73","1082","67","136","11","33875585","7087","788","5","11","164","78","0","0","1","1","1","1","1","0","0","13458","388","370","19","0","0","13846","389","0","62","969","672","387","2090"
"3550308005152","35","São Paulo","3515","Metropolitana de São Paulo","35061","São Paulo","20","RM São Paulo","3550308","SÃO PAULO","13217","1","104","0","0","0","0","8","604","2493","18","0","4634","8774","74","2890","1","32","5115","8106","44799","26372","2985","436","14966","40","44795","13221","9039","11885","4790","540","426","880","152","1550","26","1051","24","988","48","126","4","29518552","2820","566","12","8","319","144","0","0","0","0","0","1","0","0","0","11308","643","490","745","0","0","11951","1235","0","235","898","646","161","1940"
"3550308005153","35","São Paulo","3515","Metropolitana de São Paulo","35061","São Paulo","20","RM São Paulo","3550308","SÃO PAULO","13426","7","373","0","0","0","0","1","404","2605","88","0","3052","8628","299","949","21","3","5368","8064","43692","31187","2401","884","9201","19","43656","13431","8625","10542","4490","413","541","1075","249","1855","77","1057","68","884","167","155","5","37322722","4630","554","0","2","92","33","0","0","0","0","1","6","0","0","0","11847","910","100","1","0","0","12757","101","0","96","1019","456","211","1783"
"3550308005154","35","São Paulo","3515","Metropolitana de São Paulo","35061","São Paulo","20","RM São Paulo","3550308","SÃO PAULO","13263","1","109","0","0","0","3","4","333","3198","52","1","1772","10541","190","158","2","5","4953","8321","43790","27601","2785","931","12456","17","43672","13274","8676","10327","5673","619","473","747","175","1783","58","840","37","792","78","131","11","27898838","19150","719","39","23","148","46","0","0","0","0","1","1","1","0","0","12512","562","126","60","0","0","13074","186","0","52","955","659","324","1990"
"3550308005155","35","São Paulo","3515","Metropolitana de São Paulo","35061","São Paulo","20","RM São Paulo","3550308","SÃO PAULO","11920","5","215","0","0","0","0","2","87","2650","62","40","2066","8980","221","706","16","10","5658","6270","39467","26914","2178","362","9997","16","39437","11928","7491","8430","5097","288","502","1113","193","1725","52","1253","78","1054","81","163","8","25549798","9288","686","20","15","262","18","0","0","0","0","5","5","1","0","0","10486","880","384","130","0","40","11366","514","40","209","1125","682","143","2159"
"3550308005156","35","São Paulo","3515","Metropolitana de São Paulo","35061","São Paulo","20","RM São Paulo","3550308","SÃO PAULO","14503","9","214","0","0","3","0","7","189","3095","53","0","943","10368","172","323","25","12","6347","8160","48790","28607","3199","329","16634","21","48763","14507","9394","12071","5947","566","463","937","172","2108","56","1190","41","1042","83","169","4","26995961","2410","680","46","39","171","73","0","0","1","1","6","8","4","0","0","12320","1390","236","87","0","0","13710","323","0","22","1089","767","331","2209"
"3550308005157","35","São Paulo","3515","Metropolitana de São Paulo","35061","São Paulo","20","RM São Paulo","3550308","SÃO PAULO","15188","3","1144","1","0","26","2","5","245","1857","46","1","4974","7933","177","1081","3","13","6712","8481","50712","27516","4324","258","18555","53","50646","15193","9690","12550","6263","650","409","920","145","2175","55","1190","43","1099","80","168","5","26988235","3600","514","13","8","551","99","0","0","1","1","1","3","2","0","0","12587","1888","475","109","1","0","14475","584","1","89","1236","658","349","2332"
"3550308005158","35","São Paulo","3515","Metropolitana de São Paulo","35061","São Paulo","20","RM São Paulo","3550308","SÃO PAULO","8666","4","9","0","0","0","0","2","150","2298","25","0","1277","7321","90","99","10","3","3760","4906","26774","19365","1266","676","5461","6","26741","8666","5338","6007","2565","204","307","831","117","1045","29","804","50","601","29","125","0","22048947","0","339","12","0","6","8","0","0","0","0","4","4","0","0","0","7764","850","48","4","0","0","8614","52","0","0","430","494","203","1126"
"3550308005159","35","São Paulo","3515","Metropolitana de São Paulo","35061","São Paulo","20","RM São Paulo","3550308","SÃO PAULO","13579","12","985","0","0","0","2","8","150","2669","25","0","3740","9912","98","219","24","30","6015","7572","43174","28618","2064","424","12035","33","43060","13585","8648","10427","4740","434","351","1033","172","1454","41","1061","42","774","131","158","6","32948497","2950","804","45","45","56","5","7","4","10","10","11","12","10","7","0","11064","1215","737","528","0","0","12279","1265","0","82","819","414","278","1594"
"3550308005160","35","São Paulo","3515","Metropolitana de São Paulo","35061","São Paulo","20","RM São Paulo","3550308","SÃO PAULO","14203","4","799","0","0","0","5","2","238","3006","23","0","997","9783","76","261","9","4","5765","8440","47203","26992","2521","387","17283","20","47192","14205","9378","11819","5592","613","463","781","174","1847","36","1066","27","927","86","166","2","25863337","2500","774","1","5","238","36","0","0","0","0","1","0","0","0","0","10464","540","202","49","0","0","11004","251","0","262","1037","707","328","2333"
"3550308005161","35","São Paulo","3515","Metropolitana de São Paulo","35061","São Paulo","20","RM São Paulo","3550308","SÃO PAULO","10783","19","1535","0","0","63","6","8","243","1820","15","21","1292","5971","50","741","48","12","4397","6387","35833","19938","2191","168","13481","50","35832","10784","7045","9240","4297","520","344","498","114","1503","38","599","11","650","46","138","1","18931591","1700","490","24","9","40","18","0","0","0","0","1","6","0","0","4","7626","420","215","17","0","0","8046","232","0","128","670","437","149","1383"
"3550308005162","35","São Paulo","3515","Metropolitana de São Paulo","35061","São Paulo","20","RM São Paulo","3550308","SÃO PAULO","8706","2","167","0","0","0","1","2","124","2002","13","0","1234","7115","62","693","4","3","4431","4276","28376","16167","2270","682","9221","33","28347","8707","5088","5799","3784","211","318","926","121","1202","51","1006","49","845","73","145","2","23106471","2200","382","3","24","18","13","0","0","0","0","0","1","0","0","0","7308","225","332","6","0","0","7533","338","0","13","914","585","93","1605"
"3550308005163","35","São Paulo","3515","Metropolitana de São Paulo","35061","São Paulo","20","RM São Paulo","3550308","SÃO PAULO","11362","6","1211","1","0","2","6","7","109","3489","51","0","498","11408","200","247","9","20","5135","6231","38219","17382","3821","409","16566","41","38212","11366","6692","8776","5253","601","406","745","94","1794","31","1100","24","1075","91","165","4","20670831","7700","592","50","0","342","149","0","0","0","0","4","5","1","0","0","7287","1841","655","214","0","0","9128","869","0","77","859","744","381","2061"
"3550308005164","35","São Paulo","3515","Metropolitana de São Paulo","35061","São Paulo","20","RM São Paulo","3550308","SÃO PAULO","14365","15","314","2","0","5","223","13","178","3664","37","53","1257","12279","141","910","27","40","6839","7527","47574","23468","4179","631","19253","43","47564","14366","8502","10432","6408","603","402","1293","181","1831","50","1850","54","1313","71","204","1","28289110","6930","1257","33","37","391","175","0","0","2","2","3","11","3","1","2","11555","566","1321","177","23","13","12121","1498","36","189","918","905","484","2497"
"3550308005165","35","São Paulo","3515","Metropolitana de São Paulo","35061","São Paulo","20","RM São Paulo","3550308","SÃO PAULO","14646","10","1414","1","2","28","0","8","113","3207","52","0","1000","11429","187","440","32","23","6385","8262","48990","20465","4997","481","22982","65","48989","14647","9056","11206","6976","805","470","825","111","2023","59","1242","36","1211","101","213","1","25824491","600","786","161","13","304","92","0","0","0","0","1","7","2","1","1","8840","963","975","472","0","0","9803","1447","0","101","1138","954","405","2598"
"3550308005166","35","São Paulo","3515","Metropolitana de São Paulo","35061","São Paulo","20","RM São Paulo","3550308","SÃO PAULO","15461","9","396","0","0","19","1","5","260","4121","47","0","1535","14534","145","804","20","20","7001","8465","51178","24150","5576","457","20969","26","51169","15466","9142","11303","6809","562","494","1200","149","2378","55","1627","51","1578","98","229","5","27889601","4940","1144","49","37","59","29","0","0","1","1","5","5","2","1","0","12782","398","1505","67","0","0","13180","1572","0","42","1287","900","528","2756"
"3550308005167","35","São Paulo","3515","Metropolitana de São Paulo","35061","São Paulo","20","RM São Paulo","3550308","SÃO PAULO","12174","8","1545","0","0","90","0","2","123","2700","28","0","2304","9931","110","458","14","5","5682","6495","40207","18463","3412","256","18047","29","40203","12177","7346","9155","5532","512","385","829","113","1739","31","1091","27","936","97","223","3","21364518","1562","860","66","42","168","71","0","0","0","0","6","7","6","0","0","8054","1491","747","501","0","0","9545","1248","0","39","1016","783","244","2083"
"3550308005168","35","São Paulo","3515","Metropolitana de São Paulo","35061","São Paulo","20","RM São Paulo","3550308","SÃO PAULO","11251","4","1290","0","0","46","15","7","120","2861","59","0","523","9764","199","224","5","13","5583","5672","38788","15268","3665","259","19560","36","38780","11255","6998","9258","5345","475","365","866","94","1655","38","1170","37","985","80","160","4","15303766","4650","1176","22","28","312","79","0","1","2","1","2","2","2","1","1","6754","788","568","312","0","0","7542","880","0","17","1057","574","434","2082"
"3550308005169","35","São Paulo","3515","Metropolitana de São Paulo","35061","São Paulo","20","RM São Paulo","3550308","SÃO PAULO","12961","6","670","0","0","8","0","0","203","1859","31","0","2777","7658","160","245","15","0","5477","7489","39944","28169","1871","1148","8737","19","39837","12966","7706","8374","4828","328","430","1062","149","1438","44","1085","36","944","99","235","5","54139652","4460","851","12","0","425","120","0","0","0","0","1","1","1","0","0","11716","102","409","1","0","0","11818","410","0","46","849","516","121","1532"
"3550308005170","35","São Paulo","3515","Metropolitana de São Paulo","35061","São Paulo","20","RM São Paulo","3550308","SÃO PAULO","10681","4","198","0","0","0","1","3","282","1724","18","0","4165","6262","95","976","19","12","4358","6322","32885","21725","1740","712","8644","47","32848","10679","6703","7369","3675","339","264","805","135","1055","30","817","43","660","97","156","2","38545345","1400","510","2","16","123","42","0","0","0","0","3","4","0","0","1","8956","228","571","0","0","0","9184","571","0","67","585","318","171","1141"
"3550308005171","35","São Paulo","3515","Metropolitana de São Paulo","35061","São Paulo","20","RM São Paulo","3550308","SÃO PAULO","10039","2","649","1","0","0","0","0","155","1171","25","0","3708","5406","146","259","2","0","3987","6064","29575","23015","1177","1075","4277","22","29512","10046","6240","6759","2783","296","236","648","143","882","15","650","34","504","76","145","10","53949741","17910","438","3","0","1","0","0","0","0","0","2","2","1","0","0","9405","115","199","5","0","0","9520","204","0","0","413","199","71","683"
"3550308005172","35","São Paulo","3515","Metropolitana de São Paulo","35061","São Paulo","20","RM São Paulo","3550308","SÃO PAULO","12899","2","88","0","0","0","1","0","165","1130","17","0","3984","6946","337","105","6","0","5010","7890","38253","30196","1140","1420","5485","12","38246","12900","8200","9371","3734","351","251","751","167","857","29","668","24","545","75","206","1","85485778","650","421","71","12","123","64","0","0","0","0","1","2","0","0","0","12188","85","394","0","0","0","12273","394","0","38","517","273","49","876"
"3550308005173","35","São Paulo","3515","Metropolitana de São Paulo","35061","São Paulo","20","RM São Paulo","3550308","SÃO PAULO","9580","0","36","0","0","2","0","0","141","701","49","0","2780","5076","376","202","0","0","3588","6000","28046","24291","446","1179","2085","16","27580","9581","6092","6708","2086","248","150","581","120","430","10","414","19","361","69","251","7","101182830","12980","526","0","1","165","9","0","0","0","0","0","0","0","0","0","9378","107","81","8","0","0","9485","89","0","69","326","131","0","526"
"3550308005174","35","São Paulo","3515","Metropolitana de São Paulo","35061","São Paulo","20","RM São Paulo","3550308","SÃO PAULO","15794","2","309","1","1","1","0","3","242","1712","60","0","3779","9586","388","229","4","5","6847","8966","43514","37041","782","1585","4065","36","43208","15799","8968","8703","3935","318","308","1093","200","1062","34","948","53","756","98","590","7","114668561","9500","988","16","0","66","29","0","0","0","0","0","2","0","0","0","15409","169","183","0","0","0","15578","183","0","0","597","296","24","918"
"3550308005175","35","São Paulo","3515","Metropolitana de São Paulo","35061","São Paulo","20","RM São Paulo","3550308","SÃO PAULO","15407","6","1328","0","0","10","7","2","129","4337","17","0","758","13783","59","38","15","5","6676","8739","50736","17416","3090","274","29911","45","50720","15414","9599","11773","6773","1016","281","522","79","1244","25","1492","8","1781","108","598","7","20295205","9010","870","61","0","5","0","1","0","1","1","1","1","1","0","0","616","34","29","0","0","0","650","29","0","178","721","1062","409","2370"
"3550308005176","35","São Paulo","3515","Metropolitana de São Paulo","35061","São Paulo","20","RM São Paulo","3550308","SÃO PAULO","14447","3","1738","0","0","7","1","179","105","1190","29","2","5080","6945","563","234","11","684","5137","9317","44123","31395","1555","1223","9929","21","44103","14454","9814","11389","4000","483","179","563","130","737","11","734","20","608","83","311","7","135283608","7681","694","68","40","755","168","0","0","0","0","0","1","0","0","0","12201","67","445","4","2","0","12268","449","2","413","373","277","176","1239"
"3550308005177","35","São Paulo","3515","Metropolitana de São Paulo","35061","São Paulo","20","RM São Paulo","3550308","SÃO PAULO","10972","2","1103","0","0","0","0","3","129","753","22","1","3621","4568","426","718","4","11","3778","7196","32156","23256","1036","780","7069","15","32059","10974","7137","8139","2819","255","217","415","103","675","24","437","15","410","54","128","2","92346114","6800","453","47","70","1224","154","0","0","0","0","0","2","0","0","0","9739","112","324","1","1","0","9851","325","1","132","207","175","0","513"
"3550308005178","35","São Paulo","3515","Metropolitana de São Paulo","35061","São Paulo","20","RM São Paulo","3550308","SÃO PAULO","11346","3","1757","0","0","21","0","6","140","1532","31","0","2712","7631","288","161","6","12","4936","6414","35134","24749","1413","1581","7370","21","35098","11350","7357","8576","3637","298","221","644","136","801","35","746","28","700","85","242","4","81501789","3280","544","8","17","478","161","0","0","0","0","1","3","1","0","0","9352","325","522","338","0","0","9677","860","0","100","662","268","176","1206"
"3550308005179","35","São Paulo","3515","Metropolitana de São Paulo","35061","São Paulo","20","RM São Paulo","3550308","SÃO PAULO","12019","0","770","0","0","1","0","2","364","1821","50","0","2722","7535","228","146","0","3","5291","6738","36119","26191","1413","2756","5725","21","35899","12023","7234","7796","3463","242","339","1189","197","1029","27","995","38","780","88","316","7","64446985","4550","375","5","9","92","29","0","0","0","0","0","0","0","0","0","10762","148","144","9","0","0","10910","153","0","42","670","226","116","1055"
"3550308005180","35","São Paulo","3515","Metropolitana de São Paulo","35061","São Paulo","20","RM São Paulo","3550308","SÃO PAULO","9163","0","96","0","0","0","0","0","306","1166","22","0","2979","5261","136","126","0","0","4485","4690","26912","20218","1078","2079","3518","19","26794","9171","5440","5372","2422","213","192","1009","124","726","18","886","46","666","89","331","8","51437229","9830","261","3","11","1","1","0","0","0","0","0","0","0","0","0","8976","56","123","1","0","0","9032","124","0","80","525","169","33","808"
"3550308005181","35","São Paulo","3515","Metropolitana de São Paulo","35061","São Paulo","20","RM São Paulo","3550308","SÃO PAULO","11293","3","2853","0","0","1","2","3","191","1546","34","1","3754","7152","134","63","10","14","5332","5960","37188","21721","2187","1052","12163","39","37134","11287","7040","7942","3907","398","315","979","122","1069","32","1493","38","1685","233","550","4","44429434","3510","480","8","51","218","78","0","0","0","0","0","0","0","0","0","7825","267","316","26","0","0","8092","342","0","73","706","341","337","1457"
"3550308005182","35","São Paulo","3515","Metropolitana de São Paulo","35061","São Paulo","20","RM São Paulo","3550308","SÃO PAULO","11531","5","1212","2","0","75","15","5","330","1659","42","3","2946","6171","172","332","14","17","4711","6809","37107","22920","2290","1514","10196","79","36982","11506","7357","8962","3981","363","304","918","142","1152","34","1001","56","786","114","195","3","49051308","5100","694","66","41","1234","480","0","0","0","0","0","4","0","1","2","10033","177","232","304","1","2","10210","536","3","79","784","497","171","1531"
"3550308005183","35","São Paulo","3515","Metropolitana de São Paulo","35061","São Paulo","20","RM São Paulo","3550308","SÃO PAULO","9994","3","702","0","0","54","3","0","254","1835","32","0","2197","6656","109","877","4","0","4499","5498","32356","19345","2481","1168","9280","82","32313","9997","6040","7059","4021","321","351","778","139","1370","39","918","54","908","95","178","3","31542406","5200","479","38","14","2322","780","0","0","0","0","0","0","0","0","0","8191","206","448","40","0","0","8397","488","0","312","747","427","106","1592"
"3550308005184","35","São Paulo","3515","Metropolitana de São Paulo","35061","São Paulo","20","RM São Paulo","3550308","SÃO PAULO","15919","1","1380","0","0","8","0","3","239","2459","32","0","3259","10668","220","514","1","9","6535","9404","49372","33028","3322","2047","10855","113","49127","15926","9618","10902","5372","393","486","769","169","1708","47","1166","27","1206","164","1061","10","79339014","14910","560","188","50","1629","545","0","0","0","0","0","0","0","0","0","13141","206","514","50","0","0","13347","564","0","65","1155","719","140","2080"
"3550308005185","35","São Paulo","3515","Metropolitana de São Paulo","35061","São Paulo","20","RM São Paulo","3550308","SÃO PAULO","12162","2","714","0","0","0","0","6","121","2172","33","0","2316","8458","120","549","12","24","4625","7541","42869","23516","2759","253","15913","408","42679","12162","8363","11833","4272","482","477","939","147","1591","32","1093","51","998","82","143","7","26306515","17620","734","13","48","279","3","0","0","0","0","0","2","0","0","0","8981","165","989","242","0","0","9146","1231","0","109","959","609","280","1956"
"3550308005186","35","São Paulo","3515","Metropolitana de São Paulo","35061","São Paulo","20","RM São Paulo","3550308","SÃO PAULO","9157","2","2206","0","0","0","0","1","943","544","4","0","20452","2158","13","958","3","1","4120","5037","32885","15366","3188","106","14184","41","32885","9157","6079","8576","4643","501","382","450","81","1522","31","591","12","749","43","65","0","14906350","0","484","0","15","16","9","0","0","0","0","0","2","0","0","0","5251","193","135","0","0","0","5444","135","0","38","911","140","20","1109"
"3550308005187","35","São Paulo","3515","Metropolitana de São Paulo","35061","São Paulo","20","RM São Paulo","3550308","SÃO PAULO","9313","0","853","0","0","0","0","0","510","1224","7","0","10553","4479","25","213","0","0","3897","5417","30854","18659","2390","205","9590","10","30850","9314","6266","7848","3425","351","329","606","79","1240","39","589","27","589","35","110","1","22079488","1000","342","0","1","140","40","0","0","0","0","0","0","0","0","0","8719","367","204","23","0","0","9086","227","0","0","857","358","202","1417"
"3550308005188","35","São Paulo","3515","Metropolitana de São Paulo","35061","São Paulo","20","RM São Paulo","3550308","SÃO PAULO","11958","1","849","0","0","0","0","4","522","1271","29","0","10273","5456","96","175","1","29","5668","6293","39905","20088","4410","166","15220","21","39901","11961","7211","9310","5345","445","408","906","124","1952","37","1202","24","790","52","130","3","21862065","2065","535","69","41","2258","451","0","0","0","0","1","1","1","1","1","9287","1455","907","176","0","0","10742","1083","0","0","815","347","180","1342"
"3550308005189","35","São Paulo","3515","Metropolitana de São Paulo","35061","São Paulo","20","RM São Paulo","3550308","SÃO PAULO","14252","4","1679","5","1","4","24","3","285","2798","22","26","4743","9628","84","758","10","8","5815","8442","50614","23428","5081","275","21740","84","50596","14257","9307","13032","6753","811","438","813","125","2041","67","1197","41","1287","114","308","6","21116936","5420","1206","79","109","1044","184","1","1","2","2","3","3","2","0","0","8553","2787","624","822","0","0","11340","1446","0","180","985","547","552","2264"
"3550308005190","35","São Paulo","3515","Metropolitana de São Paulo","35061","São Paulo","20","RM São Paulo","3550308","SÃO PAULO","9117","9","1268","0","0","5","18","2","100","1815","25","2","457","6117","91","601","18","7","4630","4487","32094","14659","3772","134","13505","24","32094","9117","5952","8018","4515","330","254","693","72","1161","23","897","42","822","51","132","0","13741780","0","739","74","78","697","142","0","0","3","3","5","5","5","1","0","5542","1765","565","286","0","0","7307","851","0","28","599","339","332","1298"
"3550308005191","35","São Paulo","3515","Metropolitana de São Paulo","35061","São Paulo","20","RM São Paulo","3550308","SÃO PAULO","13394","1","1397","22","1","68","2","13","480","3269","69","8","1800","10840","223","168","1","33","5405","8000","48020","24582","3108","497","19788","37","47897","13404","9315","13382","4988","550","455","907","178","1558","47","1407","37","1356","96","219","10","22989362","8400","768","265","327","768","241","0","0","0","0","0","1","0","0","0","7386","1819","1658","652","1","1","9205","2310","2","65","999","725","413","2202"
"3550308005192","35","São Paulo","3515","Metropolitana de São Paulo","35061","São Paulo","20","RM São Paulo","3550308","SÃO PAULO","13506","3","367","0","0","1","1","6","239","3128","53","0","2217","10729","202","85","7","30","6021","7493","45008","27153","3086","591","14142","36","44944","13513","8548","10212","5623","395","453","1125","199","1867","56","1302","56","1198","157","201","7","33586530","10060","658","28","22","182","93","0","0","0","0","1","3","2","0","0","12042","486","769","86","0","0","12528","855","0","21","1152","537","266","1975"
"3550308005193","35","São Paulo","3515","Metropolitana de São Paulo","35061","São Paulo","20","RM São Paulo","3550308","SÃO PAULO","15117","6","233","0","1","0","0","3","225","2754","43","1","7622","9561","163","845","11","9","6677","8444","50229","27478","3448","435","18818","50","50223","15121","9560","11369","6983","573","485","1138","202","2153","50","1259","43","1054","89","118","4","30756736","3740","898","58","19","74","5","0","0","0","0","1","3","0","0","0","13108","772","893","143","0","0","13880","1036","0","54","1295","700","328","2377"
"3550308005194","35","São Paulo","3515","Metropolitana de São Paulo","35061","São Paulo","20","RM São Paulo","3550308","SÃO PAULO","13499","5","505","0","0","1","0","10","552","2201","27","1","6627","7592","108","189","24","33","5298","8207","47431","20545","4152","472","22242","20","47380","13502","8896","12085","6151","878","472","728","129","1905","65","1096","23","1086","98","253","3","20800870","2250","951","50","79","375","44","1","0","2","2","4","5","3","0","3","7548","5622","40","111","0","0","13170","151","0","22","866","659","316","1863"
"3550308005195","35","São Paulo","3515","Metropolitana de São Paulo","35061","São Paulo","20","RM São Paulo","3550308","SÃO PAULO","13042","7","378","0","0","0","0","5","1296","2646","82","0","5947","8672","282","757","15","10","5308","7732","44712","23254","3668","338","17360","70","44689","13038","8335","10798","6266","623","499","709","136","2070","48","899","27","952","65","206","1","24943282","800","718","94","98","234","47","0","2","2","2","6","7","4","2","2","10624","1047","803","360","0","0","11671","1163","0","129","1114","663","135","2041"
"3550308005196","35","São Paulo","3515","Metropolitana de São Paulo","35061","São Paulo","20","RM São Paulo","3550308","SÃO PAULO","12123","12","98","0","2","3","2","2","173","3118","62","0","746","10419","194","1085","32","3","5372","6763","39360","22522","2440","633","13709","55","39187","12134","7227","9187","4790","381","375","885","125","1731","63","1070","40","933","87","165","11","26942027","6290","667","67","102","654","199","0","0","0","0","12","7","4","0","2","10446","582","679","408","0","0","11028","1087","0","29","925","542","307","1803"
"3550308005197","35","São Paulo","3515","Metropolitana de São Paulo","35061","São Paulo","20","RM São Paulo","3550308","SÃO PAULO","15745","6","495","1","0","3","2","17","622","2916","132","0","2746","9940","479","735","14","44","6825","8928","52721","27787","3937","447","20522","27","52648","15753","9749","12288","6983","686","535","1086","156","2506","80","1374","56","1131","88","175","8","28443486","6420","1093","28","85","1168","248","0","0","0","0","4","4","1","0","0","12881","1321","824","518","0","0","14202","1342","0","80","1263","720","465","2527"
"3550308005198","35","São Paulo","3515","Metropolitana de São Paulo","35061","São Paulo","20","RM São Paulo","3550308","SÃO PAULO","12180","2","343","0","0","3","3","10","201","1866","25","0","2397","7044","75","1294","2","38","5551","6633","42551","22460","4324","565","15159","43","42547","12184","7565","10263","5207","494","458","1176","197","1960","50","1351","53","1295","84","183","4","27016540","2609","636","7","11","657","156","0","0","0","0","0","0","0","0","0","10309","611","647","59","0","0","10920","706","0","67","1059","557","199","1883"
"3550308005199","35","São Paulo","3515","Metropolitana de São Paulo","35061","São Paulo","20","RM São Paulo","3550308","SÃO PAULO","12509","8","96","0","0","0","2","0","1350","2044","32","1","5565","6877","121","1075","22","0","5717","6797","45357","20454","3728","304","20812","55","45327","12513","8156","11598","5709","562","487","1004","139","2168","39","1378","57","1238","86","175","5","21417039","4700","773","26","70","413","96","0","0","0","0","2","8","3","0","1","8020","3115","613","500","0","0","11135","1113","0","23","1067","534","297","1920"
"3550308005200","35","São Paulo","3515","Metropolitana de São Paulo","35061","São Paulo","20","RM São Paulo","3550308","SÃO PAULO","10974","10","120","0","0","0","0","7","250","2112","55","0","1990","7018","191","140","22","16","4825","6150","36007","19299","2754","294","13630","28","35985","10975","7036","8783","4008","382","388","771","131","1523","27","943","46","794","55","112","1","22744218","320","749","6","5","445","100","0","0","0","0","3","9","1","0","1","9120","1070","542","135","0","0","10190","677","0","0","873","385","214","1472"
"3550308005201","35","São Paulo","3515","Metropolitana de São Paulo","35061","São Paulo","20","RM São Paulo","3550308","SÃO PAULO","14547","4","1129","0","0","0","0","7","352","2341","42","0","7872","8925","137","187","11","23","6451","8110","47529","26764","4823","498","15394","37","47329","14552","9013","11035","5754","530","437","1099","202","2100","69","1247","52","1035","60","173","9","31372022","7860","725","29","45","163","61","0","0","0","1","1","4","1","0","0","13886","192","454","2","0","0","14078","456","0","24","1162","664","197","2047"
"3550308005202","35","São Paulo","3515","Metropolitana de São Paulo","35061","São Paulo","20","RM São Paulo","3550308","SÃO PAULO","9975","7","623","0","1","2","85","3","340","1611","33","1","4019","5805","126","284","14","7","4459","5518","33427","19888","2494","424","10596","14","33315","9975","6445","8236","3677","331","285","905","123","1183","27","1066","54","762","56","178","2","24441293","4000","733","24","20","111","25","0","0","0","0","2","4","3","0","0","8232","690","575","123","0","0","8922","698","0","44","681","434","207","1366"
"3550308005203","35","São Paulo","3515","Metropolitana de São Paulo","35061","São Paulo","20","RM São Paulo","3550308","SÃO PAULO","9029","5","257","2","1","2","3","7","377","1574","35","9","2176","5583","151","1364","7","20","3305","5731","30557","18208","2648","334","9333","34","30526","9036","6135","7903","3361","376","295","531","136","1157","30","672","28","752","40","85","7","21513644","7530","458","3","3","75","37","0","0","0","0","2","4","0","0","0","7497","417","578","73","3","2","7914","651","5","131","819","258","75","1284"
"3550308005204","35","São Paulo","3515","Metropolitana de São Paulo","35061","São Paulo","20","RM São Paulo","3550308","SÃO PAULO","11287","1","380","0","0","1","0","2","329","1873","35","0","1815","6931","119","314","1","3","4582","6711","37388","23694","2336","527","10734","10","37259","11290","7004","9199","3918","323","371","761","153","1320","34","846","43","1702","46","238","3","26835428","2430","938","33","10","1727","314","0","0","0","0","1","1","1","0","0","8713","1299","941","222","0","0","10012","1163","0","118","719","349","238","1423"
"3550308005205","35","São Paulo","3515","Metropolitana de São Paulo","35061","São Paulo","20","RM São Paulo","3550308","SÃO PAULO","8996","1","560","0","0","20","4","10","358","1358","92","0","1936","4886","382","290","3","30","3607","5391","30861","15955","2105","211","12581","9","30835","8998","6048","8312","3625","433","296","428","116","1135","16","575","12","605","90","140","2","19095365","2510","634","19","24","1211","270","0","0","0","0","1","1","1","0","0","6850","770","809","538","0","0","7620","1347","0","23","732","348","75","1179"
"3550308005206","35","São Paulo","3515","Metropolitana de São Paulo","35061","São Paulo","20","RM São Paulo","3550308","SÃO PAULO","9446","4","124","0","0","0","1","1","113","2067","61","0","441","6723","217","1714","9","1","4182","5264","31381","18964","2104","644","9644","25","31381","9446","5906","7599","3658","366","315","845","140","1263","31","881","42","648","78","143","0","17039689","0","788","5","8","233","31","0","0","0","0","1","3","1","0","0","7673","333","409","2","0","0","8006","411","0","111","689","470","180","1450"
"3550308005207","35","São Paulo","3515","Metropolitana de São Paulo","35061","São Paulo","20","RM São Paulo","3550308","SÃO PAULO","10537","2","224","0","0","1","4","3","146","2249","43","1","1777","7536","151","141","3","6","4549","5991","35473","20741","2155","379","12183","15","35469","10540","6966","8903","4323","386","368","686","130","1367","29","897","26","654","61","130","3","19321761","2200","916","13","33","111","29","1","1","1","1","2","2","2","0","1","8265","618","363","92","1","0","8883","455","1","27","677","605","149","1458"
"3550308005208","35","São Paulo","3515","Metropolitana de São Paulo","35061","São Paulo","20","RM São Paulo","3550308","SÃO PAULO","13446","11","1423","7","0","0","0","5","299","1963","54","3","4499","7496","189","355","24","42","5682","7769","44496","27125","2789","549","13993","40","44413","13451","9095","11292","5051","556","418","935","140","1502","33","962","39","713","52","173","5","29929007","6100","1046","18","17","310","30","0","1","1","1","5","9","4","2","2","11244","1319","204","78","10","0","12563","282","10","24","973","444","255","1696"
"3550308005209","35","São Paulo","3515","Metropolitana de São Paulo","35061","São Paulo","20","RM São Paulo","3550308","SÃO PAULO","8479","0","294","0","0","0","0","4","281","1538","10","0","1536","5132","37","1144","0","15","3827","4652","29591","16562","1677","115","11210","27","29588","8479","5727","7795","3369","311","307","654","111","1168","35","787","21","697","28","89","0","15857513","0","357","35","24","157","49","0","0","0","0","0","0","0","0","0","6865","438","448","68","0","0","7303","516","0","0","544","331","239","1113"
"3550308005210","35","São Paulo","3515","Metropolitana de São Paulo","35061","São Paulo","20","RM São Paulo","3550308","SÃO PAULO","9610","1","412","0","0","0","0","3","306","1268","10","0","11880","4388","25","692","3","14","4589","5022","32928","17329","2115","142","13333","9","32927","9611","6245","7873","4758","441","298","561","99","1366","30","760","20","743","34","86","1","14771492","2000","505","29","33","556","119","0","0","0","0","0","1","0","0","0","8714","367","275","254","0","0","9081","529","0","20","695","585","150","1449"
"3550308005211","35","São Paulo","3515","Metropolitana de São Paulo","35061","São Paulo","20","RM São Paulo","3550308","SÃO PAULO","8225","10","1963","21","0","32","52","7","167","1360","17","99","623","4483","63","2907","37","17","3366","4862","29513","13298","2082","242","13822","69","29467","8228","5860","8364","3228","572","238","360","95","991","25","606","15","726","30","138","3","12217765","1500","476","269","296","956","149","7","7","7","7","7","10","6","3","4","3493","959","1337","2281","2","99","4452","3618","101","44","588","202","211","1045"
"3550308005212","35","São Paulo","3515","Metropolitana de São Paulo","35061","São Paulo","20","RM São Paulo","3550308","SÃO PAULO","13651","8","543","1","0","8","1","4","338","2988","76","0","2356","10112","259","235","20","19","4960","8694","46370","30184","2663","331","13137","55","46330","13654","9483","11879","4916","502","568","817","194","1852","43","949","50","1073","128","205","3","28030126","3010","714","58","26","100","40","1","1","3","6","7","8","4","0","0","11926","1007","551","102","0","0","12933","653","0","17","1062","344","275","1698"
"3550308005213","35","São Paulo","3515","Metropolitana de São Paulo","35061","São Paulo","20","RM São Paulo","3550308","SÃO PAULO","11642","5","673","1","0","1","0","3","201","2452","36","0","1532","8063","173","603","8","11","4717","6929","38989","20177","3055","461","15275","17","38915","11646","7539","9579","4692","620","420","682","128","1563","48","864","19","869","92","150","5","26092264","5600","591","64","103","1598","542","0","0","3","0","4","4","3","3","0","8351","1200","645","242","0","0","9551","887","0","73","861","521","257","1711"
"3550308005214","35","São Paulo","3515","Metropolitana de São Paulo","35061","São Paulo","20","RM São Paulo","3550308","SÃO PAULO","11843","11","651","0","0","188","3","6","58","2383","21","0","288","7428","84","334","28","22","4932","6911","40867","17522","3203","272","19855","15","40867","11843","7591","10533","4931","560","394","776","127","1536","41","1130","44","921","62","360","0","17424417","0","950","81","18","299","35","2","0","2","2","5","11","5","0","0","7900","631","1527","310","0","0","8531","1837","0","171","896","595","287","1949"
"3550308005215","35","São Paulo","3515","Metropolitana de São Paulo","35061","São Paulo","20","RM São Paulo","3550308","SÃO PAULO","9849","3","357","0","1","0","0","12","58","1794","35","0","253","5892","127","176","6","26","3582","6269","34013","15585","3053","203","15152","20","34006","9851","6722","9400","3624","488","315","484","101","1156","33","710","28","749","81","262","2","15226235","1400","652","28","51","542","122","0","0","0","0","0","1","0","0","0","5947","1013","724","213","0","0","6960","937","0","180","565","288","231","1264"
"3550308005216","35","São Paulo","3515","Metropolitana de São Paulo","35061","São Paulo","20","RM São Paulo","3550308","SÃO PAULO","7705","0","562","0","0","2","0","1","108","1163","19","0","1260","4166","68","1486","0","6","3325","4384","26865","12439","2583","266","11548","25","26835","7708","4835","6624","3353","406","301","610","93","1194","21","764","25","757","41","99","3","14852345","4280","506","28","12","377","30","0","0","0","0","0","0","0","0","0","5463","938","667","241","0","0","6401","908","0","109","722","309","148","1287"
"3550308005217","35","São Paulo","3515","Metropolitana de São Paulo","35061","São Paulo","20","RM São Paulo","3550308","SÃO PAULO","13365","3","1007","0","0","6","8","2","303","1729","23","0","5914","6247","71","2626","5","2","5849","7519","45732","24296","3249","632","17527","28","45605","13368","8205","10629","6266","533","533","931","162","2160","66","1195","44","1095","136","269","3","31555027","3600","798","9","8","67","16","0","0","0","0","3","3","2","0","1","10876","518","298","3","0","0","11394","301","0","22","989","462","176","1651"
"3550308005218","35","São Paulo","3515","Metropolitana de São Paulo","35061","São Paulo","20","RM São Paulo","3550308","SÃO PAULO","9834","2","227","0","0","0","0","0","131","2338","19","0","501","7615","55","390","4","0","3850","5995","34960","18761","2764","304","13106","25","34893","9835","6573","8593","4007","402","494","845","169","1544","26","982","60","996","86","253","1","21395803","3200","557","22","47","35","8","0","0","0","0","0","0","0","0","0","8255","462","245","16","0","0","8717","261","0","110","750","455","138","1453"
"3550308005219","35","São Paulo","3515","Metropolitana de São Paulo","35061","São Paulo","20","RM São Paulo","3550308","SÃO PAULO","10323","3","214","0","0","130","1","5","197","1615","42","1","2898","6124","139","399","4","10","4563","5763","33474","20086","2235","636","10495","22","33467","10326","6365","7850","4190","301","305","749","110","1232","42","889","36","771","86","168","3","29646129","3250","362","11","8","103","39","0","0","0","0","3","3","0","0","3","8878","373","82","4","0","0","9251","86","0","0","798","411","116","1326"
"3550308005220","35","São Paulo","3515","Metropolitana de São Paulo","35061","São Paulo","20","RM São Paulo","3550308","SÃO PAULO","12429","0","422","0","0","0","0","3","209","1910","47","0","2237","7629","173","506","0","8","5370","7064","37783","27741","1214","1855","6905","68","37697","12434","7462","7815","4420","294","431","998","201","1310","23","926","50","857","68","247","5","70436882","8310","626","7","25","30","5","0","0","0","0","0","0","0","0","0","11491","462","254","21","0","0","11953","275","0","17","541","576","35","1168"
"3550308005221","35","São Paulo","3515","Metropolitana de São Paulo","35061","São Paulo","20","RM São Paulo","3550308","SÃO PAULO","13790","4","663","2","0","49","0","5","85","3289","98","5","1418","10075","338","354","7","18","5925","7856","45129","19725","3852","287","21171","25","45012","13769","8658","11152","5481","633","418","639","117","1790","43","1008","30","973","97","155","1","24977004","400","785","42","136","369","133","0","0","0","0","0","2","0","2","2","9761","917","399","62","1","0","10678","461","1","82","820","740","351","1993"
"3550308005222","35","São Paulo","3515","Metropolitana de São Paulo","35061","São Paulo","20","RM São Paulo","3550308","SÃO PAULO","9916","1","414","0","0","235","0","1","69","2071","10","4","3560","6572","37","269","3","2","4387","5529","31640","15100","2631","304","13557","48","31640","9916","6045","7379","4095","363","293","555","77","1186","31","748","11","629","76","211","0","20834842","0","653","37","14","184","41","0","0","0","0","0","1","0","0","0","7872","151","388","10","0","0","8023","398","0","0","756","535","222","1514"
"3550308005223","35","São Paulo","3515","Metropolitana de São Paulo","35061","São Paulo","20","RM São Paulo","3550308","SÃO PAULO","9130","3","115","0","0","1","0","3","42","2043","16","0","1880","6861","62","93","9","14","4181","4950","29817","14266","2663","162","12703","23","29816","9131","5559","7022","3917","301","229","575","78","1086","23","905","21","798","76","90","1","17353745","600","442","2","0","560","226","0","0","0","0","2","3","0","0","0","7461","138","222","3","0","0","7599","225","0","0","481","543","160","1185"
"3550308005224","35","São Paulo","3515","Metropolitana de São Paulo","35061","São Paulo","20","RM São Paulo","3550308","SÃO PAULO","14152","5","592","0","0","0","13","3","105","3039","28","2","11980","9130","84","164","9","11","6314","7840","45546","20299","3396","281","21534","36","45534","14154","8520","10368","6201","613","335","813","102","1744","45","1233","25","1108","58","200","2","24480828","350","673","17","21","1406","78","0","1","0","1","2","3","2","0","0","12539","208","333","3","2","0","12747","336","2","36","991","713","351","2091"
"3550308005225","35","São Paulo","3515","Metropolitana de São Paulo","35061","São Paulo","20","RM São Paulo","3550308","SÃO PAULO","12569","1","1839","1","0","1","1","2","56","2704","10","0","1171","9075","49","488","1","8","5676","6896","40686","20243","3055","258","17109","21","40676","12572","7613","9441","5164","445","297","823","96","1427","31","1261","31","1124","109","239","3","23406461","3960","771","37","12","387","72","0","0","0","0","0","0","0","0","0","7596","483","337","288","0","0","8079","625","0","72","975","817","325","2189"
"3550308005226","35","São Paulo","3515","Metropolitana de São Paulo","35061","São Paulo","20","RM São Paulo","3550308","SÃO PAULO","12385","6","573","2","0","0","0","8","88","3476","75","0","579","10604","216","1208","13","22","5564","6823","40744","19101","3341","349","17932","21","40736","12387","7573","9386","5464","549","375","772","103","1668","27","1157","27","974","64","199","2","21563012","8900","777","9","20","438","77","0","0","0","0","0","5","0","0","0","9687","206","454","105","0","0","9893","559","0","53","721","931","400","2104"
"3550308005227","35","São Paulo","3515","Metropolitana de São Paulo","35061","São Paulo","20","RM São Paulo","3550308","SÃO PAULO","11160","5","1067","0","0","0","0","5","280","2898","13","0","1041","8828","44","1040","10","13","4980","6191","37123","14522","3072","187","19294","48","37086","11171","7087","9320","4736","528","292","500","82","1426","35","882","14","846","51","147","11","16823067","10370","948","49","61","225","34","0","0","0","0","0","2","0","0","0","8116","597","351","54","0","0","8713","405","0","44","672","739","374","1829"
"3550308005228","35","São Paulo","3515","Metropolitana de São Paulo","35061","São Paulo","20","RM São Paulo","3550308","SÃO PAULO","9109","0","326","0","0","0","0","2","100","2324","56","0","1510","7953","193","335","0","5","3980","5131","28321","16243","1882","388","9763","40","28246","9110","5524","6394","3286","332","252","532","93","988","30","728","24","619","49","267","2","23784451","2400","460","39","7","138","32","0","0","0","0","0","0","0","0","0","7399","281","578","8","0","0","7680","586","0","16","509","638","227","1389"
"3550308005229","35","São Paulo","3515","Metropolitana de São Paulo","35061","São Paulo","20","RM São Paulo","3550308","SÃO PAULO","13949","6","1522","0","0","0","0","2","199","2879","18","0","1184","9557","76","955","17","7","5765","8187","46732","22296","3660","369","20384","23","46723","13951","8900","11642","5783","628","449","688","133","1866","41","1181","24","1143","82","179","2","25534417","500","889","58","37","239","24","0","0","0","0","2","6","4","0","3","8906","759","1191","34","0","0","9665","1225","0","98","930","666","388","2082"
"3550308005230","35","São Paulo","3515","Metropolitana de São Paulo","35061","São Paulo","20","RM São Paulo","3550308","SÃO PAULO","15121","4","758","1","0","1","10","5","158","2806","38","0","1390","9937","129","151","9","7","6837","8290","49861","24398","3738","333","21334","58","49806","15126","9406","11876","6146","551","405","1094","132","1813","42","1481","49","1256","138","286","5","30781629","5800","824","36","22","175","41","0","0","0","0","1","3","1","0","0","9713","628","870","241","0","0","10341","1111","0","19","1182","719","304","2223"
"3550308005231","35","São Paulo","3515","Metropolitana de São Paulo","35061","São Paulo","20","RM São Paulo","3550308","SÃO PAULO","14161","6","442","0","0","0","38","5","430","2854","56","0","6194","9544","204","2345","11","15","6357","7807","46059","23067","3918","441","18566","67","45992","14164","8421","10515","6392","657","446","765","132","1987","59","1033","23","990","135","256","3","29215296","1000","667","27","6","303","95","1","0","1","1","2","3","2","0","0","11895","334","497","60","0","0","12229","557","0","82","1010","696","256","2044"
"3550308005232","35","São Paulo","3515","Metropolitana de São Paulo","35061","São Paulo","20","RM São Paulo","3550308","SÃO PAULO","8779","7","11","0","0","1","14","2","102","2094","5","1","2775","6702","19","294","26","10","4164","4617","28574","12925","2372","226","13017","34","28571","8781","5351","6612","3904","373","234","491","74","1156","31","661","22","644","67","164","2","16438270","1800","348","18","16","189","85","0","0","0","0","4","7","1","0","0","6910","406","278","12","1","0","7316","290","1","28","548","411","312","1299"
"3550308005233","35","São Paulo","3515","Metropolitana de São Paulo","35061","São Paulo","20","RM São Paulo","3550308","SÃO PAULO","10731","2","340","1","0","1","0","2","64","3116","14","0","475","9653","42","688","4","4","4432","6331","35523","15576","2231","257","17411","48","35409","10763","6895","8760","4150","366","316","727","110","1297","32","1053","26","777","82","157","32","19446597","19177","554","181","39","284","164","0","0","0","0","2","2","1","0","0","9048","526","403","93","0","0","9574","496","0","265","773","595","347","1978"
"3550308005234","35","São Paulo","3515","Metropolitana de São Paulo","35061","São Paulo","20","RM São Paulo","3550308","SÃO PAULO","13100","4","234","0","1","0","1","7","294","2079","27","0","6813","8175","101","1276","14","19","5665","7436","43059","23134","3284","685","15900","56","43034","13101","8234","10292","5314","606","432","746","155","1738","52","1024","31","934","106","237","1","34216428","100","651","40","104","383","90","0","0","0","0","4","4","0","0","0","10473","143","373","6","0","0","10616","379","0","51","873","563","241","1727"
"3550308005235","35","São Paulo","3515","Metropolitana de São Paulo","35061","São Paulo","20","RM São Paulo","3550308","SÃO PAULO","11409","3","651","0","0","1","0","9","247","2310","22","1","3768","8217","91","168","8","30","5418","5997","38054","20977","2750","904","13339","84","38025","11415","6910","8382","4598","434","407","1260","153","1534","35","1343","58","1201","75","198","6","27684824","11840","616","48","7","361","108","1","1","1","1","2","2","1","0","1","9451","362","639","132","1","0","9813","771","1","90","691","471","166","1419"
"3550308005236","35","São Paulo","3515","Metropolitana de São Paulo","35061","São Paulo","20","RM São Paulo","3550308","SÃO PAULO","12022","5","1146","0","0","0","11","2","245","2765","32","0","2478","9632","106","55","10","6","5112","6913","41359","19226","3415","399","18269","37","41316","12024","7755","10124","5242","509","418","566","115","1706","40","1016","31","1361","75","330","5","23371761","7030","543","137","27","259","167","0","0","0","0","1","4","1","0","0","8212","794","1126","144","0","0","9006","1270","0","148","894","612","281","1935"
"3550308005237","35","São Paulo","3515","Metropolitana de São Paulo","35061","São Paulo","20","RM São Paulo","3550308","SÃO PAULO","16605","4","844","0","0","182","0","5","150","2655","30","21","6619","10595","139","483","16","18","7834","8775","53366","28104","4014","580","20604","57","53347","16609","10678","12920","5881","623","319","1271","160","1537","48","1492","55","1320","57","359","5","47861333","5350","951","68","27","196","53","0","0","1","1","3","4","1","0","0","12478","387","763","98","0","0","12865","861","0","47","951","711","262","1972"
"3550308005238","35","São Paulo","3515","Metropolitana de São Paulo","35061","São Paulo","20","RM São Paulo","3550308","SÃO PAULO","11422","2","308","0","0","1","0","1","217","1741","74","0","5673","7058","308","124","8","1","5308","6118","37967","20491","3276","859","13312","29","37843","11426","7092","9074","4446","403","427","862","132","1484","35","1106","55","983","88","215","4","35853046","5610","624","34","14","699","317","0","0","0","0","0","1","0","0","0","9613","482","348","3","0","0","10095","351","0","26","968","484","128","1606"
"3550308005239","35","São Paulo","3515","Metropolitana de São Paulo","35061","São Paulo","20","RM São Paulo","3550308","SÃO PAULO","8474","3","1229","0","0","0","0","53","226","1620","34","0","3929","5589","120","259","10","158","3792","4687","29768","14777","2515","508","11933","35","29048","8478","5427","7352","3643","325","269","492","76","1187","12","792","23","738","87","129","4","19393934","3950","589","45","24","1705","188","0","0","0","0","0","1","1","0","0","7411","447","150","49","0","0","7858","199","0","146","692","389","156","1384"
"3550308005240","35","São Paulo","3515","Metropolitana de São Paulo","35061","São Paulo","20","RM São Paulo","3550308","SÃO PAULO","9969","3","545","1","0","0","0","1","255","2043","55","0","5192","7440","197","45","10","3","4682","5290","32429","16462","3033","374","12547","13","32375","9972","6091","7108","4526","385","291","708","120","1212","12","910","25","804","59","145","3","23924400","2000","469","12","8","39","0","0","0","0","0","0","2","0","0","0","8903","61","237","0","0","0","8964","237","0","55","504","532","237","1329"
"3550308005241","35","São Paulo","3515","Metropolitana de São Paulo","35061","São Paulo","20","RM São Paulo","3550308","SÃO PAULO","7918","4","113","19","0","1","0","1","61","2031","82","13","219","6228","286","126","9","1","2968","4955","26659","13992","1506","134","11005","17","26641","7923","5672","7622","2464","354","266","314","116","799","17","489","6","459","45","101","6","16301077","5100","261","1","13","308","67","0","0","0","0","0","1","0","0","0","6661","580","213","46","0","0","7241","259","0","50","433","361","226","1070"
"3550308005242","35","São Paulo","3515","Metropolitana de São Paulo","35061","São Paulo","20","RM São Paulo","3550308","SÃO PAULO","10489","7","63","9","0","3","0","7","119","1763","40","0","5227","6009","159","478","28","23","4121","6371","35709","19733","2762","185","12954","55","35668","10489","7020","9337","4140","486","396","562","134","1439","30","690","30","707","65","134","4","18818297","3050","775","8","32","406","105","0","0","0","0","0","3","3","0","0","8860","284","1058","168","0","0","9144","1226","0","44","844","450","251","1589"
"3550308005243","35","São Paulo","3515","Metropolitana de São Paulo","35061","São Paulo","20","RM São Paulo","3550308","SÃO PAULO","11892","11","939","7","0","70","0","16","129","2227","52","33","500","7331","194","1222","31","52","4610","7287","42821","19784","3352","404","19208","73","42812","11897","8001","11505","4859","547","470","709","140","1773","38","1195","40","1242","80","279","5","18492782","15500","1181","59","328","1001","251","0","2","4","1","3","7","2","2","0","7798","2325","528","191","0","0","10123","719","0","84","773","455","309","1621"
"3550308005244","35","São Paulo","3515","Metropolitana de São Paulo","35061","São Paulo","20","RM São Paulo","3550308","SÃO PAULO","8370","2","1","0","0","0","2","4","142","1523","16","52","558","5313","51","41","2","13","3417","4960","29564","14235","1678","172","13423","18","29487","8371","5519","7785","3460","448","292","532","116","1283","35","716","28","758","40","112","10","14343135","10225","699","16","107","190","15","0","0","0","0","1","1","0","0","0","5908","281","611","900","1","51","6189","1511","52","15","840","425","245","1526"
"3550308005245","35","São Paulo","3515","Metropolitana de São Paulo","35061","São Paulo","20","RM São Paulo","3550308","SÃO PAULO","7324","4","7","0","0","0","0","4","25","1350","12","0","133","4713","38","283","24","14","3668","3661","26244","12107","1731","119","12254","33","26236","7329","4713","6848","3032","256","275","747","92","1173","33","896","30","620","73","118","5","9673485","5331","734","8","204","187","42","0","0","0","0","3","3","1","0","0","5498","1370","125","210","0","0","6868","335","0","0","598","281","73","952"
"3550308005246","35","São Paulo","3515","Metropolitana de São Paulo","35061","São Paulo","20","RM São Paulo","3550308","SÃO PAULO","9566","5","55","0","0","0","0","13","73","1823","21","0","1426","6275","76","515","17","54","4510","5057","33318","14845","2187","173","16091","22","33314","9567","5917","7910","4337","354","376","853","96","1779","40","1028","34","838","79","107","1","15604314","3500","673","0","2","2","1","0","0","0","0","1","5","3","0","0","9216","164","179","2","0","0","9380","181","0","0","786","464","265","1515"
"3550308005247","35","São Paulo","3515","Metropolitana de São Paulo","35061","São Paulo","20","RM São Paulo","3550308","SÃO PAULO","8338","2","74","2","0","0","4","17","86","1341","28","0","1815","5119","116","157","8","46","3926","4413","29159","12007","2848","150","14124","15","29135","8338","5364","7343","3861","357","262","600","69","1232","47","788","26","679","36","116","4","11232886","2010","804","17","53","850","188","0","0","0","0","2","2","1","0","1","6657","663","562","109","0","0","7320","671","0","0","573","245","162","980"
"3550308005248","35","São Paulo","3515","Metropolitana de São Paulo","35061","São Paulo","20","RM São Paulo","3550308","SÃO PAULO","14119","9","178","0","0","4","6","5","330","2689","32","4","1257","8958","103","805","25","17","6125","7997","48915","22417","3818","412","22243","25","48899","14122","9086","12510","6347","698","533","747","148","2457","64","1007","38","937","80","125","3","23090812","1500","797","20","28","259","40","1","1","1","1","6","9","3","0","0","12188","791","460","181","0","4","12979","641","4","43","917","620","255","1835"
"3550308005249","35","São Paulo","3515","Metropolitana de São Paulo","35061","São Paulo","20","RM São Paulo","3550308","SÃO PAULO","13442","10","592","2","0","0","4","12","237","2634","36","1","2577","8805","141","235","22","38","6196","7254","44492","22664","3378","434","17972","42","44456","13449","8309","10360","5744","464","431","1027","166","1912","57","1269","53","947","96","160","7","25238393","3060","749","17","4","201","42","0","0","0","0","2","5","1","0","0","11969","334","613","118","1","0","12303","731","1","26","1095","739","216","2076"
"3550308005250","35","São Paulo","3515","Metropolitana de São Paulo","35061","São Paulo","20","RM São Paulo","3550308","SÃO PAULO","8431","5","285","1","0","0","9","8","548","1294","54","4","2636","4587","189","785","11","34","3912","4520","29750","13693","2234","143","13669","11","29705","8432","5469","7612","3796","406","315","679","77","1388","42","691","39","644","41","74","1","13730148","1000","606","14","3","395","103","1","1","1","1","2","3","2","1","0","6789","380","498","298","0","4","7169","796","4","19","730","291","113","1153"
"3550308005251","35","São Paulo","3515","Metropolitana de São Paulo","35061","São Paulo","20","RM São Paulo","3550308","SÃO PAULO","12755","8","233","0","1","15","18","9","174","2508","44","5","761","8451","144","443","32","36","5207","7552","44469","19054","3782","240","21341","52","44459","12759","8374","11838","5695","631","405","632","104","1879","47","930","30","946","57","140","4","18471916","3620","1239","19","19","448","123","0","0","0","0","1","4","0","0","0","10711","449","557","311","2","3","11160","868","5","543","1083","688","207","2521"
"3550308005252","35","São Paulo","3515","Metropolitana de São Paulo","35061","São Paulo","20","RM São Paulo","3550308","SÃO PAULO","14388","9","679","3","0","1","4","10","456","2377","55","0","5340","7926","190","455","18","20","6025","8374","49773","21424","4181","217","23928","23","49737","14399","9391","13058","6612","794","439","720","122","2110","75","946","23","866","46","154","11","20269354","5020","959","62","11","102","31","0","1","2","2","2","9","3","0","0","11224","1868","507","453","0","0","13092","960","0","0","1063","330","512","1905"
"3550308005253","35","São Paulo","3515","Metropolitana de São Paulo","35061","São Paulo","20","RM São Paulo","3550308","SÃO PAULO","14979","8","288","0","0","0","4","18","369","2867","60","0","2634","10119","225","810","32","41","6793","8199","50365","27563","3053","609","19106","34","50243","14991","9606","12118","6468","609","443","1108","163","2071","48","1175","57","1126","91","185","12","31631460","5570","734","10","4","128","57","0","0","0","0","5","8","2","0","0","13185","948","751","73","0","0","14133","824","0","36","1217","466","483","2201"
"3550308005254","35","São Paulo","3515","Metropolitana de São Paulo","35061","São Paulo","20","RM São Paulo","3550308","SÃO PAULO","11944","6","247","0","0","2","2","13","977","1230","20","1","14683","4453","60","245","19","59","5428","6518","42599","17806","4137","243","20353","60","42578","11946","7941","10664","6083","622","425","757","150","1892","36","915","37","920","48","129","2","16026179","1410","954","11","6","261","24","0","0","0","0","1","2","1","0","0","10164","964","317","87","0","0","11128","404","0","34","1094","243","112","1484"
"3550308005255","35","São Paulo","3515","Metropolitana de São Paulo","35061","São Paulo","20","RM São Paulo","3550308","SÃO PAULO","8551","7","421","0","0","0","0","5","805","1009","16","1","10025","3640","62","283","20","24","3836","4719","30713","13004","3089","148","14424","44","30701","8555","5594","7990","4198","467","341","548","63","1402","21","705","21","650","58","74","4","10811193","3910","563","11","7","206","69","0","0","0","0","0","3","2","2","2","7204","209","339","14","1","0","7413","353","1","75","739","187","120","1121"
"3550308005256","35","São Paulo","3515","Metropolitana de São Paulo","35061","São Paulo","20","RM São Paulo","3550308","SÃO PAULO","9196","6","244","2","0","2","1","12","114","1125","13","0","7617","4185","66","191","15","47","4301","4895","32051","13540","2873","125","15486","27","32051","9196","5919","8068","4713","513","289","517","92","1324","25","652","17","607","22","88","0","13149720","0","607","13","50","459","111","0","0","0","0","3","4","2","0","0","7714","288","731","41","0","0","8002","772","0","307","673","292","149","1421"
"3550308005257","35","São Paulo","3515","Metropolitana de São Paulo","35061","São Paulo","20","RM São Paulo","3550308","SÃO PAULO","8694","7","258","0","0","0","0","5","45","1555","34","0","2712","5041","121","123","23","24","3818","4878","29886","13771","2855","154","13082","24","29883","8696","5553","7546","3821","381","254","708","78","1207","21","844","20","599","66","87","2","12706277","500","749","11","12","146","21","1","0","1","1","4","7","2","1","0","7826","545","196","123","0","0","8371","319","0","0","654","436","176","1266"
"3550308005258","35","São Paulo","3515","Metropolitana de São Paulo","35061","São Paulo","20","RM São Paulo","3550308","SÃO PAULO","8475","7","372","2","0","1","5","10","193","1098","23","66","2388","3812","98","2086","19","38","4151","4324","30247","12990","3027","143","14046","11","30247","8475","5554","8079","4282","407","282","477","81","1242","47","629","18","551","54","68","0","11806708","0","551","23","31","323","59","4","4","4","4","6","7","4","0","1","6287","919","527","332","0","66","7206","859","66","95","768","184","53","1100"
"3550308005259","35","São Paulo","3515","Metropolitana de São Paulo","35061","São Paulo","20","RM São Paulo","3550308","SÃO PAULO","15980","23","812","0","0","3","4","20","338","2224","38","5","4653","7483","124","2040","66","73","6878","9109","56989","23481","5225","197","28026","60","56976","15987","10649","14876","6991","979","595","1198","164","2411","57","1513","62","1194","74","226","7","22648374","4971","963","43","83","826","159","0","0","3","3","18","22","5","1","0","12424","1180","1729","446","0","5","13604","2175","5","45","1384","494","311","2234"
"3550308005260","35","São Paulo","3515","Metropolitana de São Paulo","35061","São Paulo","20","RM São Paulo","3550308","SÃO PAULO","13504","20","80","3","0","0","10","9","100","2524","47","7","737","8465","168","1452","54","27","5748","7763","47390","20938","3594","212","22519","127","47369","13511","8926","12826","5379","642","459","996","153","1929","52","1223","33","992","50","215","7","20664882","5940","977","45","32","264","51","2","0","2","2","10","20","5","0","0","11262","601","1509","76","7","0","11863","1585","7","22","1051","567","370","2010"
"3550308005261","35","São Paulo","3515","Metropolitana de São Paulo","35061","São Paulo","20","RM São Paulo","3550308","SÃO PAULO","11288","1","740","1","0","0","0","2","194","997","10","0","4464","5725","44","191","3","11","5104","6186","36815","20257","3796","288","12454","20","36799","11290","6944","8166","4883","449","391","755","121","1918","53","812","31","776","82","143","2","23310567","2510","665","13","33","106","39","0","0","0","0","1","1","0","0","0","9665","543","65","29","1","0","10208","94","1","16","1083","391","90","1580"
"3550308005262","35","São Paulo","3515","Metropolitana de São Paulo","35061","São Paulo","20","RM São Paulo","3550308","SÃO PAULO","8189","0","378","0","0","0","0","2","39","790","6","0","3797","3209","17","146","0","5","4219","3971","27341","13693","2890","138","10589","31","27335","8190","4865","5887","3602","357","319","808","84","1390","47","828","52","777","44","78","1","15061697","1430","418","0","1","0","0","0","0","0","0","0","0","0","0","0","7817","264","35","0","0","0","8081","35","0","24","917","314","80","1336"
"3550308005263","35","São Paulo","3515","Metropolitana de São Paulo","35061","São Paulo","20","RM São Paulo","3550308","SÃO PAULO","8345","0","299","1","0","0","0","3","52","167","5","0","5392","3072","45","123","0","5","3802","4543","25828","14914","2624","162","8032","15","25744","8344","4953","5470","3375","309","208","476","76","1343","40","538","21","492","26","75","1","18930729","1010","251","2","4","74","29","0","0","0","0","0","0","0","0","0","7962","190","81","0","0","0","8152","81","0","21","713","202","0","936"
"3550308005264","35","São Paulo","3515","Metropolitana de São Paulo","35061","São Paulo","20","RM São Paulo","3550308","SÃO PAULO","9298","4","208","0","0","0","1","4","161","2116","30","0","1633","7393","111","237","6","19","3996","5310","31205","15588","2774","171","12649","23","31181","9306","5874","7741","4107","517","285","474","94","1270","27","639","26","596","28","195","8","16904486","6400","470","9","24","170","30","0","0","0","0","1","3","2","0","0","7776","263","1169","60","0","0","8039","1229","0","43","610","359","374","1386"
"3550308005265","35","São Paulo","3515","Metropolitana de São Paulo","35061","São Paulo","20","RM São Paulo","3550308","SÃO PAULO","8274","2","156","0","0","0","5","16","163","1565","40","114","1433","5361","165","495","2","60","3653","4624","28095","13866","2426","113","11683","7","28032","8276","5273","7042","3707","357","255","511","96","1079","26","642","39","615","27","64","2","14503418","20","647","15","32","147","19","0","0","0","0","2","2","0","0","2","6547","431","796","327","0","111","6978","1123","111","53","563","327","100","1043"
"3550308005266","35","São Paulo","3515","Metropolitana de São Paulo","35061","São Paulo","20","RM São Paulo","3550308","SÃO PAULO","12970","18","344","85","3","25","2","13","417","1667","35","112","4773","6530","143","790","47","39","5459","7515","44668","20447","4791","194","19207","29","44603","12974","8347","11682","5957","570","422","637","108","1813","39","908","26","883","47","170","4","22134703","3050","692","20","62","637","82","13","13","13","13","17","18","15","0","7","10034","1338","929","238","2","102","11372","1167","104","70","864","465","320","1719"
"3550308005267","35","São Paulo","3515","Metropolitana de São Paulo","35061","São Paulo","20","RM São Paulo","3550308","SÃO PAULO","8207","3","885","27","10","50","0","2","249","458","59","54","13213","2073","241","1956","11","7","4040","4168","27973","12608","2637","214","12490","24","27960","8208","5246","7104","3750","467","219","638","68","872","17","686","27","537","40","82","1","11267540","510","504","56","67","391","61","1","1","1","1","1","1","0","0","0","5949","471","544","791","38","1","6420","1335","39","191","531","108","26","857"
"3550308005268","35","São Paulo","3515","Metropolitana de São Paulo","35061","São Paulo","20","RM São Paulo","3550308","SÃO PAULO","12175","10","251","3","0","10","11","10","771","834","31","0","16667","3731","127","706","32","31","6126","6052","42877","18837","4839","156","19021","24","42873","12178","7608","10390","5958","594","363","1130","122","1841","49","1394","45","972","73","132","3","15992950","2500","1146","33","42","376","51","1","1","3","3","8","10","4","1","0","10078","506","643","361","0","0","10584","1004","0","116","1023","137","137","1413"
"3550308005269","35","São Paulo","3515","Metropolitana de São Paulo","35061","São Paulo","20","RM São Paulo","3550308","SÃO PAULO","8500","6","654","1","0","2","0","8","1067","547","13","3","10630","2479","42","2417","16","35","4363","4138","29765","14003","3279","117","12350","16","29764","8501","5249","7245","4096","475","314","728","74","1431","39","750","27","691","46","98","1","13031299","700","545","21","8","113","10","3","3","3","3","4","6","0","3","3","7494","583","123","115","1","2","8077","238","3","89","651","137","91","968"
"3550308005270","35","São Paulo","3515","Metropolitana de São Paulo","35061","São Paulo","20","RM São Paulo","3550308","SÃO PAULO","10506","9","1178","90","0","6","0","13","1082","942","68","22","8637","4037","224","2370","40","44","4894","5613","38284","15274","4131","198","18646","35","38283","10507","6957","10290","4862","595","376","791","100","1561","42","1041","34","882","83","159","1","14063081","256","793","72","198","826","103","1","1","1","1","1","2","0","0","0","5819","2580","188","591","0","0","8399","779","0","82","883","187","94","1245"
"3550308005271","35","São Paulo","3515","Metropolitana de São Paulo","35061","São Paulo","20","RM São Paulo","3550308","SÃO PAULO","8497","5","767","0","0","18","6","11","712","354","10","0","13423","1887","40","2349","18","43","4254","4243","30384","12349","4616","117","13259","43","30384","8497","5272","7331","4675","544","307","476","86","1592","34","707","14","686","55","96","0","11855673","0","547","18","53","401","43","0","0","0","0","0","5","0","0","0","5945","1435","237","560","0","0","7380","797","0","233","935","122","69","1358"
"3550308005272","35","São Paulo","3515","Metropolitana de São Paulo","35061","São Paulo","20","RM São Paulo","3550308","SÃO PAULO","11468","1","635","4","0","3","0","1","318","360","16","7","13523","3455","81","1409","3","4","5588","5895","38613","16751","5986","160","15685","26","38539","11482","6855","9055","5918","684","349","501","85","2004","63","668","20","731","57","129","15","16974052","6949","645","18","14","159","21","0","0","0","0","0","0","0","0","0","9460","1434","115","10","7","0","10894","125","7","107","956","255","16","1334"
"3550308005273","35","São Paulo","3515","Metropolitana de São Paulo","35061","São Paulo","20","RM São Paulo","3550308","SÃO PAULO","9446","1","636","0","1","20","1","2","321","340","11","1","22256","2334","39","410","4","5","4349","5100","31013","14319","3686","133","12802","73","31007","9449","5882","7667","4351","508","213","434","58","1097","23","554","13","626","43","89","3","13985128","2900","609","14","20","69","20","1","1","1","1","1","1","0","1","1","8998","163","237","24","1","0","9161","261","1","23","621","180","91","915"
"3550308005274","35","São Paulo","3515","Metropolitana de São Paulo","35061","São Paulo","20","RM São Paulo","3550308","SÃO PAULO","8433","3","334","0","0","4","12","3","1219","1768","21","2","4671","5900","56","585","7","10","3810","4625","28798","15082","1642","190","11867","17","28787","8435","5593","7411","3040","357","274","746","91","1088","11","914","28","688","14","93","2","13646118","2200","524","4","25","59","6","0","0","0","0","0","3","0","0","0","7152","322","617","131","2","0","7474","748","2","20","659","400","225","1304"
"3550308005275","35","São Paulo","3515","Metropolitana de São Paulo","35061","São Paulo","20","RM São Paulo","3550308","SÃO PAULO","9503","4","69","10","0","7","2","7","584","1618","39","27","2240","5411","135","503","11","16","3605","5899","33442","17173","2144","194","13903","28","33429","9504","6754","9641","3138","479","326","661","112","1159","26","770","21","708","42","87","1","15017146","1400","812","32","32","181","28","1","1","3","1","4","4","1","0","0","7604","799","471","266","2","26","8403","737","28","78","508","423","253","1263"
"3550308005276","35","São Paulo","3515","Metropolitana de São Paulo","35061","São Paulo","20","RM São Paulo","3550308","SÃO PAULO","8717","2","150","17","0","70","1","6","386","942","47","3","8174","3405","174","172","3","13","3326","5391","30807","14180","2462","150","13985","30","30807","8717","6243","9023","3232","541","234","451","86","898","14","620","9","610","57","69","0","12374005","0","592","114","119","290","62","0","0","0","1","0","2","0","0","0","3650","3807","556","624","3","0","7457","1180","3","32","433","275","156","895"
"3550308005277","35","São Paulo","3515","Metropolitana de São Paulo","35061","São Paulo","20","RM São Paulo","3550308","SÃO PAULO","9744","19","990","1","0","237","27","20","291","994","12","121","5417","3737","49","894","44","60","5016","4729","35896","15485","2709","132","17516","48","35895","9745","6381","9480","4810","376","364","778","87","1560","41","1108","31","918","63","142","1","12416043","510","889","122","174","550","61","10","11","10","11","12","15","15","10","10","6090","2208","485","499","26","2","8298","984","28","532","623","281","258","1695"
"3550308005278","35","São Paulo","3515","Metropolitana de São Paulo","35061","São Paulo","20","RM São Paulo","3550308","SÃO PAULO","8339","2","2241","2","2","197","1","8","158","1283","29","9","614","4324","88","1150","6","28","3395","4945","29915","14090","2069","154","13580","22","29907","8340","5924","8613","3019","486","244","598","110","968","18","770","24","708","33","58","1","11594970","650","494","127","289","1143","165","0","0","0","0","0","0","0","0","0","3860","2047","662","1244","0","4","5907","1906","4","55","590","271","108","1025"
"3550308005279","35","São Paulo","3515","Metropolitana de São Paulo","35061","São Paulo","20","RM São Paulo","3550308","SÃO PAULO","9016","2","25","2","0","0","1","7","41","1896","10","0","153","6135","28","7","14","18","3589","5428","32088","13264","2537","274","15980","33","32084","9017","6164","8685","3741","474","371","529","91","1238","13","730","17","801","60","141","1","13646532","1500","747","31","189","1473","205","1","2","1","2","1","2","1","1","1","4053","957","2605","234","0","0","5010","2839","0","13","693","425","147","1278"
"3550308005280","35","São Paulo","3515","Metropolitana de São Paulo","35061","São Paulo","20","RM São Paulo","3550308","SÃO PAULO","15635","6","1176","4","1","1","1","14","248","2969","45","1","1352","10573","147","700","26","47","6800","8845","54979","25797","5395","253","23417","54","54945","15645","10052","14092","7092","780","554","955","174","2361","47","1427","51","1342","97","250","10","26335238","7227","863","105","102","1398","326","1","1","1","1","4","4","1","2","1","10891","1246","1427","307","0","1","12137","1734","1","58","1355","620","175","2208"
"3550308005281","35","São Paulo","3515","Metropolitana de São Paulo","35061","São Paulo","20","RM São Paulo","3550308","SÃO PAULO","7917","5","392","1","0","89","2","7","81","1433","39","10","344","5098","131","170","15","20","2912","5003","28204","10029","2253","156","15730","11","28169","7912","5470","7482","3817","606","258","264","59","873","12","505","8","606","86","205","0","10130932","0","652","81","605","2648","666","2","1","2","2","2","2","2","2","0","2533","894","2614","781","1","0","3427","3395","1","110","527","315","250","1202"
"3550308005282","35","São Paulo","3515","Metropolitana de São Paulo","35061","São Paulo","20","RM São Paulo","3550308","SÃO PAULO","10281","4","274","1","2","0","0","8","83","2046","12","1","333","6767","37","58","13","29","4210","6081","36750","15813","3206","311","17389","23","36660","10289","6839","9220","4875","494","426","697","89","1484","21","1005","29","910","47","252","10","15644083","9480","793","26","45","457","72","3","2","1","3","4","4","4","0","0","7700","948","550","320","2","0","8648","870","2","0","783","478","301","1562"
"3550308005283","35","São Paulo","3515","Metropolitana de São Paulo","35061","São Paulo","20","RM São Paulo","3550308","SÃO PAULO","15712","6","724","0","0","2","1","7","169","3978","35","0","679","12171","127","2280","15","23","7003","8709","52696","24833","4317","388","23070","88","52696","15712","9864","12550","6477","691","588","1164","154","2223","38","1376","59","1382","126","266","0","27756304","0","844","90","43","783","132","0","0","1","1","4","4","3","2","0","11077","1288","1487","244","0","0","12365","1731","0","14","1410","982","406","2813"
"3550308005284","35","São Paulo","3515","Metropolitana de São Paulo","35061","São Paulo","20","RM São Paulo","3550308","SÃO PAULO","13117","9","858","0","1","3","0","8","90","2306","22","0","2571","8100","84","414","30","30","5317","7802","45641","19920","4058","321","21310","32","45639","13119","8588","11352","5850","678","490","863","122","1957","24","1160","28","1148","93","161","2","23666718","1400","794","57","45","514","81","0","0","0","0","1","9","1","0","2","11114","1009","593","32","0","0","12123","625","0","41","1238","601","226","2106"
"3550308005285","35","São Paulo","3515","Metropolitana de São Paulo","35061","São Paulo","20","RM São Paulo","3550308","SÃO PAULO","11595","1","107","1","0","6","0","10","272","2272","54","0","1040","7354","186","285","1","32","4508","7090","41453","16995","3708","457","20242","51","41389","11598","7881","11405","5105","585","427","553","111","1649","33","879","19","961","55","126","3","18238273","2800","613","16","11","64","6","0","0","0","0","0","1","0","0","0","9282","445","676","47","0","0","9727","723","0","53","1168","301","421","1943"
"3550308005286","35","São Paulo","3515","Metropolitana de São Paulo","35061","São Paulo","20","RM São Paulo","3550308","SÃO PAULO","9750","11","598","1","0","84","0","4","101","2207","17","0","471","6971","60","734","23","26","4142","5610","33347","15308","2907","242","14882","8","33336","9751","6073","8078","4524","441","383","457","95","1759","46","754","26","719","52","171","1","17712614","500","404","2","5","20","4","1","0","0","0","1","8","2","1","3","6188","365","93","10","0","0","6553","103","0","0","946","437","253","1635"
"3550308005287","35","São Paulo","3515","Metropolitana de São Paulo","35061","São Paulo","20","RM São Paulo","3550308","SÃO PAULO","14297","10","341","3","0","25","0","6","286","2755","100","0","1702","9056","308","2642","28","16","5993","8315","48384","25744","3336","641","18624","34","48243","14308","9118","11610","6024","724","556","954","178","2080","73","1067","37","1177","71","222","11","34287422","18206","839","21","30","152","33","0","0","1","0","0","3","0","0","2","11091","831","286","6","0","0","11922","292","0","45","1033","933","336","2346"
"3550308005288","35","São Paulo","3515","Metropolitana de São Paulo","35061","São Paulo","20","RM São Paulo","3550308","SÃO PAULO","8749","9","249","32","1","2","0","47","35","1642","30","9","127","5288","87","17","26","165","3399","5353","30497","11340","2749","258","16135","15","30494","8752","6013","8445","3489","503","237","447","53","1017","15","720","14","652","31","105","3","11870284","1100","734","150","96","356","75","0","0","0","0","5","8","0","0","0","5658","1316","752","319","1","3","6974","1071","4","57","652","497","177","1383"
"3550308005289","35","São Paulo","3515","Metropolitana de São Paulo","35061","São Paulo","20","RM São Paulo","3550308","SÃO PAULO","7773","9","740","4","0","1","0","5","86","1614","33","1","433","5023","126","33","22","17","3427","4348","27154","9570","2341","154","15054","33","27148","7775","4900","6980","3985","403","245","423","68","921","10","650","14","566","30","176","2","10482672","1450","781","148","134","347","29","5","5","6","5","7","8","5","2","2","3109","1972","1252","755","1","0","5081","2007","1","62","444","484","258","1249"
"3550308005290","35","São Paulo","3515","Metropolitana de São Paulo","35061","São Paulo","20","RM São Paulo","3550308","SÃO PAULO","9194","4","1641","4","2","25","0","6","53","1269","34","19","364","4189","144","77","8","21","3696","5501","32966","10842","3042","188","18868","26","32944","9197","6314","9503","4003","554","230","372","77","1075","16","634","21","707","38","196","3","10860149","1020","669","108","97","821","82","0","0","0","0","1","1","1","0","0","1322","729","1484","1295","1","0","2051","2779","1","54","611","345","169","1180"
"3550308005291","35","São Paulo","3515","Metropolitana de São Paulo","35061","São Paulo","20","RM São Paulo","3550308","SÃO PAULO","11259","12","119","0","0","4","0","10","65","2743","30","1","343","8571","92","228","43","34","4807","6456","38010","15064","3054","251","19614","27","38005","11263","7247","9485","4769","630","299","683","90","1343","36","1015","18","918","69","143","4","16282837","2610","1032","72","40","154","51","1","1","1","1","3","8","1","0","0","8613","528","470","48","1","0","9141","518","1","0","828","563","288","1679"
"3550308005292","35","São Paulo","3515","Metropolitana de São Paulo","35061","São Paulo","20","RM São Paulo","3550308","SÃO PAULO","13016","7","575","1","0","1","3","3","95","2936","38","1","584","9138","121","1028","18","14","5978","7039","43382","17226","3991","261","21889","15","43381","13017","8086","10508","5623","624","322","903","98","1625","17","1252","47","976","55","216","1","18669575","1200","1225","40","19","358","89","0","0","0","0","5","6","0","0","1","8767","1071","596","55","1","0","9838","651","1","32","1081","856","312","2280"
"3550308005293","35","São Paulo","3515","Metropolitana de São Paulo","35061","São Paulo","20","RM São Paulo","3550308","SÃO PAULO","11536","6","1267","1","0","7","6","10","90","2703","28","12","453","8632","96","1663","15","32","4362","7178","39275","15303","3933","293","19695","51","39267","11540","7641","10255","4858","579","303","541","108","1319","32","919","14","925","73","162","4","16955155","2220","695","122","63","509","87","0","1","1","1","6","6","1","0","0","8367","1083","1158","697","10","1","9450","1855","11","24","735","368","496","1623"
"3550308005294","35","São Paulo","3515","Metropolitana de São Paulo","35061","São Paulo","20","RM São Paulo","3550308","SÃO PAULO","9221","6","319","0","0","1","0","3","34","2182","6","0","315","6711","21","1173","12","6","4151","5075","30664","12626","3334","185","14498","21","30656","9226","5755","7393","4169","403","262","521","90","1185","37","701","12","672","66","155","5","14445721","3850","549","26","11","165","75","0","0","0","0","2","4","3","1","0","6820","420","115","7","0","0","7240","122","0","0","481","419","317","1217"
"3550308005295","35","São Paulo","3515","Metropolitana de São Paulo","35061","São Paulo","20","RM São Paulo","3550308","SÃO PAULO","9933","1","603","0","0","0","1","3","612","1693","13","6","7740","5683","53","95","3","12","3998","5936","33438","14458","2632","139","16190","16","33433","9934","6505","8692","4213","526","277","488","104","1191","12","630","16","663","63","122","1","16665702","510","537","28","17","743","97","0","0","0","0","0","1","0","0","0","8409","274","492","7","0","6","8683","499","6","0","677","361","409","1448"
"3550308005296","35","São Paulo","3515","Metropolitana de São Paulo","35061","São Paulo","20","RM São Paulo","3550308","SÃO PAULO","15292","3","759","0","1","1","12","5","174","3545","39","2","3546","11419","113","292","13","13","7819","7479","50889","21644","4957","391","23826","71","50875","15298","9363","12083","6391","541","404","1399","117","1782","38","1748","51","1280","118","249","6","22878465","7200","1628","14","20","324","76","0","0","0","0","0","2","0","0","0","11219","888","894","132","0","0","12107","1026","0","120","782","821","396","2119"
"3550308005297","35","São Paulo","3515","Metropolitana de São Paulo","35061","São Paulo","20","RM São Paulo","3550308","SÃO PAULO","8526","4","548","0","0","1","2","8","134","1776","25","0","2511","5827","75","174","10","23","3872","4660","29244","12526","2284","236","14177","21","29235","8532","5438","7398","3623","465","268","619","89","1144","31","806","19","598","48","164","6","15013557","3922","422","16","9","176","95","0","0","1","1","1","3","2","0","0","5837","466","821","45","0","0","6303","866","0","34","513","449","135","1130"
"3550308005298","35","São Paulo","3515","Metropolitana de São Paulo","35061","São Paulo","20","RM São Paulo","3550308","SÃO PAULO","388","1","121","4","0","0","0","0","4","32","7","0","18","121","22","4","1","0","175","211","1390","634","110","13","602","15","1374","386","255","293","228","35","13","26","4","46","0","30","1","37","3","13","0","466880","0","35","5","21","0","0","0","1","1","1","1","1","1","0","0","54","85","155","88","0","3","139","243","3","5","20","4","0","29"
"3550308005299","35","São Paulo","3515","Metropolitana de São Paulo","35061","São Paulo","20","RM São Paulo","3550308","SÃO PAULO","7846","1","1077","1","0","199","2","2","72","1233","41","0","408","4103","148","1021","1","7","3595","4256","26923","12657","2195","294","11740","22","26895","7850","4834","6429","3507","219","263","769","96","955","12","854","32","575","266","233","8","13641255","13860","454","54","165","269","51","0","0","0","0","0","0","0","0","0","4219","1839","743","98","1","0","6058","841","1","358","699","139","203","1399"
"3550308005300","35","São Paulo","3515","Metropolitana de São Paulo","35061","São Paulo","20","RM São Paulo","3550308","SÃO PAULO","8776","5","858","10","0","0","0","18","91","1346","69","2","508","4435","219","547","13","59","4431","4350","31315","12341","2433","238","16266","36","31184","8777","5800","8109","3697","489","276","900","86","1006","19","1134","27","694","47","110","1","12286252","0","746","180","647","2843","522","1","3","4","4","5","5","1","2","0","3705","1211","2090","1745","3","1","4916","3835","4","69","768","349","168","1355"
"3550308005301","35","São Paulo","3515","Metropolitana de São Paulo","35061","São Paulo","20","RM São Paulo","3550308","SÃO PAULO","8564","10","349","1","1","0","1","39","86","1294","52","2","495","4175","173","144","31","169","4068","4498","29959","12677","2598","342","14284","53","29926","8563","5569","7542","3456","503","259","894","96","1027","31","1123","51","679","33","100","1","11730133","1100","982","106","437","2446","437","0","3","9","3","9","9","3","2","3","3703","924","2178","1216","0","2","4627","3394","2","28","466","99","84","677"
"3550308005302","35","São Paulo","3515","Metropolitana de São Paulo","35061","São Paulo","20","RM São Paulo","3550308","SÃO PAULO","8162","15","227","6","0","1","0","11","75","1045","28","2","289","3506","100","87","36","32","4040","4126","28757","11008","2190","109","15425","23","28743","8165","5374","7704","3728","440","245","621","68","971","22","719","10","559","36","89","4","9867089","1400","789","75","813","4514","791","3","14","14","14","15","15","14","11","0","1051","1115","1640","4002","0","4","2166","5642","4","65","515","282","116","977"
"3550308005303","35","São Paulo","3515","Metropolitana de São Paulo","35061","São Paulo","20","RM São Paulo","3550308","SÃO PAULO","5920","3","316","43","1","31","0","3","62","1100","55","5","246","3162","195","654","8","14","2579","3339","20294","7890","1803","128","10452","14","20286","5918","3795","5313","2334","334","173","392","53","757","13","572","15","445","19","147","0","8452133","0","367","188","217","447","158","0","0","0","0","1","2","1","0","1","3104","657","1010","452","0","3","3761","1462","3","0","357","161","128","646"
"3550308005304","35","São Paulo","3515","Metropolitana de São Paulo","35061","São Paulo","20","RM São Paulo","3550308","SÃO PAULO","9690","5","498","1","0","21","0","9","54","1652","26","0","269","5534","85","40","9","39","3745","5947","33922","12348","2940","121","18484","29","33920","9692","6673","9391","4342","727","281","343","71","1028","14","560","12","640","53","90","2","12640331","300","529","25","99","480","100","0","2","2","2","2","2","1","2","0","1722","971","201","179","0","0","2693","380","0","16","618","370","193","1197"
"3550308005305","35","São Paulo","3515","Metropolitana de São Paulo","35061","São Paulo","20","RM São Paulo","3550308","SÃO PAULO","8231","2","512","0","0","0","0","4","116","1836","24","0","4239","6478","101","78","4","11","3452","4783","25813","17566","1545","722","5959","21","25797","8234","5092","5877","2997","254","252","577","107","988","25","585","10","606","32","138","3","23458447","3000","432","44","17","47","24","0","0","0","0","0","2","0","1","0","7317","285","157","5","0","0","7602","162","0","76","606","425","146","1254"
"3550308005306","35","São Paulo","3515","Metropolitana de São Paulo","35061","São Paulo","20","RM São Paulo","3550308","SÃO PAULO","8192","7","303","1","0","13","0","24","4019","1057","3","5","15411","3478","22","2066","28","93","3016","5177","29662","13293","1937","214","14173","45","29661","8193","5712","8371","3554","473","351","378","70","1223","26","507","20","640","46","95","1","11795332","2500","446","105","94","113","26","0","0","0","0","6","7","1","0","0","5258","1833","155","926","0","5","7091","1081","5","37","734","269","158","1198"
"3550308005307","35","São Paulo","3515","Metropolitana de São Paulo","35061","São Paulo","20","RM São Paulo","3550308","SÃO PAULO","9991","10","1494","0","1","36","1","7","93","2419","56","1","579","7424","187","47","22","20","3211","6807","33744","15558","2377","179","15566","46","33646","10017","7109","9506","3085","688","205","379","104","752","10","851","16","797","61","141","30","16276010","23230","392","39","166","724","203","1","1","3","2","4","8","3","1","1","7706","698","856","248","0","0","8404","1104","0","34","672","574","354","1634"
"3550308005308","35","São Paulo","3515","Metropolitana de São Paulo","35061","São Paulo","20","RM São Paulo","3550308","SÃO PAULO","9456","2","791","0","0","1","1","0","199","2099","30","1","1560","8375","152","416","4","0","4401","5058","28579","18697","1615","2217","6023","27","28466","9459","5155","5619","3078","274","272","998","150","1038","28","1037","45","888","64","323","3","33387707","7150","558","12","7","251","154","0","0","0","0","1","1","1","0","0","8226","72","370","116","1","0","8298","486","1","97","744","472","94","1407"
"3550308005309","35","São Paulo","3515","Metropolitana de São Paulo","35061","São Paulo","20","RM São Paulo","3550308","SÃO PAULO","9326","1","1947","0","0","1","13","5","65","1540","23","0","535","5546","96","2953","1","11","3998","5328","33643","16086","2666","124","14750","15","33637","9326","6483","9208","4021","425","366","469","98","1401","41","691","20","863","63","156","1","15695726","700","580","47","93","592","155","1","0","1","1","1","1","1","0","0","4427","661","1098","1411","0","0","5088","2509","0","267","738","386","239","1629"
"3550308005310","35","São Paulo","3515","Metropolitana de São Paulo","35061","São Paulo","20","RM São Paulo","3550308","SÃO PAULO","9618","8","607","19","1","0","0","3","185","1220","31","14","3845","5468","141","589","21","9","3935","5685","28184","22543","1089","493","4026","33","28180","9620","6149","6317","2610","264","237","713","123","772","16","583","25","468","54","177","2","43223653","690","363","6","10","72","10","0","0","0","0","0","8","0","0","0","9316","115","173","0","14","0","9431","173","14","157","533","234","58","983"
