COD_AP,COD_MICRO,NOME_MICRO,Soma_V002.x,Soma_V023.x,Soma_V037,Soma_V038,Soma_V039,Soma_V040,Soma_V041.x,Soma_V046,Soma_V101,Soma_V102,Soma_V103,Soma_V233,Soma_V007.x,Soma_V008.x,Soma_V009.x,Soma_V011.x,Soma_V023.y,Soma_V041.y,Soma_V001.x,Soma_V109,Soma_V001.y,Soma_V002.y,Soma_V003.x,Soma_V004.x,Soma_V005.x,Soma_V006.x,Soma_V002.x.x,Soma_V003.y,Soma_V004.y,Soma_V005.y,Soma_V006.y,Soma_V007.y,Soma_V008.y,Soma_V009.y,Soma_V010,Soma_V011.y,Soma_V012,Soma_V013,Soma_V014.x,Soma_V015,Soma_V016,Soma_V017.x,Soma_V001,Soma_V002.y.y,Soma_V004,Soma_V014.y,Soma_V011,Soma_V017.y,Soma_V050,Soma_V052,Soma_V113,Soma_V119,Soma_V125,Soma_V131,Soma_V137,Soma_V143,Soma_V149,Soma_V154,Soma_V160,Soma_V202,Soma_V203,Soma_V204,Soma_V205,Soma_V206,Soma_V207,Soma_soma_V202eV203,Soma_soma_V204eV205,Soma_soma_V206eV207,DOMICILIOS_PRECARIOS,COABITACAO,ONUS_EXCESSIVO,ADENSAMENTO,DEFICIT_TOTAL
3100104001001,31019,Patrocínio,1473,0,4,20,0,8,0,0,32,344,10,0,105,968,32,14,0,0,482,999,4189,2745,251,15,1177,1,4154,1481,863,918,440,84,19,48,18,159,3,71,1,62,1,7,8,1982541,9220,49,3,3,0,1,0,0,0,0,0,0,0,0,0,456,896,25,96,0,0,1352,121,0,6,54,71,0,131
3100203001001,31024,Três Marias,6659,21,9,73,2,16,0,10,307,1578,66,18,1045,4942,175,26,44,16,2666,4009,19704,10862,1391,179,7243,29,19526,6667,4051,4467,2290,272,84,188,26,853,18,335,4,212,24,41,8,11007989,7655,148,18,138,118,29,2,5,8,5,12,12,5,0,2,1919,4045,46,281,1,22,5964,327,23,23,269,472,42,807
3100302001001,31061,Manhuaçu,2198,3,34,66,1,6,7,8,28,472,13,3,96,1690,52,9,6,13,667,1536,7281,3131,502,66,3582,0,7101,2202,1453,1888,778,80,56,60,38,291,1,95,0,101,7,49,4,3592388,6380,47,13,74,90,18,1,1,1,1,1,3,1,0,0,507,1253,100,273,0,7,1760,373,7,6,136,102,20,264
3100401001001,31060,Ponte Nova,832,2,817,8,1,1,1,4,24,154,2,0,71,486,6,1,5,7,328,506,2553,494,508,83,1462,6,2550,834,485,587,379,29,13,15,2,120,2,35,0,35,7,9,2,814247,3697,36,1,5,3,0,0,0,0,0,0,2,1,0,0,475,260,61,36,0,0,735,97,0,0,41,29,0,70
3100500001001,31039,Ipatinga,1472,4,113,670,10,38,8,3,11,205,3,21,35,612,10,41,7,6,593,886,4805,1108,438,66,3192,1,4790,1479,919,1246,495,40,33,62,10,279,4,84,1,117,3,19,7,1668662,4940,132,4,103,21,0,0,1,3,1,2,4,1,0,0,130,384,158,773,6,21,514,931,27,14,44,34,0,92
3100609001001,31036,Peçanha,2006,17,443,236,4,64,3,19,21,384,11,10,90,1216,67,9,50,50,898,1118,7035,1629,418,55,4932,1,6987,2015,1173,1631,1138,125,36,98,23,365,10,150,4,121,5,84,9,2324907,6040,56,48,184,36,5,10,13,17,12,14,17,17,1,6,210,1043,98,632,0,23,1253,730,23,16,139,46,0,202
3100708001001,31022,Uberaba,536,0,17,1,0,1,0,1,3,104,5,0,10,288,28,0,0,4,148,382,1520,932,111,19,436,0,1489,529,321,306,147,41,4,17,9,62,1,23,1,28,1,5,3,908213,2682,10,1,29,0,0,0,0,0,0,0,0,0,0,0,65,437,17,7,0,0,502,24,0,3,24,18,5,49
3100807001001,31045,Campo Belo,791,0,0,4,0,0,0,0,42,123,2,0,145,370,8,0,0,0,226,564,2345,1501,142,9,684,3,2324,789,524,577,215,31,14,24,9,94,2,20,1,13,5,5,0,1175664,0,40,7,4,2,1,0,0,0,0,0,0,0,0,0,477,216,12,48,0,2,693,60,2,1,37,11,4,54
3100906001001,31016,Nanuque,4133,32,15,94,1,25,2,76,147,706,13,6,539,2357,42,85,96,241,1508,2643,14318,4281,743,78,9199,17,14230,4149,2665,3483,1726,318,139,138,40,928,27,212,7,302,46,63,16,5447106,9760,117,15,200,196,47,2,11,23,9,25,30,6,3,2,1062,2487,128,441,1,5,3549,569,6,79,282,154,19,534
3101003001001,31005,Salinas,2452,28,6,61,0,10,1,29,116,159,14,11,372,526,53,16,94,92,1037,1418,8941,2104,506,55,6276,0,8932,2455,1737,2749,925,133,121,38,14,530,15,81,1,83,3,46,3,2533178,2140,77,8,50,84,7,2,15,21,15,22,28,8,1,2,179,1005,72,1185,0,11,1184,1257,11,473,178,15,0,667
3101102001001,31041,Aimorés,6567,12,82,274,5,22,3,26,336,1215,40,4,1088,3897,113,104,22,64,2452,4122,19700,7917,1116,165,10411,91,19566,6571,4090,4300,2092,474,144,218,90,906,23,248,13,286,38,62,4,10049654,4820,160,2,121,50,12,1,3,9,6,8,11,2,0,0,2529,3274,112,484,1,13,5803,596,14,9,302,324,53,689
3101201001001,31055,Andrelândia,1040,1,67,8,0,0,0,0,8,189,1,3,32,542,3,5,1,0,426,621,3123,2296,168,21,635,3,3042,1043,598,672,373,26,17,30,7,110,5,69,1,68,7,17,3,1738564,2810,18,8,20,14,8,1,1,1,1,1,1,1,0,0,437,228,227,145,0,3,665,372,3,8,50,66,5,129
3101300001001,31054,São Lourenço,362,1,1,1,0,3,0,1,3,57,2,0,9,162,7,1,1,1,112,254,1110,908,34,9,159,0,1099,364,234,280,95,14,11,11,5,36,1,28,1,20,5,0,2,541901,1330,2,2,2,0,0,0,0,1,1,1,1,0,0,0,125,191,9,37,0,0,316,46,0,10,8,12,0,30
3101409001001,31051,Poços de Caldas,639,0,1,2,0,0,0,1,4,92,11,0,10,289,37,1,0,1,250,389,2012,1592,93,4,323,0,1998,639,439,491,193,34,10,39,8,67,2,35,4,32,1,4,0,1123744,0,5,4,15,6,1,0,0,0,0,0,0,0,0,0,591,17,13,16,2,0,608,29,2,2,20,3,0,25
3101508003001,31066,Cataguases,3386,15,1927,134,2,14,0,31,139,510,38,14,449,1802,153,28,26,93,1436,1952,10923,3604,3039,107,4153,7,10865,3387,2065,2348,1524,275,138,116,31,593,10,145,3,179,29,31,4,4826133,2270,139,15,100,14,1,0,7,12,9,9,15,8,0,0,720,1641,386,618,4,14,2361,1004,18,11,223,91,19,344
3101508003002,31066,Cataguases,7104,4,2095,30,0,3,0,16,248,1525,35,5,858,5196,105,112,9,30,2990,4123,21144,10662,3287,107,7001,26,21064,7110,4273,4160,2482,364,258,316,83,994,31,418,19,370,44,134,6,15015856,7590,86,37,41,0,0,0,1,1,2,2,3,1,0,0,3213,3179,354,348,0,10,6392,702,10,0,461,327,7,795
3101607003001,31049,Alfenas,4175,1,16,10,0,0,0,0,571,952,11,2,1900,2924,39,15,3,0,1327,2850,13265,9925,774,93,2456,17,13249,4177,2915,3626,1255,219,100,107,42,445,15,135,1,158,10,42,2,8295074,1510,45,5,4,13,3,0,0,0,0,0,1,0,0,0,3449,676,20,22,1,6,4125,42,7,2,212,121,21,357
3101607003002,31049,Alfenas,7917,3,74,27,0,8,0,9,595,1759,65,4,2098,5419,238,30,10,26,3216,4701,25058,16964,1713,175,6139,31,24953,7915,4891,5999,2764,315,186,583,78,1008,24,577,24,414,48,131,10,15906106,5550,122,8,29,64,51,1,0,0,0,3,3,1,0,0,6606,1093,58,110,1,15,7699,168,16,39,565,408,20,1032
3101607003003,31049,Alfenas,9736,7,22,12,0,4,0,17,570,2014,46,0,2033,6581,154,59,20,50,3657,6092,30853,20187,2225,170,8210,60,30748,9748,6072,7455,3660,434,252,422,89,1392,25,539,10,453,50,133,12,22672910,9850,169,23,5,44,13,0,0,0,0,2,7,0,0,0,8232,1385,81,28,1,5,9617,109,6,38,545,280,24,887
3101631001001,31059,Barbacena,1183,1,1,18,0,1,0,6,17,129,2,2,63,385,5,6,4,10,325,858,4031,2192,270,17,1550,2,4031,1183,830,1221,394,68,38,27,11,151,0,64,1,35,1,6,0,1629893,0,7,7,14,6,1,1,1,1,1,1,1,1,0,0,836,197,93,53,0,4,1033,146,4,0,93,16,2,111
3101706003001,31014,Almenara,1937,32,5,78,2,85,9,19,45,317,6,130,144,957,20,35,108,60,723,1217,6628,1688,673,30,4232,5,6576,1940,1250,1605,791,118,67,44,13,463,11,102,6,102,28,39,3,1792662,1520,138,8,180,30,6,4,21,31,24,32,32,22,0,0,161,1295,95,271,59,56,1456,366,115,0,143,57,5,206
3101706003002,31014,Almenara,7450,78,54,136,1,107,3,60,199,1447,27,12,687,4621,77,73,254,158,2952,4487,25122,7547,1783,229,15254,33,24699,7398,4450,5458,3110,504,282,255,74,1774,58,459,19,550,77,196,19,11345806,16486,286,23,472,284,49,12,58,65,59,77,77,36,10,11,1632,5069,65,562,3,7,6701,627,10,90,684,265,79,1116
3101805001001,31037,Governador Valadares,1734,0,353,163,1,107,1,10,10,326,28,26,41,1129,84,7,0,22,660,1077,5660,1678,589,57,3334,2,5617,1737,1121,1227,718,173,43,50,11,330,5,74,2,95,22,12,3,1892286,2717,137,21,118,124,36,0,0,0,0,0,0,0,0,0,586,682,164,267,1,30,1268,431,31,4,118,42,17,179
3101904001001,31047,Passos,4561,4,151,7,0,1,0,7,242,856,10,0,849,2881,30,45,8,15,1285,3285,14990,10434,731,120,3698,7,14884,4564,3154,4325,1293,212,73,163,46,491,8,260,4,201,16,76,3,8283340,2610,68,10,24,103,24,0,1,1,1,4,4,1,0,0,2996,1493,37,32,1,1,4489,69,2,15,169,226,13,423
3102001001001,31049,Alfenas,3347,1,443,11,1,0,0,1,190,606,13,0,712,1767,43,25,1,1,1114,2233,10002,7376,245,44,2328,6,9953,3347,2145,2691,864,130,38,122,22,286,6,177,4,87,8,28,1,4479316,700,112,0,1,2,0,1,1,1,1,1,1,1,0,0,2772,486,74,12,1,0,3258,86,1,0,148,57,15,221
3102050001001,31061,Manhuaçu,1322,0,20,3,0,0,0,0,18,260,14,0,71,899,39,1,0,0,349,979,3964,2474,134,11,1339,6,3915,1325,940,969,330,96,26,28,10,123,0,29,5,34,4,7,3,1797266,2772,31,3,13,0,0,0,0,0,0,0,0,0,0,0,951,84,251,36,0,0,1035,287,0,2,50,38,10,100
3102100001001,31062,Viçosa,1583,2,337,46,1,0,0,16,10,189,3,4,31,547,10,8,5,35,695,895,5070,2938,522,100,1505,5,4991,1590,960,1306,612,59,37,42,12,202,3,74,2,76,8,13,7,2092445,15152,38,9,13,0,0,0,1,2,1,1,2,0,0,0,241,1000,44,287,0,5,1241,331,5,17,90,38,11,156
3102209001001,31041,Aimorés,691,0,334,6,0,5,0,0,0,103,3,0,0,308,6,4,0,0,297,397,2119,864,54,31,1170,0,2109,694,467,483,218,33,10,26,8,103,3,22,3,23,1,18,3,744902,3010,37,0,44,0,0,0,0,0,0,0,0,0,0,0,84,517,28,62,0,0,601,90,0,3,32,12,0,47
3102308001001,31031,Itabira,3500,2,213,128,0,7,0,23,10,502,16,45,35,1759,55,11,4,45,1307,2210,11433,4085,1376,102,5866,4,11344,3515,2195,2864,1337,140,105,105,41,597,10,219,2,199,17,35,15,4792070,10140,66,10,68,29,1,0,1,1,1,2,2,0,1,1,884,2086,108,356,1,24,2970,464,25,27,232,99,11,369
3102407001001,31028,Conceição do Mato Dentro,412,6,0,57,0,4,0,2,18,25,3,2,55,60,7,20,13,6,154,261,1450,172,82,8,1187,1,1441,412,240,422,215,10,9,5,1,65,0,18,0,20,0,21,0,424636,0,53,1,1,0,0,0,4,6,5,6,6,6,0,0,184,56,92,71,4,5,240,163,9,9,19,0,0,28
3102506001001,31062,Viçosa,765,1,669,57,0,31,0,18,4,130,11,6,11,410,46,2,1,67,299,471,2642,920,570,3,1148,1,2623,766,462,577,357,43,33,45,11,211,6,50,0,44,5,15,1,936366,510,12,3,3,0,0,0,0,1,0,1,1,0,0,0,130,490,21,109,0,15,620,130,15,0,65,14,0,80
3102605003001,31051,Poços de Caldas,4086,0,263,9,0,0,0,0,106,1249,48,1,346,3930,150,26,0,0,1536,2554,11880,10295,275,30,1278,2,11793,4090,2615,2804,1087,95,104,178,43,355,19,192,5,136,15,48,4,10122785,11470,116,7,12,0,0,0,0,0,0,0,0,0,0,0,2844,1174,19,35,0,3,4018,54,3,0,226,208,31,464
3102605003002,31051,Poços de Caldas,5222,4,21,8,0,0,1,6,512,1393,30,1,1806,4513,104,36,7,27,1757,3470,16146,12211,550,70,3310,5,15991,5225,3466,3691,1626,236,146,324,67,551,15,302,17,241,12,71,3,9456442,2780,193,10,9,0,0,0,0,1,0,0,4,0,0,0,3536,1537,44,98,0,7,5073,142,7,11,301,212,61,585
3102704001001,31013,Pedra Azul,1309,32,105,112,0,104,1,12,14,186,7,151,45,573,23,48,114,33,507,803,4461,1118,184,13,3145,1,4460,1310,793,1170,585,73,30,38,12,264,10,66,3,63,6,35,1,1218373,400,64,4,12,165,41,1,5,29,5,32,32,22,15,13,275,214,310,380,2,128,489,690,130,8,74,29,0,111
3102803001001,31055,Andrelândia,3223,6,528,39,4,12,0,11,36,435,19,5,116,1359,67,17,9,13,1250,1976,9810,6146,1176,79,2400,9,9735,3226,1909,2302,1109,130,77,94,31,434,12,217,1,163,12,13,3,4678041,1210,125,13,23,9,1,2,2,5,2,4,6,5,0,0,2382,673,79,73,2,10,3055,152,12,7,155,47,4,213
3102852001001,31011,Capelinha,1119,14,307,118,2,6,0,23,7,196,5,2,33,678,23,12,52,85,459,621,4036,951,329,91,2431,0,3802,1062,623,1012,697,58,10,37,5,150,9,45,2,55,8,25,0,1085932,0,69,13,42,22,4,0,7,12,10,9,14,13,1,0,252,501,79,221,1,8,753,300,9,4,59,6,14,84
3102902001001,31059,Barbacena,2494,3,1001,60,2,2,1,13,23,289,16,5,76,855,54,14,3,37,828,1667,7826,4171,489,19,3144,3,7825,2495,1536,1925,919,108,76,98,23,336,6,153,4,103,19,18,1,3468551,510,66,10,83,1,1,0,0,0,0,0,3,1,0,0,1557,491,350,77,4,8,2048,427,12,17,142,40,11,209
3103009001001,31039,Ipatinga,1394,1,7,149,3,10,4,7,24,191,14,20,85,598,39,14,1,28,515,886,4672,1482,786,14,2390,0,4662,1401,885,1270,610,57,33,29,10,203,2,77,0,61,6,21,7,1712375,7270,43,7,27,72,6,0,1,1,1,1,1,0,0,0,844,275,136,107,5,21,1119,243,26,8,96,8,5,117
3103108001001,31063,Muriaé,349,0,1,2,0,0,0,0,3,74,2,0,8,206,3,0,0,0,130,219,1003,622,89,11,281,0,1003,349,234,215,79,22,10,20,4,42,1,12,0,10,4,1,0,573849,0,5,0,3,1,0,0,0,0,0,0,0,0,0,0,323,5,19,2,0,0,328,21,0,0,19,14,0,33
3103207001001,31027,Sete Lagoas,561,1,7,8,1,0,0,3,1,81,0,0,3,225,0,13,3,22,217,344,1783,477,170,5,1129,2,1783,561,330,460,244,22,6,7,1,85,4,23,0,20,4,16,0,713076,0,12,1,9,0,0,0,0,1,0,0,1,0,0,0,92,267,79,123,0,0,359,202,0,0,25,19,0,44
3103306001001,31065,Juiz de Fora,579,0,573,2,1,0,0,4,0,60,1,0,0,167,1,2,0,4,184,396,1641,804,107,10,720,0,1640,580,349,374,186,17,7,18,0,44,0,45,0,19,0,2,1,547550,940,36,0,1,0,0,0,0,0,0,0,0,0,0,0,436,20,120,2,1,0,456,122,1,0,22,12,0,34
3103405003001,31012,Araçuaí,3038,113,429,186,2,12,1,26,125,470,10,10,429,1690,32,19,438,85,1487,1556,10615,2595,1018,93,6889,20,10590,3042,1708,2450,1703,122,74,139,22,659,11,251,8,241,21,95,4,4484491,6330,124,12,149,175,28,11,80,96,84,104,112,97,18,2,634,1113,252,1028,0,11,1747,1280,11,11,241,38,15,305
3103405003002,31012,Araçuaí,3549,31,42,76,2,21,2,8,310,702,6,1,1101,2329,23,86,119,15,1583,1974,12820,3071,1302,64,8315,68,12611,3557,2187,3175,1781,191,111,98,24,780,39,266,4,248,18,120,8,4655563,9970,146,6,382,669,166,1,21,29,22,31,31,22,6,4,242,1186,190,1931,0,0,1428,2121,0,31,291,188,48,558
3103504003001,31018,Uberlândia,2671,2,27,93,0,2,0,8,167,664,44,10,564,2095,155,46,5,26,981,1692,8362,4394,554,64,3340,4,8352,2671,1759,1956,784,206,74,141,24,397,18,116,4,115,20,51,3,4200262,1040,52,2,74,25,6,0,1,1,1,2,2,1,0,0,831,796,291,695,1,12,1627,986,13,51,205,101,33,389
3103504003002,31018,Uberlândia,4208,9,7,70,2,7,0,11,673,829,88,3,2266,2663,300,19,19,19,1256,2967,13706,6923,1273,63,5434,13,13638,4219,2862,3174,1563,401,126,119,58,734,20,144,2,202,16,27,11,7758061,3513,79,8,226,18,4,0,6,6,6,9,9,0,0,1,2073,1018,557,506,3,23,3091,1063,26,0,269,108,58,435
3103504003003,31018,Uberlândia,7063,8,11,26,0,2,0,14,428,1668,36,2,1410,5314,140,63,23,29,2448,4621,22111,13589,1183,184,7122,33,22091,7068,4655,5069,2366,408,204,314,77,1085,35,328,16,380,15,72,5,15090946,4960,118,2,72,12,8,0,0,6,4,8,8,1,0,0,5269,1169,390,205,0,12,6438,595,12,16,511,310,52,889
3103504003004,31018,Uberlândia,4547,2,1,2,0,0,0,1,183,1172,20,0,640,3533,58,68,7,4,1756,2798,13492,8564,663,87,4168,10,13464,4554,2642,2769,1551,201,103,214,45,761,33,267,7,215,20,81,7,10310098,16790,56,0,3,0,0,0,0,0,0,2,2,0,0,0,4295,166,81,5,0,0,4461,86,0,0,318,231,47,595
3103504003005,31018,Uberlândia,7393,4,23,32,2,2,0,3,723,1763,70,2,2386,5504,222,47,5,3,2678,4728,23492,14099,1548,195,7569,10,23284,7405,4906,5394,2306,505,211,414,94,1093,35,388,17,405,32,71,12,14295506,12356,123,21,79,0,0,0,0,0,0,3,4,0,0,1,5274,1735,182,154,3,20,7009,336,23,7,430,287,20,744
3103504003006,31018,Uberlândia,7102,7,16,4,0,0,0,3,285,1753,32,0,1018,5886,114,79,12,4,2916,4209,21420,13964,1253,226,5964,13,21255,7112,4188,4399,2426,319,199,353,74,1195,55,390,20,360,33,118,10,19214070,9180,120,1,34,4,3,0,0,0,0,6,6,0,0,2,5646,1220,138,95,0,0,6866,233,0,9,495,306,0,809
3103603001001,31055,Andrelândia,864,3,1,9,0,0,0,2,0,107,1,0,0,347,1,9,5,3,260,604,2633,2023,210,1,399,0,2633,864,552,624,275,69,25,22,9,110,5,30,0,36,3,8,0,1005051,0,21,1,13,0,0,0,1,1,1,2,3,2,0,0,114,630,16,103,0,0,744,119,0,0,40,2,0,42
3103702001001,31062,Viçosa,961,13,1,24,1,6,0,8,3,125,3,2,6,427,13,9,34,26,325,640,3041,1011,379,31,1620,0,3022,962,660,822,285,38,16,19,8,110,7,27,0,55,3,11,1,1127487,700,55,7,33,9,0,6,8,13,8,10,13,13,0,0,297,379,40,242,0,3,676,282,3,0,46,7,0,52
3103751001001,31018,Uberlândia,1711,0,141,2,0,0,0,3,52,441,50,0,172,1568,175,0,0,5,589,1123,5898,2459,323,81,3035,0,5896,1712,1221,1444,484,141,63,146,14,269,14,146,9,186,11,35,1,3006720,550,31,27,17,2,2,0,0,0,0,0,0,0,0,0,1148,461,8,17,0,0,1609,25,0,4,179,87,30,300
3103801001001,31020,Patos de Minas,725,1,0,2,0,1,0,0,8,107,4,0,19,292,10,0,3,0,191,538,2088,1758,110,4,212,4,2074,726,486,565,160,16,6,25,3,43,0,30,0,11,0,4,1,1168088,510,19,0,0,2,0,0,0,0,0,1,1,0,0,0,636,67,14,5,0,1,703,19,1,0,15,7,0,22
3103900001001,31026,Bom Despacho,2102,2,72,35,0,5,0,2,16,462,4,1,59,1632,15,8,4,2,805,1314,6812,4684,267,39,1822,0,6751,2117,1438,1991,657,79,26,40,8,175,7,111,1,65,6,62,15,3930190,23330,25,2,62,0,0,0,0,0,0,2,2,0,0,0,452,1471,28,141,1,8,1923,169,9,12,67,86,9,175
3104007003001,31023,Araxá,4111,9,5,2,1,1,0,6,152,795,7,0,534,2862,24,41,20,12,1362,2763,13805,7472,1419,419,4454,41,13766,4122,2563,3103,1735,275,185,137,47,880,25,256,3,337,29,87,11,6870181,13580,76,2,4,39,12,0,1,2,0,8,9,3,1,2,3037,906,125,43,0,0,3943,168,0,63,372,296,36,767
3104007003002,31023,Araxá,4206,2,33,22,1,3,0,11,1088,701,48,11,3517,2276,148,36,2,30,1263,2952,14078,7494,1375,108,5083,18,13905,4215,2962,3467,1547,359,127,112,46,609,11,172,6,202,20,64,9,8111543,10788,61,3,2,26,2,0,0,2,0,2,2,0,0,0,2265,1332,52,35,0,0,3597,87,0,56,249,114,6,425
3104007003003,31023,Araxá,4477,2,11,1,1,1,0,1,474,795,18,1,1553,2624,58,11,2,1,1382,3096,14358,8911,1238,149,4042,18,14348,4478,3003,3616,1480,175,141,209,61,618,10,245,9,255,9,32,1,12853694,510,52,0,2,0,0,0,0,0,0,1,2,0,0,0,3320,815,23,7,1,0,4135,30,1,30,348,231,0,609
3104007003004,31023,Araxá,7335,2,4,0,0,1,0,0,171,1619,20,0,648,5562,82,28,4,0,2751,4491,21926,15101,1322,221,4667,21,21208,7162,4162,4435,2479,242,206,275,88,1024,30,488,15,378,26,186,10,22194695,9504,174,3,3,2,0,0,0,0,0,0,2,0,0,0,5610,1505,27,9,0,0,7115,36,0,9,443,523,24,999
3104007003005,31023,Araxá,8678,2,103,84,29,2,0,6,401,1679,159,22,1469,5452,499,75,5,17,2959,5727,28117,16038,2769,307,8932,61,28049,8684,5616,6810,3052,457,300,284,92,1368,29,511,14,545,28,236,8,18067623,14230,265,5,18,18,7,0,0,0,0,0,2,0,0,0,6424,1627,63,153,1,1,8051,216,2,72,521,428,44,1065
3104106001001,31048,São Sebastião do Paraíso,2472,3,3,8,0,0,0,1,212,617,13,2,809,2199,33,17,7,1,661,1812,8179,5433,456,9,2280,1,8131,2473,1715,2136,710,140,67,103,37,274,0,161,3,178,4,138,1,4262537,6000,22,3,25,15,5,0,0,1,0,2,2,0,0,0,2123,326,14,4,3,1,2449,18,4,7,146,81,45,279
3104205003001,31044,Formiga,4081,0,8,7,0,1,0,1,205,700,27,1,698,2311,81,4,0,1,1084,3001,12988,7936,931,85,4032,4,12975,4085,2913,3733,1113,161,87,87,33,421,4,151,4,146,6,38,4,9102179,5220,70,7,12,0,0,0,0,0,0,0,0,0,0,0,1661,2302,10,96,0,3,3963,106,3,0,190,150,27,367
3104205003002,31044,Formiga,6612,6,17,21,1,0,0,9,355,1321,22,0,1186,4650,84,12,13,16,1803,4826,20973,13127,1442,123,6266,15,20777,6624,4475,5411,2076,343,151,160,50,765,15,323,7,210,39,119,12,12660640,10977,84,7,19,18,4,0,0,0,2,6,6,0,0,0,2447,4041,23,65,2,10,6488,88,12,10,360,305,16,692
3104304001001,31049,Alfenas,3768,1,25,14,0,1,1,2,709,505,12,2,2434,1506,40,21,2,6,1528,2240,11525,8185,715,80,2531,8,11472,3766,2448,3014,1075,128,52,199,33,379,4,216,7,117,22,7,1,6322349,510,123,3,9,8,1,0,0,0,0,1,1,0,0,0,1509,2194,23,22,3,10,3703,45,13,0,162,61,0,222
3104403001001,31066,Cataguases,719,0,7,1,0,0,0,0,46,112,3,0,151,348,6,9,0,0,245,474,2192,991,446,20,733,2,2192,719,433,472,251,51,15,27,8,135,1,43,1,18,2,12,0,1003578,0,12,2,2,0,0,0,0,0,0,0,0,0,0,0,609,6,101,3,0,0,615,104,0,0,45,22,4,72
3104452001001,31011,Capelinha,497,3,7,58,0,2,0,8,16,117,1,3,54,377,3,5,9,18,207,292,1695,525,80,62,1028,0,1684,499,336,457,202,29,6,17,7,47,0,17,1,25,18,21,2,544022,1930,24,4,15,0,0,2,2,3,2,3,3,2,0,0,206,161,41,79,0,3,367,120,3,4,18,24,6,52
3104502001001,31001,Unaí,3287,41,3,103,2,13,0,35,44,495,22,3,159,1526,72,21,115,104,1321,1973,10854,2475,793,274,7307,5,10806,3294,2006,2655,1389,203,71,86,17,614,17,198,4,159,27,70,7,4208692,3762,125,4,217,2,0,1,31,39,33,41,41,13,0,4,65,1129,73,2008,0,11,1194,2081,11,6,198,70,15,289
3104601001001,31064,Ubá,3757,7,429,33,1,5,1,2,41,740,14,3,146,2505,46,94,15,3,1242,2519,11882,6328,1018,47,4480,9,11854,3757,2563,2856,1262,202,129,117,30,452,5,215,4,197,9,48,0,6628112,0,60,37,47,0,0,0,1,1,0,4,7,0,0,0,1055,519,1122,1055,1,5,1574,2177,6,0,234,202,11,447
3104700001001,31015,Teófilo Otoni,2262,41,434,157,2,58,2,37,6,370,6,25,23,1184,17,18,101,72,998,1268,7199,1634,798,75,4691,1,7176,2265,1362,1456,961,157,49,63,18,517,27,112,0,143,6,41,3,2428780,1670,112,2,42,145,17,0,20,35,17,41,41,13,17,14,410,1178,154,500,3,17,1588,654,20,14,119,76,20,229
3104809001001,31025,Curvelo,867,7,5,51,1,3,0,5,8,133,4,1,32,431,14,38,32,26,314,552,2924,494,298,125,1989,3,2885,864,505,662,390,83,24,26,4,174,1,51,2,69,7,24,2,1077717,1020,24,4,49,12,2,0,1,3,1,3,3,2,0,0,174,56,416,202,0,1,230,618,1,11,80,27,3,121
3104908001001,31054,São Lourenço,4104,3,22,12,1,1,0,6,169,656,14,0,678,2116,40,32,3,15,1476,2639,13247,9469,872,34,2869,3,13077,4108,2650,3215,1450,124,162,154,58,594,10,310,4,185,20,25,4,5816006,4001,178,9,19,1,0,0,0,2,1,3,3,0,0,0,2562,1352,75,112,0,1,3914,187,1,9,259,207,11,487
3105004001001,31027,Sete Lagoas,1616,5,685,85,0,1,0,3,75,191,7,7,268,636,23,2,9,4,662,962,5067,1400,331,67,3266,3,5023,1623,904,1134,728,67,32,48,11,273,6,96,0,81,4,27,7,2148557,2470,70,24,40,2,1,0,2,2,2,5,5,1,0,0,787,504,164,156,1,4,1291,320,5,0,159,73,8,241
3105103001001,31042,Piuí,6758,14,85,26,1,5,0,6,387,1172,21,1,1265,3584,66,33,26,8,2744,4017,19325,12210,1045,80,5971,19,19269,6761,3998,4373,1966,227,101,293,33,665,13,380,8,272,33,138,3,12351564,4020,117,18,25,17,4,1,0,7,0,8,12,5,0,1,5224,1322,100,39,2,4,6546,139,6,8,297,276,28,609
3105202001001,31014,Almenara,734,6,1,33,0,31,0,11,2,80,2,2,9,251,4,41,18,30,260,475,2377,644,71,6,1655,1,2374,734,471,539,243,48,29,24,9,172,3,36,1,44,0,16,0,792820,0,19,1,27,0,0,0,0,0,0,0,0,0,0,0,164,320,24,59,0,0,484,83,0,8,51,16,3,79
3105301001001,31051,Poços de Caldas,1560,0,2,1,1,2,0,3,82,359,8,0,265,1157,21,35,0,6,386,1176,4870,3267,283,4,1306,0,4842,1559,1087,1307,428,90,27,33,11,172,0,69,2,43,4,12,2,2491954,200,18,3,3,0,3,0,0,0,0,0,0,0,0,0,329,1090,34,97,0,0,1419,131,0,6,65,37,4,112
3105400003001,31031,Itabira,7683,16,309,103,0,9,5,19,436,1091,12,33,1544,3331,40,85,45,38,2766,4931,25786,7856,2667,305,14916,42,25697,7692,5012,7033,3035,390,225,296,44,992,16,431,4,398,60,69,9,12997485,11660,225,16,61,45,4,0,2,10,2,15,16,8,0,0,3587,2714,507,675,4,18,6301,1182,22,21,461,226,21,729
3105509001001,31063,Muriaé,1253,2,2,46,0,11,0,8,3,107,3,2,10,388,10,13,4,15,399,857,4117,1525,922,71,1595,4,4110,1256,817,998,449,66,39,49,17,244,15,65,3,70,5,14,3,1410151,1260,92,3,3,118,11,1,1,1,0,1,2,0,0,0,729,379,88,54,1,2,1108,142,3,9,83,10,0,102
3105608003001,31059,Barbacena,2042,5,29,116,2,1,0,15,8,145,9,23,41,443,40,12,15,32,580,1465,6985,4667,281,20,2010,7,6973,2045,1444,2087,668,97,92,55,16,293,3,76,1,97,1,5,3,2493564,6630,77,5,52,11,0,0,4,4,4,3,5,4,1,0,364,792,205,631,2,47,1156,836,49,11,181,20,0,211
3105608003002,31059,Barbacena,3361,2,66,176,2,13,3,16,36,481,18,11,133,1526,64,30,2,35,1305,2053,11433,5768,1237,109,4294,8,11409,3358,2116,2942,1543,152,97,201,41,457,11,264,3,187,16,16,1,4349604,112,124,5,136,83,11,0,1,1,0,0,2,2,0,0,1186,1328,408,407,10,18,2514,815,28,17,215,127,11,370
3105608003003,31059,Barbacena,4368,4,31,16,0,0,0,17,65,709,21,1,243,2286,77,33,10,30,1571,2804,14066,8246,1246,111,4422,41,14055,4374,2754,3556,1840,185,116,132,35,591,14,214,5,179,19,42,6,6768656,7140,86,1,98,44,5,0,2,4,1,2,4,4,0,0,1970,2106,130,146,5,4,4076,276,9,10,270,146,9,434
3105608003004,31059,Barbacena,4725,0,9,6,0,1,0,6,66,778,24,2,330,3257,88,39,0,13,2096,2632,14176,10155,798,56,3157,10,13994,4727,2550,2995,1841,85,118,234,33,567,11,375,3,259,23,110,2,15382740,1020,118,2,15,58,13,0,0,0,0,0,0,0,0,0,3583,805,240,59,0,0,4388,299,0,10,361,162,17,551
3105608003005,31059,Barbacena,4649,1,27,5,0,3,0,4,42,976,21,0,172,3543,72,66,4,9,2029,2630,14122,8976,945,51,4137,13,13753,4652,2494,3021,1818,134,124,185,32,602,11,295,6,267,17,88,3,8644914,2670,179,4,68,10,2,0,0,0,0,0,1,0,0,0,3315,1155,122,57,0,0,4470,179,0,21,240,255,0,515
3105608003006,31059,Barbacena,8358,2,79,16,0,3,0,6,93,1181,46,6,770,5891,155,68,3,6,3869,4495,25394,17041,2015,111,6207,20,25153,8363,4690,5437,3229,211,221,423,65,1092,26,648,15,456,45,173,5,25723557,3605,269,1,74,51,14,0,0,2,2,2,2,1,0,0,6121,1822,283,104,7,5,7943,387,12,31,578,404,0,1014
3105608003007,31059,Barbacena,8990,8,515,60,0,15,3,14,138,1436,21,1,929,4636,68,66,15,38,3585,5411,29392,16202,2634,264,10278,14,29209,8993,5536,7081,3902,361,259,430,75,1290,31,615,15,508,21,82,3,14378189,5650,186,18,243,63,17,0,3,6,3,5,8,7,1,1,5445,2775,446,304,3,10,8220,750,13,11,661,255,0,927
3105707001001,31060,Ponte Nova,756,1,0,12,0,0,0,5,2,96,1,5,11,259,4,19,1,14,306,453,2313,871,382,31,1029,0,2304,756,441,517,297,15,23,19,4,117,5,43,1,50,4,8,0,1048327,0,22,0,3,5,0,1,1,1,1,1,1,1,1,0,193,501,44,18,0,0,694,62,0,0,49,28,0,77
3105905001001,31059,Barbacena,5871,7,483,29,0,11,0,9,287,776,17,3,1026,2689,62,45,15,24,1985,3894,18979,9279,2172,165,7333,30,18874,5878,3851,5006,2119,248,191,122,47,881,10,270,7,233,9,17,7,8637998,8062,107,28,67,187,28,0,0,5,0,1,7,5,2,1,2487,2782,210,388,2,2,5269,598,4,31,346,172,0,549
3106002001001,31031,Itabira,2717,3,26,55,1,7,4,9,19,382,3,5,65,1196,11,18,5,15,960,1758,9378,2261,1879,45,5191,2,9377,2718,1769,2541,1148,116,90,74,20,540,10,155,3,153,9,30,1,3941194,510,60,3,46,52,6,1,2,3,2,3,3,2,0,0,1035,1278,121,268,2,12,2313,389,14,4,263,90,0,357
3106101001001,31065,Juiz de Fora,373,0,4,5,0,0,0,1,2,48,4,0,7,152,9,2,0,2,140,235,1099,542,282,2,273,0,1095,375,230,250,112,7,11,8,0,57,3,17,2,21,0,4,2,581735,3810,11,1,6,0,0,0,0,0,0,0,0,0,0,0,155,77,25,116,0,0,232,141,0,6,21,7,0,34
3106200005001,31030,Belo Horizonte,13781,9,68,33,0,14,5,10,146,2668,51,7,1379,9390,182,87,13,19,5291,8462,45869,15784,6252,438,23129,97,45477,13740,8616,11319,5667,669,363,710,133,1691,39,1134,28,1073,126,166,5,25974962,4230,246,29,27,626,113,0,0,3,0,3,7,0,3,3,8219,2686,1012,757,1,17,10905,1769,18,16,820,697,206,1739
3106200005002,31030,Belo Horizonte,13236,4,11,8,2,2,2,3,395,1862,31,5,4007,8057,193,166,7,7,5193,8047,42531,21201,3717,474,17094,45,42399,13239,8385,10628,4937,337,325,787,108,1429,30,1026,32,790,111,209,3,38375588,2790,256,12,17,7,0,1,1,1,1,1,4,1,0,0,9660,3140,209,197,0,5,12800,406,5,0,678,403,23,1104
3106200005003,31030,Belo Horizonte,16101,9,7,1,0,1,0,3,114,3349,33,0,1731,11725,126,42,26,9,6406,9700,52370,20704,5828,788,24989,61,52306,16106,10170,13366,6088,509,354,1034,137,1913,38,1351,34,915,144,147,5,30380288,3940,432,15,37,70,26,0,0,2,2,8,8,5,0,0,12186,2858,690,214,0,0,15044,904,0,0,1002,866,133,2001
3106200005004,31030,Belo Horizonte,9077,6,42,28,1,74,6,3,214,796,12,0,3864,3732,53,65,21,15,3459,5619,29647,9387,3848,381,15999,32,29644,9078,5888,7383,3642,398,220,404,84,1088,20,675,18,582,86,73,1,15218272,800,217,14,5,345,10,0,0,1,1,2,4,0,0,0,4617,3227,254,224,0,0,7844,478,0,6,645,194,27,873
3106200005005,31030,Belo Horizonte,11903,6,16,4,0,4,0,1,71,2511,10,1,1659,9399,30,162,11,2,4581,7332,38371,16464,3849,470,17557,31,38309,11913,7611,9583,4414,388,318,581,152,1391,35,933,18,746,151,84,10,25600752,7112,220,1,6,61,12,0,0,0,0,4,6,2,0,1,8485,2889,280,143,1,0,11374,423,1,28,826,744,193,1791
3106200005006,31030,Belo Horizonte,8840,6,325,1,0,5,7,3,41,1273,14,1,156,4110,40,72,14,13,3453,5392,29669,9129,3686,278,16563,13,29656,8845,5690,7752,3737,462,205,469,69,1092,22,644,18,528,53,74,5,12679109,3546,331,30,46,67,14,3,4,4,4,5,5,5,0,0,3678,3831,123,438,0,1,7509,561,1,11,656,190,89,946
3106200005007,31030,Belo Horizonte,12679,24,155,23,1,10,4,7,131,1438,23,0,608,4773,64,739,72,31,5195,7439,44095,13645,6703,651,22826,66,43849,12631,7843,10717,6474,503,488,628,104,2282,55,1026,18,896,135,53,5,19185130,3750,497,28,41,103,12,0,0,2,0,3,4,1,0,0,8489,2310,619,423,0,0,10799,1042,0,54,824,348,97,1322
3106200005008,31030,Belo Horizonte,13210,18,162,0,0,0,0,1,8,153,15,0,1264,11595,240,186,22,2,7353,5866,30981,22195,1175,354,7202,53,30772,13215,3845,3251,2973,135,122,645,45,669,9,1687,18,1162,315,2135,5,65912302,13610,618,0,0,0,0,0,0,0,0,0,1,0,0,0,12944,136,130,0,0,0,13080,130,0,59,288,918,0,1265
3106200005009,31030,Belo Horizonte,11366,0,1027,1,0,0,0,0,2,23,0,0,1265,5878,53,55,0,0,4915,6457,28786,24730,451,214,3376,14,28731,11366,5363,5586,2510,105,76,334,42,411,4,872,7,507,109,688,0,130832759,0,427,0,0,0,0,0,0,0,0,0,0,0,0,0,11342,0,24,0,0,0,11342,24,0,0,254,262,0,516
3106200005010,31030,Belo Horizonte,10355,2,396,0,0,47,0,1,2,27,5,0,1022,5800,78,54,6,3,5053,5307,25174,21817,419,173,2679,15,24944,10342,4336,4150,2159,90,56,514,35,399,7,986,11,586,155,579,1,105514044,1200,367,0,0,32,0,0,0,0,0,0,0,0,0,0,10231,38,72,0,0,0,10269,72,0,24,159,118,0,301
3106200005011,31030,Belo Horizonte,9798,0,67,0,0,2,1,0,30,192,6,0,1709,4576,57,54,0,0,4587,5213,27329,22262,828,159,4053,27,27122,9800,5070,5415,3102,148,122,510,67,642,17,680,27,516,168,403,2,81738076,3000,372,2,2,7,3,0,0,0,0,0,0,0,0,0,9413,218,60,0,0,0,9631,60,0,64,226,178,0,469
3106200005012,31030,Belo Horizonte,12262,0,100,0,0,9,3,0,33,105,7,6,1616,5185,49,64,0,0,4887,7377,34795,29630,599,194,4356,13,34764,12263,6863,7757,3406,241,174,415,77,665,8,741,14,487,167,535,1,157713863,1020,577,2,0,5,0,0,0,0,0,0,0,0,0,0,11674,183,71,1,0,0,11857,72,0,97,362,206,0,665
3106200005013,31030,Belo Horizonte,8732,0,18,0,1,0,0,0,3,31,2,0,1543,3967,18,9,0,0,3748,4989,23576,20956,291,92,2226,8,23528,8737,4596,4971,2362,122,66,352,56,396,4,549,13,358,122,306,5,90230426,13050,249,1,0,0,0,0,0,0,0,0,0,0,0,0,8523,169,8,0,0,0,8692,8,0,0,174,21,0,196
3106200005014,31030,Belo Horizonte,10900,28,2466,9,0,48,0,13,58,1016,6,3,224,3486,26,499,64,28,5325,5581,38405,8188,7664,557,21832,164,38383,10906,5880,8383,6720,560,391,373,75,2466,66,924,29,1263,195,147,6,14601082,6750,299,8,30,14,0,0,0,7,6,9,10,9,0,0,1373,658,190,52,0,0,2031,242,0,26,1171,316,43,1556
3106200005015,31030,Belo Horizonte,14992,4,2291,3,1,9,0,4,28,601,8,0,1992,7262,46,71,12,8,6964,8035,43642,28070,3633,364,11525,47,43586,14999,7495,8704,6011,334,253,574,91,1465,42,1215,12,1023,210,653,7,101406946,3950,335,14,1,8,1,0,0,0,0,0,0,0,0,0,9015,1708,40,11,0,0,10723,51,0,81,700,251,42,1075
3106200005016,31030,Belo Horizonte,10731,3,207,0,0,1,0,0,68,220,6,0,1540,4418,58,42,6,0,4732,6002,31088,25056,821,174,4980,25,30983,10729,5986,6925,3366,173,167,561,81,629,2,669,15,452,276,354,7,105339136,10414,313,0,0,0,0,0,0,2,2,2,2,2,0,0,9465,773,46,13,0,0,10238,59,0,0,408,68,30,505
3106200005017,31030,Belo Horizonte,18904,16,32,2,0,4,0,9,138,3447,28,0,1543,11988,96,277,39,19,8368,10515,61084,24258,7740,572,28303,48,60842,18857,10430,13612,8867,574,557,956,146,3100,90,1656,24,1435,209,261,6,51022383,5880,359,7,23,160,40,0,0,2,2,14,16,5,0,5,16679,1540,404,157,0,0,18219,561,0,41,1475,997,60,2573
3106200005018,31030,Belo Horizonte,14074,3,253,0,0,0,0,2,72,1294,34,0,3206,7843,110,166,3,9,6774,7303,40366,24638,2879,266,12546,35,40323,14077,7079,7974,5115,253,268,836,96,1447,49,1349,22,1021,299,316,3,62659913,3241,349,0,0,45,2,0,0,0,0,1,3,0,0,0,12464,1367,160,28,0,0,13831,188,0,38,652,527,34,1251
3106200005019,31030,Belo Horizonte,13367,5,63,0,1,0,0,1,78,1528,27,0,2274,9730,121,118,6,4,6641,6884,37065,24311,2231,287,10144,92,36214,13517,5942,6467,4671,289,223,768,82,1132,22,1308,26,971,212,768,150,64674520,149869,274,5,3,17,11,0,0,0,0,3,3,0,0,0,12367,304,175,73,0,0,12671,248,0,225,359,703,51,1338
3106200005020,31030,Belo Horizonte,9578,5,17,0,0,62,0,5,52,1381,10,0,1331,6182,56,151,8,17,4625,4956,28331,14423,2811,240,10805,52,28233,9581,4641,5442,3852,158,211,653,61,1119,43,1051,21,788,160,378,3,35470065,16900,198,5,41,86,10,0,0,0,0,2,4,0,0,0,8183,1029,225,132,0,0,9212,357,0,0,484,279,12,775
3106200005021,31030,Belo Horizonte,8659,0,7,1,0,0,0,4,55,1670,13,0,425,5674,47,222,0,8,4119,4567,27739,12353,3296,249,11814,27,27530,8669,4646,5837,3875,200,260,604,76,1283,43,990,36,727,73,140,10,27337247,11628,224,2,3,72,23,0,0,0,0,0,0,0,0,0,7748,678,170,62,0,0,8426,232,0,0,711,287,24,1021
3106200005022,31030,Belo Horizonte,12146,33,991,110,0,516,66,12,56,1076,23,7,276,4542,117,131,94,27,6063,6085,43954,10486,9334,749,23286,82,43895,12148,6789,9793,7577,614,431,851,112,2640,66,1354,53,1206,118,109,9,17790069,5197,384,59,96,794,70,2,4,11,7,22,28,18,2,6,4725,3394,1615,1498,0,5,8119,3113,5,16,1189,215,79,1500
3106200005023,31030,Belo Horizonte,10416,6,35,15,1,5,0,2,300,1395,26,0,3295,4996,105,325,16,3,4530,5899,34892,9941,4764,758,19364,65,34837,10429,6551,8457,4599,512,253,735,95,1265,18,926,26,780,116,96,13,17849140,10709,180,10,28,96,7,0,1,2,2,4,6,1,0,1,7329,2283,437,352,0,2,9612,789,2,44,483,317,88,933
3106200005024,31030,Belo Horizonte,10229,20,419,98,0,2,44,24,31,914,14,32,208,3108,43,510,44,74,4789,5444,36709,8371,5406,716,22092,57,36545,10218,6115,8630,5629,475,407,876,75,1965,33,1086,40,852,91,69,8,13629875,5915,370,52,100,209,21,2,3,3,3,13,20,6,0,1,4643,3754,764,984,3,19,8397,1748,22,49,1011,241,43,1344
3106200005025,31030,Belo Horizonte,8941,4,180,14,0,1,0,9,37,1763,24,6,151,5794,76,59,14,28,3464,5484,29622,9619,3966,335,15618,84,29596,8948,5464,7372,3876,335,265,394,83,1222,27,724,15,647,100,135,7,16089865,3650,222,14,96,197,52,0,1,1,1,2,4,0,0,1,5680,1900,754,604,1,1,7580,1358,2,20,675,430,180,1306
3106200005026,31030,Belo Horizonte,14998,17,20,5,0,1,2,5,181,2154,36,1,3716,8514,115,193,35,9,6298,8711,48355,17450,5735,570,24549,50,48147,15009,8902,11073,6689,601,407,719,126,1974,42,1133,30,1090,186,153,11,32494687,19390,333,9,23,90,23,0,0,4,4,14,15,11,0,0,11158,2464,307,732,0,0,13622,1039,0,66,1037,495,124,1722
3106200005027,31030,Belo Horizonte,8457,1,163,3,0,0,0,1,345,1018,12,0,3312,4555,67,64,2,1,3652,4807,26668,13003,2344,188,11094,39,26417,8458,4987,6037,3449,279,222,465,76,970,28,643,21,537,100,102,1,28466345,0,169,0,0,30,3,0,0,0,0,0,1,0,0,0,7519,738,153,47,0,0,8257,200,0,16,451,395,54,916
3106200005028,31030,Belo Horizonte,11021,3,20,1,0,1,0,4,73,1858,29,0,1356,6598,97,91,10,13,4949,6089,35809,12221,4388,496,18630,74,35706,11029,6095,7890,5445,364,322,626,76,1697,53,992,34,794,149,122,8,21383775,5190,244,12,1,29,14,0,0,0,0,0,3,2,0,0,8287,2567,88,65,0,0,10854,153,0,25,805,395,49,1275
3106200005029,31030,Belo Horizonte,8693,6,66,3,0,2,0,3,113,1501,46,1,1559,5106,161,34,11,8,3702,4948,28324,9640,3330,502,14329,55,27772,8564,5185,6690,3682,349,248,366,72,1122,38,703,14,603,57,151,30,16318841,13609,404,29,40,58,8,3,2,2,3,4,6,3,1,1,6507,1431,264,93,0,0,7938,357,0,0,482,335,75,892
3106200005030,31030,Belo Horizonte,14734,29,406,99,1,97,22,22,189,2083,28,4,1144,6944,89,915,75,68,5855,8867,50161,13597,6755,665,28794,156,49919,14707,9455,12971,6741,847,409,523,122,2021,43,917,19,909,148,121,14,22886364,18024,583,32,180,117,26,6,8,12,6,18,29,20,0,1,8775,3923,895,1094,4,0,12698,1989,4,40,1054,472,114,1680
3106200005031,31030,Belo Horizonte,12245,9,26,79,0,67,0,12,723,1705,86,64,4922,5728,309,143,17,36,5246,7010,40573,11529,5643,457,22803,68,40439,12250,7458,9382,5391,521,353,881,106,1679,44,1192,50,1002,94,63,23,20179189,6004,292,21,63,235,35,1,1,6,3,6,7,6,1,1,8208,2958,287,254,12,54,11166,541,66,52,809,341,55,1257
3106200005032,31030,Belo Horizonte,13402,5,26,4,1,0,0,3,92,2152,28,1,1584,7749,123,297,9,3,6124,7284,43425,15210,5593,505,22034,83,43400,13407,7862,10149,5603,398,349,885,101,1896,49,1337,42,983,213,111,5,32682717,4520,340,3,9,20,7,0,0,0,0,1,5,1,0,0,10153,2704,250,56,1,0,12857,306,1,0,891,533,106,1530
3106200005033,31030,Belo Horizonte,8971,11,205,1,0,52,0,2,46,1482,16,4,1272,5676,69,145,16,2,4200,4775,27734,11937,3007,296,12459,35,27712,8974,4743,5777,3900,253,240,520,81,1261,47,859,14,728,108,169,3,24825094,3910,161,4,21,52,16,0,1,1,1,9,11,1,1,1,6818,1600,250,99,1,3,8418,349,4,0,609,282,76,967
3106200005034,31030,Belo Horizonte,11907,10,20,5,0,2,0,1,72,2277,17,0,881,9346,73,283,20,2,5631,6287,36068,18180,3350,280,14214,44,35852,11918,5808,6793,5129,320,304,745,116,1585,30,1335,17,1088,159,375,11,37735420,13511,183,11,12,10,5,0,0,0,0,3,10,0,0,2,9454,2102,302,49,0,0,11556,351,0,65,832,725,120,1741
3106200005035,31030,Belo Horizonte,10189,1,163,1,0,0,0,1,32,799,27,0,1718,6218,107,84,1,3,4353,5846,31078,19514,2033,179,9343,9,31015,10199,5780,6997,3693,197,181,672,77,976,17,964,29,696,132,231,10,58497533,15174,177,4,0,6,0,0,0,0,0,0,1,0,0,0,9471,586,132,0,0,0,10057,132,0,26,584,240,39,889
3106200005036,31030,Belo Horizonte,11431,3,46,0,0,2,0,1,73,899,14,0,3720,6574,279,110,10,1,4857,6586,32990,21181,1647,339,9805,18,32853,11441,6412,7340,3609,189,142,621,91,742,20,951,21,690,119,326,10,62844038,16115,241,3,7,17,2,0,0,0,0,0,3,0,0,0,10721,612,96,2,0,0,11333,98,0,22,374,404,23,823
3106200005037,31030,Belo Horizonte,10432,10,185,1,0,1,0,4,60,1818,12,2,778,7094,48,147,31,13,4847,5576,32620,11734,4201,209,16306,67,32445,10407,5379,6806,4726,306,249,611,100,1537,62,1024,22,912,150,132,6,22792361,9050,311,15,20,393,65,1,1,4,3,7,10,5,2,0,6428,2617,266,138,1,0,9045,404,1,20,793,685,55,1553
3106200005038,31030,Belo Horizonte,9175,15,48,0,0,34,0,9,40,1722,18,0,567,7154,54,273,31,14,4526,4656,27874,11706,4248,207,11679,34,27767,9181,4141,4938,4576,283,233,530,73,1495,55,967,30,852,172,188,6,21333975,6775,292,9,32,74,48,0,0,3,3,9,12,6,0,1,6225,1701,392,76,0,0,7926,468,0,71,619,423,36,1149
3106200005039,31030,Belo Horizonte,14077,3,132,6,0,3,0,0,118,1677,23,0,2734,9133,111,284,10,0,6708,7382,41801,24574,2874,404,13910,37,41633,14088,7381,8539,5053,260,289,971,108,1343,34,1514,37,1107,179,499,11,58008237,13315,233,7,9,97,30,0,0,0,0,3,3,0,0,0,11223,2209,165,106,0,0,13432,271,0,0,683,576,63,1322
3106200005040,31030,Belo Horizonte,10206,10,99,8,0,12,1,9,73,1308,7,0,1829,5583,101,149,27,33,4269,5944,32625,12926,3646,340,15640,73,32573,10213,5892,7271,4532,406,270,620,79,1326,35,862,26,804,100,133,7,23912984,8690,307,40,68,46,15,1,1,2,1,3,6,2,0,1,7924,1095,337,48,0,2,9019,385,2,21,782,532,21,1356
3106200005041,31030,Belo Horizonte,8204,4,2,0,0,80,1,1,50,1651,12,0,384,5695,39,35,7,4,3126,5085,26780,9840,3428,241,13248,23,26746,8210,4836,6396,3807,380,257,272,73,1266,40,539,10,488,58,117,6,16181429,8150,139,0,10,28,8,0,0,1,0,1,4,1,0,0,6594,1102,356,152,0,0,7696,508,0,0,689,361,68,1118
3106200005042,31030,Belo Horizonte,8909,2,6,2,0,0,0,2,82,1874,27,0,976,6240,90,37,4,5,3761,5153,28322,11741,3068,241,13254,18,28295,8914,5028,6301,3976,229,229,472,64,1330,38,810,20,650,125,107,5,20529973,3810,131,2,3,6,1,0,0,0,0,1,2,0,0,0,7230,1450,183,34,0,0,8680,217,0,0,657,710,116,1483
3106200005043,31030,Belo Horizonte,16111,6,149,2,0,20,0,5,56,2240,36,1,2731,12196,154,409,7,6,7840,8301,46280,28727,3042,300,14132,75,45997,16134,7593,8523,5723,240,297,1204,102,1457,33,1981,38,1374,328,784,23,66225845,34070,303,3,0,129,49,0,0,2,2,2,6,0,1,1,14346,1088,250,34,1,1,15434,284,2,91,762,966,50,1869
3106200005044,31030,Belo Horizonte,10627,3,45,1,0,2,0,1,99,1155,15,0,1897,6734,78,386,9,1,4945,5694,31736,18477,2360,236,10597,35,31480,10638,5232,6238,3907,161,191,762,83,1062,26,1273,37,848,104,780,15,43328535,14720,382,8,7,13,12,1,1,1,1,3,3,1,0,0,8196,2251,155,17,0,0,10447,172,0,27,414,317,69,827
3106200005045,31030,Belo Horizonte,10184,1,8,1,0,0,0,0,58,1074,12,0,2133,6847,67,91,4,0,5040,5148,29897,17833,1858,277,9913,16,29775,10188,5293,6120,3244,189,184,917,69,935,20,1256,30,742,87,392,4,42425672,2350,237,0,0,13,3,0,0,0,0,1,1,0,0,0,9348,750,77,9,0,0,10098,86,0,0,610,360,18,988
3106200005046,31030,Belo Horizonte,10975,0,111,1,0,4,0,1,47,710,17,0,1753,7123,79,51,0,1,5009,5976,30730,22965,989,153,6605,18,30612,10983,5406,5774,3487,193,136,571,81,793,11,1101,22,774,280,711,8,63494081,13690,232,5,7,43,16,0,0,0,0,0,0,0,0,0,10155,458,79,17,0,0,10613,96,0,19,399,176,10,604
3106200005047,31030,Belo Horizonte,10359,2,10,0,0,1,0,0,29,292,9,0,2107,4888,90,42,9,0,4496,5865,29765,23446,999,202,5107,11,29702,10361,5797,6604,3073,168,107,621,61,618,11,780,19,577,89,399,2,82960200,2600,223,0,0,21,6,0,0,0,0,0,1,0,0,0,9637,579,74,12,0,0,10216,86,0,30,363,90,0,484
3106200005048,31030,Belo Horizonte,9685,13,517,2,0,8,0,7,34,846,7,0,1306,4234,23,83,31,22,4556,5108,32358,11000,4549,240,16366,31,32144,9643,5387,7016,5019,419,311,559,51,1723,71,876,24,707,91,206,5,23169862,10600,275,18,7,22,2,0,0,0,0,1,3,3,0,0,4810,1016,172,83,0,0,5826,255,0,72,815,338,79,1304
3106200005049,31030,Belo Horizonte,9776,4,362,6,0,2,28,2,86,1001,63,0,4429,4959,220,147,7,2,3839,5926,30163,12638,2879,319,14214,35,30009,9761,5896,6828,3737,283,215,482,74,1039,26,754,21,708,72,90,3,24632374,2450,154,5,7,26,11,0,0,1,0,3,4,1,0,0,7658,820,131,207,0,0,8478,338,0,0,520,234,18,772
3106200005050,31030,Belo Horizonte,8588,4,72,11,0,222,0,5,38,1436,33,0,1135,5479,119,136,10,13,3583,4987,26805,10117,3184,286,13024,58,26624,8554,4733,5967,3778,347,207,309,53,1208,22,613,6,514,81,215,5,20215450,4800,226,3,11,114,21,0,0,0,0,3,4,0,0,0,5726,2027,231,302,0,0,7753,533,0,12,440,382,90,924
3106200005051,31030,Belo Horizonte,10733,9,92,1,0,992,1,6,98,1630,16,0,415,5444,59,21,18,9,4593,6144,34640,11246,4746,451,18078,119,34619,10737,5982,7654,5189,529,287,507,53,1752,61,912,26,718,124,88,4,16049488,4140,300,53,29,215,18,0,0,5,3,6,7,6,0,0,4692,4054,527,906,0,0,8746,1433,0,0,1011,398,50,1459
3106200005052,31030,Belo Horizonte,8812,1,29,1,0,3,2,5,149,1134,32,1,2288,5213,115,142,2,16,3909,4905,28722,11950,3582,241,12918,21,28704,8814,5157,6528,3940,344,247,509,58,1216,47,771,19,633,154,238,2,23002252,860,240,49,61,360,111,0,0,0,0,0,1,1,0,0,6147,2072,262,330,0,1,8219,592,1,0,566,302,78,946
3106200005053,31030,Belo Horizonte,9548,3,26,0,1,5,2,2,43,1294,17,1,2099,5809,278,447,9,6,3925,5530,30827,12067,3161,325,14520,49,30057,9336,5599,7145,3708,322,253,554,83,1175,19,786,14,732,79,210,3,25504369,2020,198,0,8,103,50,1,1,0,1,3,3,3,0,1,7722,801,483,119,1,0,8523,602,1,0,666,409,55,1130
3106200005054,31030,Belo Horizonte,12600,0,63,0,0,0,0,0,28,195,6,0,5763,6953,74,65,0,0,4566,7997,34642,25891,961,243,7031,20,34103,12516,7890,7728,2674,284,89,412,66,370,6,575,11,432,126,533,25,96516636,30950,268,6,8,58,18,0,0,0,0,0,0,0,0,0,11861,365,212,50,0,0,12226,262,0,91,209,20,0,320
3106200005055,31030,Belo Horizonte,15127,7,35,122,2,1,0,4,807,1140,116,109,6769,6905,425,550,17,9,5999,9040,48050,26775,3191,534,16993,63,47310,14990,9520,11760,5166,449,305,964,157,1263,13,1100,33,802,198,377,5,67720290,3360,400,10,31,160,28,1,1,1,1,3,7,3,1,1,11308,2755,471,280,0,105,14063,751,105,108,818,409,42,1378
3106200005056,31030,Belo Horizonte,8535,2,8,5,0,5,0,3,185,289,12,5,5706,3649,58,65,5,5,2906,5637,24868,15872,1294,249,7420,33,24779,8541,5965,6171,1987,229,94,327,66,377,8,366,2,306,84,135,6,49138842,11332,128,2,2,4,1,0,0,0,0,0,2,0,0,0,7470,943,97,20,4,1,8413,117,5,0,216,72,0,288
3106200005057,31030,Belo Horizonte,9704,5,80,1,0,1,0,4,166,671,51,0,3004,4810,372,60,10,6,3520,6137,31107,18547,2090,305,9669,39,30043,9636,6081,7186,3080,245,221,435,111,859,9,590,22,520,124,495,4,59331033,6230,281,5,16,227,49,0,1,1,1,2,5,0,2,3,7835,1326,164,55,1,0,9161,219,1,37,389,156,85,667
3106200005058,31030,Belo Horizonte,13387,5,18,3,0,1,2,6,227,1136,72,0,4653,8539,307,234,7,23,5666,7719,41226,22757,3002,350,14948,61,41008,13362,7625,9094,4833,360,269,684,109,1286,18,1119,18,846,206,991,7,56565818,9810,310,2,20,239,21,2,2,2,2,3,5,0,0,0,9845,3201,135,122,0,0,13046,257,0,0,655,354,51,1061
3106200005059,31030,Belo Horizonte,9682,15,118,12,0,3,0,2,66,1347,19,0,1765,5292,74,131,49,5,4090,5596,31442,11146,4290,387,15564,55,31429,9685,5625,6937,4680,480,266,483,64,1409,32,815,21,694,72,160,3,20296645,3710,271,48,17,16,0,0,1,0,1,6,13,5,0,0,7131,1275,572,145,0,0,8406,717,0,67,657,276,28,1027
3106200005060,31030,Belo Horizonte,15360,6,45,1,1,1,0,2,346,1882,35,1,5117,8371,147,98,10,4,6738,8630,49417,21905,5263,484,21647,117,49368,15365,9016,11028,6691,550,472,956,134,2122,39,1362,36,1059,207,248,5,43242924,11810,299,9,0,199,17,0,0,0,0,4,6,0,0,0,9918,5111,169,131,1,0,15029,300,1,0,976,720,60,1756
3106200005061,31030,Belo Horizonte,14416,10,7,15,1,21,0,10,166,2030,18,0,3139,7548,63,278,24,44,6296,8128,47160,14871,6405,590,25194,100,47063,14424,8442,10352,6926,549,440,956,115,2202,67,1253,38,1020,140,140,8,26940054,9390,427,8,16,297,48,0,0,0,0,8,10,6,0,0,12196,1820,275,125,0,0,14016,400,0,21,1197,538,104,1861
3106200005062,31030,Belo Horizonte,14882,11,41,19,0,1,2,12,123,2666,85,3,665,9327,294,116,31,31,6036,8859,50356,15687,6261,590,27761,57,50320,14895,9332,12538,6849,598,382,831,116,2261,49,1220,31,940,160,128,13,24550318,7478,311,12,85,357,83,0,1,1,0,7,11,4,1,1,10006,2736,1600,537,0,3,12742,2137,3,0,1019,585,113,1717
3106200005063,31030,Belo Horizonte,14094,3,10,1,0,5,2,2,584,1575,17,0,6068,7556,102,154,7,3,6134,7974,44217,18665,4265,665,20579,43,44078,14108,8258,9743,5630,394,330,978,139,1553,26,1471,42,1038,171,171,14,37724035,10370,333,23,27,141,28,0,0,2,1,3,3,2,0,0,11444,1713,477,458,0,0,13157,935,0,22,778,664,24,1488
3106200005064,31030,Belo Horizonte,8720,1,1,5,0,0,0,3,264,1486,17,0,2831,5610,60,54,4,8,3739,4982,27978,10973,2791,266,13917,31,27941,8721,5284,6498,3642,306,179,550,85,1066,20,773,18,573,66,140,1,20290389,1200,213,0,1,31,20,0,0,0,0,0,1,0,0,0,6862,1646,162,49,0,1,8508,211,1,0,606,364,66,1036
3106200005065,31030,Belo Horizonte,9155,7,8,4,0,2,6,4,203,1637,23,0,3076,5520,82,111,19,6,3824,5339,29948,9924,3694,450,15792,88,29928,9160,5490,7008,4173,340,247,513,98,1300,41,714,22,616,81,128,5,15363921,4220,232,13,8,223,38,0,0,2,2,5,7,5,0,0,5752,2590,440,373,0,0,8342,813,0,23,708,418,40,1189
3106200005066,31030,Belo Horizonte,9883,13,36,8,0,20,5,3,501,1252,36,0,3137,5546,137,169,30,7,3934,5981,32579,11233,3942,522,16805,77,32433,9891,6103,7799,4418,535,238,545,92,1123,22,740,12,699,113,91,8,19313863,9752,307,10,86,467,88,0,1,5,4,7,9,5,1,1,4271,3871,242,922,0,0,8142,1164,0,0,515,264,68,847
3106200005067,31030,Belo Horizonte,9804,9,7,1,0,3,0,5,73,1949,32,0,603,6845,113,85,19,18,4382,5478,32941,10150,4306,510,17899,76,32787,9859,5915,7593,4635,370,308,731,92,1323,22,993,37,829,87,110,55,18000338,42134,283,4,28,156,54,0,0,0,0,5,9,3,0,1,7571,1603,509,102,0,0,9174,611,0,35,630,373,39,1076
3106309001001,31039,Ipatinga,5704,35,44,245,1,18,0,23,42,977,15,18,154,3515,67,13,120,52,2589,3140,19682,4859,2380,152,12281,10,19607,5729,4085,5422,2106,287,163,276,55,832,17,333,16,290,30,36,25,7697608,11120,392,23,250,217,45,2,16,35,16,22,35,3,3,18,1551,3065,306,731,4,46,4616,1037,50,54,306,180,69,609
3106408001001,31032,Itaguara,1073,3,451,55,2,0,0,2,1,182,3,27,1,542,8,9,8,6,398,676,3295,1536,359,26,1374,0,3292,1074,635,813,448,30,25,15,6,128,2,66,0,40,0,9,1,1804669,500,31,8,59,7,1,0,0,1,1,2,3,0,0,0,526,321,72,55,0,38,847,127,38,0,44,35,0,79
3106507001001,31011,Capelinha,1146,12,141,61,1,3,0,10,8,150,7,6,35,470,25,18,38,12,491,658,3888,900,559,36,2388,5,3883,1149,723,1044,531,37,21,40,6,163,3,88,1,46,12,16,3,1446894,1530,52,15,49,38,3,1,10,11,10,12,12,4,2,0,323,545,47,224,0,7,868,271,7,12,67,15,9,103
3106606001001,31016,Nanuque,814,26,103,66,2,5,0,12,5,98,2,10,21,294,3,31,72,27,315,503,2731,642,117,19,1947,6,2721,817,527,686,311,41,25,25,4,201,4,26,0,27,0,27,3,795944,2912,31,9,44,117,12,8,16,23,16,24,25,24,9,5,48,399,69,277,1,8,447,346,9,6,55,27,6,93
3106655001001,31005,Salinas,707,13,260,89,0,18,0,3,0,78,3,17,0,262,22,8,40,10,233,476,2485,825,135,15,1509,1,2475,707,494,722,245,37,18,18,9,156,1,23,0,29,6,4,0,617709,0,53,6,22,10,0,12,13,13,13,13,13,13,0,0,106,77,88,419,1,16,183,507,17,0,60,9,0,70
3106705005001,31030,Belo Horizonte,4144,6,92,216,7,5,0,17,82,486,266,49,259,1550,763,18,21,36,1377,2729,14398,4379,1501,210,8056,13,13525,4083,2688,3501,1678,284,112,130,39,500,10,208,6,229,30,32,9,6439448,11824,194,12,75,525,39,1,0,4,2,5,5,3,0,0,293,888,1032,1688,19,64,1181,2720,83,19,185,90,23,317
3106705005002,31030,Belo Horizonte,8897,4,6,10,0,1,0,8,139,1390,53,2,1096,5950,183,100,11,17,3459,5322,28769,13928,2159,272,11541,19,27725,8643,5371,6969,3324,301,211,394,85,1029,20,592,13,512,95,156,8,32031693,18722,173,3,9,66,16,0,0,0,0,1,4,0,0,0,6786,1334,362,88,1,2,8120,450,3,45,597,367,50,1059
3106705005003,31030,Belo Horizonte,6227,8,27,8,0,1,0,3,214,819,17,3,1879,3315,64,37,15,4,2081,4125,20939,7639,2174,85,10876,29,20687,6196,4217,5706,2294,337,135,243,57,646,17,372,12,366,46,43,2,12378170,1820,115,4,3,82,10,1,1,2,1,4,8,1,0,1,4320,1418,292,117,1,1,5738,409,2,14,356,186,51,606
3106705005004,31030,Belo Horizonte,3798,5,13,97,0,2,0,7,53,484,121,19,201,1635,356,30,12,22,1300,2489,13064,3792,1781,137,7312,10,13030,3788,2643,3737,1423,264,85,185,36,419,2,176,10,219,13,29,1,5257887,1020,149,36,94,1291,241,2,2,5,3,4,5,2,0,1,1101,799,937,838,10,20,1900,1775,30,0,108,68,42,218
3106705005005,31030,Belo Horizonte,4197,1,33,11,0,6,0,5,47,802,19,0,258,2719,68,53,4,19,1604,2540,14109,4362,1840,80,7562,25,13855,4128,2792,3616,1714,225,96,179,33,478,18,249,9,240,28,48,0,6411545,0,145,7,13,272,57,0,0,0,0,0,1,1,0,0,1851,1658,230,389,0,0,3509,619,0,25,209,102,45,381
3106705005006,31030,Belo Horizonte,3982,16,4,11,0,11,0,6,32,474,23,1,111,1480,68,18,49,24,1428,2555,13872,3756,2016,76,8012,8,13861,3983,2668,3441,2110,289,97,167,37,467,5,251,8,301,26,17,2,5199837,767,185,6,3,285,40,1,2,3,0,5,16,2,1,1,1393,1925,190,463,0,0,3318,653,0,0,211,96,23,330
3106705005007,31030,Belo Horizonte,6365,21,58,109,3,12,3,13,415,546,86,14,1481,1669,278,85,32,29,2491,3848,21663,5847,1794,451,13415,59,21492,6332,4021,5115,3239,563,167,225,57,907,19,297,13,431,55,50,2,7507749,510,374,1,96,662,55,0,5,16,6,13,20,3,5,2,2399,1682,1006,1053,8,10,4081,2059,18,0,384,92,17,493
3106705005008,31030,Belo Horizonte,6156,1,4,3,0,0,0,4,215,822,31,0,2273,3496,99,51,1,6,2081,3996,19811,7873,1605,49,9893,16,19418,6054,4052,5217,2030,257,141,228,47,544,7,330,9,323,29,152,7,14669933,5816,136,11,17,41,16,0,0,0,0,1,1,0,0,0,3549,2135,163,194,0,2,5684,357,2,33,340,292,13,679
3106705005009,31030,Belo Horizonte,6441,6,5,9,1,1,1,1,536,815,65,2,3138,2948,221,31,13,4,2119,4325,22096,6956,2414,275,12407,42,22086,6444,4366,6048,2833,470,174,195,45,780,11,268,3,348,59,48,4,11571681,5220,130,10,4,95,25,0,0,2,0,2,6,2,0,1,3504,2427,284,157,0,0,5931,441,0,16,398,183,23,619
3106705005010,31030,Belo Horizonte,4921,4,240,13,1,2,0,6,162,647,17,2,2678,2617,66,61,8,23,1762,3166,15836,5895,1730,113,8091,7,15819,4928,3289,4176,1649,274,96,240,41,462,12,300,6,281,39,36,7,11236782,11336,91,14,2,94,20,0,0,1,0,4,4,2,0,0,2968,1670,135,144,1,3,4638,279,4,8,204,90,11,313
3106705005011,31030,Belo Horizonte,4785,2,0,2,0,0,0,2,108,774,8,0,454,2599,21,35,2,10,1805,2888,16143,5817,1666,80,8084,12,15641,4650,3170,4156,1730,218,139,297,44,585,3,327,13,258,24,28,2,9357729,1530,78,1,2,96,8,0,0,0,0,1,2,1,1,1,2396,2144,16,47,0,1,4540,63,1,0,310,124,24,458
3106705005012,31030,Belo Horizonte,6620,9,467,153,2,3,0,30,655,768,62,30,2200,2506,190,69,30,121,2396,4220,22747,5993,2961,93,13619,42,22701,6615,4666,6499,2503,477,144,232,64,674,14,319,5,411,48,35,5,8586136,2330,242,28,155,2197,319,4,8,8,8,9,9,2,5,5,1982,1584,711,2213,26,35,3566,2924,61,57,338,165,45,606
3106705005013,31030,Belo Horizonte,5600,7,1,11,0,1,1,3,48,840,8,2,250,2697,23,24,16,15,2020,3589,19538,5664,2002,106,11737,27,19506,5609,4002,5466,2181,376,145,224,50,725,11,325,4,340,49,20,10,8474511,6875,140,4,8,169,41,0,1,3,0,3,7,3,0,1,2975,2325,142,156,0,1,5300,298,1,19,316,232,33,600
3106705005014,31030,Belo Horizonte,6242,5,8,10,0,4,0,8,125,1177,25,0,718,4187,86,29,14,18,2751,3408,20735,6763,2565,148,10742,20,20238,6106,4132,5445,2101,267,127,430,41,615,11,479,21,359,34,66,0,10335507,0,126,9,12,172,36,0,0,3,0,2,5,2,0,3,3260,2395,250,201,0,0,5655,451,0,0,390,339,49,779
3106705005015,31030,Belo Horizonte,4940,3,243,17,0,1,1,2,62,730,14,1,1945,2455,42,21,9,3,1571,3377,16358,5561,1513,66,9205,13,16329,4948,3537,4466,1612,302,107,239,34,422,15,297,7,252,61,49,8,8590390,10194,107,2,29,106,13,0,1,1,1,3,3,1,0,0,3031,1500,160,247,1,1,4531,407,2,0,247,176,34,458
3106705005016,31030,Belo Horizonte,4047,3,5,5,0,0,0,1,47,765,11,0,237,2426,29,7,4,4,1213,2842,13343,3750,1346,89,8139,19,13321,4055,2745,3692,1519,236,68,111,36,396,11,193,0,220,23,33,8,6247761,3790,115,1,7,6,1,0,0,0,0,2,3,0,0,0,2755,1138,88,66,0,0,3893,154,0,14,233,124,23,394
3106705005017,31030,Belo Horizonte,6462,3,42,10,0,3,0,0,81,1157,22,0,565,4067,67,32,9,0,1959,4508,21239,7178,2097,291,11654,19,21234,6467,4346,5738,2374,377,161,212,49,682,11,320,7,407,31,57,5,10460737,4950,342,6,17,97,8,2,2,2,2,1,3,2,0,1,3715,2225,283,218,0,0,5940,501,0,20,479,396,43,938
3106705005018,31030,Belo Horizonte,5813,7,3,11,0,9,3,8,235,680,21,0,1135,2267,69,41,17,17,2287,3535,20351,6139,2228,169,11783,32,20310,5821,3844,5281,2728,392,171,310,57,835,13,368,9,415,23,52,8,8708005,6788,219,15,1,11,0,0,0,0,0,5,7,3,0,3,3365,2062,155,231,0,0,5427,386,0,10,404,229,9,651
3106705005019,31030,Belo Horizonte,7062,12,69,11,0,399,0,3,56,1023,22,0,304,3277,88,7,33,12,2954,4116,23320,6090,3185,154,13834,57,23259,7070,4386,5638,3329,451,165,253,49,948,20,366,16,446,72,71,8,8694388,7715,273,20,18,201,28,0,0,2,1,7,12,10,0,1,3317,3144,357,244,0,0,6461,601,0,13,409,112,54,588
3106705005020,31030,Belo Horizonte,5065,4,349,41,0,17,5,5,385,676,12,9,2540,2625,38,60,16,24,1853,3216,17000,6058,1702,97,9121,22,16985,5069,3409,4431,2050,208,127,302,48,539,8,346,10,361,38,44,4,9046651,4200,219,3,5,81,18,0,0,2,0,2,4,0,0,1,2321,2397,134,190,12,0,4718,324,12,17,232,163,43,455
3106804001001,31065,Juiz de Fora,498,0,332,4,0,0,0,1,6,60,1,2,25,221,4,21,0,1,202,298,1499,850,193,13,443,0,1497,500,286,321,141,18,13,10,5,90,2,52,0,46,2,12,2,585028,2010,9,0,6,20,5,0,0,0,0,0,0,0,0,0,181,103,148,64,0,2,284,212,2,3,36,25,5,69
3106903001001,31065,Juiz de Fora,4358,0,140,12,0,0,0,4,90,665,12,0,332,2921,37,20,0,4,1725,2314,12957,7419,1281,43,2611,16,11338,3861,2258,2389,1481,145,124,124,39,497,13,185,7,159,17,28,2,7103092,510,118,0,25,19,6,0,0,0,0,0,0,0,0,0,2284,1408,107,59,0,1,3692,166,1,0,269,311,28,609
3107000001001,31024,Três Marias,614,1,1,7,0,0,0,0,6,66,5,0,19,171,12,0,3,0,224,391,1639,1073,76,0,490,0,1635,615,350,358,189,15,7,13,3,45,3,17,0,15,2,7,1,774568,1100,12,0,7,0,0,0,0,0,0,1,1,0,0,0,0,13,121,480,0,0,13,601,0,0,16,14,0,30
3107109003001,31050,Varginha,2635,0,5,3,0,0,0,1,193,393,12,3,650,1337,31,6,0,1,774,1864,8797,4444,1046,133,3173,1,8788,2638,1822,2516,908,109,39,84,21,365,14,145,8,106,8,10,3,3222148,1830,47,10,13,0,0,0,0,0,0,0,0,0,0,0,814,1774,14,18,0,5,2588,32,5,0,125,96,10,231
3107109003002,31050,Varginha,7115,7,75,7,0,9,0,7,390,1156,33,1,1392,4058,101,124,16,10,2602,4527,23394,13656,2535,168,7023,12,23259,7123,4456,6003,2725,247,153,309,74,1123,22,490,13,424,35,50,8,14124453,7382,110,9,63,54,4,0,0,1,0,7,7,3,0,0,3468,3499,28,62,0,1,6967,90,1,22,504,76,21,623
3107208001001,31055,Andrelândia,864,4,18,14,0,0,0,3,1,106,18,11,3,267,43,32,5,3,297,567,2396,1784,74,4,534,0,2396,864,488,565,235,39,13,22,6,91,4,37,1,19,3,8,0,1135942,0,37,12,23,22,0,1,1,3,2,4,4,2,0,0,183,325,76,265,0,3,508,341,3,0,29,25,0,54
3107307003001,31009,Bocaiúva,6694,28,230,134,6,22,0,18,123,939,27,11,451,3536,99,31,94,48,2530,4176,23155,6619,1470,138,14921,7,23100,6705,4093,6093,3114,326,200,213,44,1243,30,483,4,446,52,57,11,9960602,9575,196,35,61,11,2,4,8,20,16,26,27,23,0,0,1484,4665,100,429,3,4,6149,529,7,54,443,148,59,704
3107307003002,31009,Bocaiúva,3873,47,63,376,3,20,0,40,133,548,10,27,420,2056,32,62,131,91,1384,2492,13445,3530,1316,89,8505,5,13343,3875,2326,3457,1774,258,133,113,28,707,31,298,5,252,20,62,2,4719880,2300,189,18,82,42,6,7,29,33,30,44,46,27,1,4,1024,1882,271,639,4,18,2906,910,22,0,334,153,46,534
3107406003001,31026,Bom Despacho,5677,4,160,36,1,2,0,3,463,1095,28,2,1557,3953,103,43,7,7,2169,3512,17497,10102,956,87,6330,22,17400,5678,3521,4549,1830,201,69,255,40,594,14,319,4,217,11,83,1,14057190,510,93,15,43,16,3,0,2,2,2,4,4,1,0,0,2083,3297,35,124,4,6,5380,159,10,11,200,194,0,405
3107406003002,31026,Bom Despacho,7902,12,141,50,1,3,0,13,588,1566,43,2,2182,5343,143,54,27,38,3203,4711,25466,13757,1317,239,10145,8,25442,7914,5140,7014,2826,310,142,251,49,947,19,422,2,294,21,93,12,16413772,13555,133,15,66,5,0,0,3,5,3,12,12,4,0,0,2623,4959,49,128,0,12,7582,177,12,20,488,291,24,824
3107505001001,31055,Andrelândia,1915,1,1,12,0,0,1,4,8,362,7,0,23,1092,23,57,1,6,833,1091,5576,3893,316,38,1312,17,5540,1924,1161,1258,630,67,25,92,13,181,1,105,2,84,6,2,9,2504616,9162,43,9,55,5,5,0,0,1,1,1,1,1,0,0,518,1182,35,179,0,1,1700,214,1,16,59,42,0,117
3107604001001,31047,Passos,980,0,0,0,0,0,0,1,52,169,3,0,177,497,9,0,0,1,236,746,2825,1941,48,15,820,1,2794,981,674,764,166,63,7,17,6,54,1,32,0,24,2,4,1,1530490,510,15,2,3,0,0,0,0,0,0,0,0,0,0,0,264,673,6,37,0,0,937,43,0,3,21,28,0,52
3107703001001,31031,Itabira,739,0,3,21,0,0,0,2,2,118,2,0,5,366,6,0,0,7,368,371,2516,855,395,30,1231,5,2512,739,423,648,282,18,29,65,4,139,1,100,2,45,7,6,0,1324356,0,12,2,3,0,0,0,0,0,0,0,0,0,0,0,341,355,7,29,0,0,696,36,0,4,49,15,2,70
3107802001001,31040,Caratinga,3178,14,396,261,5,49,3,20,47,469,9,42,156,1505,33,68,32,33,1007,2176,10024,3369,725,23,5905,2,9975,3183,2121,2515,990,170,72,106,20,458,9,132,5,150,11,34,5,3239421,2720,206,20,176,30,4,3,12,12,12,13,14,5,1,1,1250,924,563,352,53,18,2174,915,71,5,166,100,4,275
3107901001001,31052,Pouso Alegre,1801,1,247,5,2,2,0,2,27,274,9,1,93,823,23,19,4,5,432,1378,5679,4946,78,49,603,3,5652,1810,1259,1615,515,93,33,37,12,160,4,59,2,46,1,25,9,2596620,15722,31,7,16,9,2,0,0,1,0,1,1,0,0,0,677,984,27,112,0,1,1661,139,1,11,60,54,11,135
3108008001001,31046,Oliveira,4543,3,1309,19,0,10,0,4,162,822,26,0,566,2447,81,12,6,11,1651,2896,14194,5896,1713,273,6311,1,14116,4545,2709,3405,1689,194,100,128,38,762,21,246,5,224,31,13,2,6795334,3510,143,3,18,83,7,0,0,2,1,0,3,1,0,0,3378,910,151,26,0,1,4288,177,1,10,264,128,5,407
3108107001001,31032,Itaguara,1225,0,3,59,2,1,0,1,3,213,8,2,8,568,29,0,0,3,384,842,3332,2045,135,80,1072,0,3305,1226,712,734,334,36,9,43,4,65,3,68,1,41,5,17,1,1916219,500,29,3,25,31,5,0,0,0,0,0,0,0,0,0,583,301,161,173,0,6,884,334,6,6,23,42,0,70
3108206001001,31001,Unaí,1309,5,4,7,0,0,0,3,87,197,3,0,252,576,10,9,15,7,518,793,4137,1251,393,137,2356,0,4089,1310,771,976,559,73,16,34,3,191,6,62,2,54,8,24,1,1764058,1000,28,3,13,1,0,0,2,4,2,5,5,3,0,0,490,682,26,111,0,0,1172,137,0,3,52,20,0,75
3108255001001,31003,Januária,586,17,2,39,4,16,0,7,0,90,2,1,0,337,5,0,73,28,200,388,2209,580,208,81,1339,1,2201,587,378,652,249,41,25,15,4,150,9,32,4,30,5,18,1,660802,500,11,4,34,1,0,1,11,17,11,17,14,7,0,0,3,2,260,320,0,1,5,580,1,5,64,0,6,76
3108305001001,31052,Pouso Alegre,4441,1,13,15,0,1,0,3,198,1020,16,0,649,3324,44,21,3,3,1796,2652,13718,10822,371,73,2446,6,13622,4448,2983,3392,1184,152,102,281,53,436,9,282,17,211,30,48,7,7952189,5200,61,22,121,21,4,0,0,1,0,0,1,0,0,0,2568,1675,94,102,0,2,4243,196,2,0,261,181,6,448
3108404001001,31051,Poços de Caldas,3833,6,2,8,0,3,0,12,382,753,96,0,1351,2283,325,67,9,17,1090,2741,11366,7515,538,41,3256,5,11255,3830,2459,2768,1072,193,40,131,35,402,5,163,5,108,9,32,1,6006569,510,86,13,18,2,0,1,1,3,1,6,6,2,0,1,2073,1596,49,64,1,5,3669,113,6,0,129,115,0,244
3108503001001,31008,Grão Mogol,968,15,739,194,3,7,0,5,3,125,7,6,12,394,24,15,46,12,350,618,3470,889,316,48,2213,4,3470,968,585,919,609,57,30,18,3,163,2,44,3,37,25,5,0,885943,0,29,1,40,0,0,4,11,15,12,15,15,2,0,0,58,221,174,505,1,7,279,679,8,0,66,12,4,82
3108552001001,31002,Paracatu,3493,29,1,85,1,2,0,25,25,619,18,3,101,2045,59,38,80,69,1523,1977,12372,2923,2004,268,7172,1,12341,3500,2275,3270,1518,324,67,134,28,565,12,280,3,276,12,88,7,5176097,8180,83,22,369,156,31,9,26,29,26,29,29,12,2,1,255,522,504,2193,2,17,777,2697,19,16,238,61,23,338
3108602003001,31007,Montes Claros,2533,65,25,636,13,124,2,81,22,209,12,250,86,668,57,41,247,298,899,1639,9577,2433,1020,114,6003,7,9561,2538,1683,2734,1225,135,108,63,14,647,13,179,6,192,6,25,5,2077417,1530,99,7,62,55,9,11,43,51,44,65,65,8,2,2,330,930,314,670,1,248,1260,984,249,21,241,11,0,273
3108602003002,31007,Montes Claros,3185,17,34,60,0,25,1,19,242,412,14,35,896,1393,46,89,57,52,1251,1943,11098,3552,706,85,6753,2,11004,3192,1966,2899,1209,127,89,183,25,580,11,326,7,250,40,41,7,5277809,4615,72,1,40,6,1,4,8,12,8,17,16,0,0,0,1470,1441,62,160,0,35,2911,222,35,26,188,52,8,274
3108701001001,31062,Viçosa,732,2,120,10,0,0,0,3,3,117,1,0,11,346,3,8,2,7,322,415,2223,895,188,4,1136,0,2202,736,449,522,258,10,9,26,5,121,5,37,2,24,0,2,4,757792,2140,23,5,47,0,0,0,1,1,1,1,2,2,0,0,346,150,139,85,0,0,496,224,0,0,30,23,2,56
3108800001001,31035,Guanhães,452,0,405,29,2,5,0,3,2,55,0,2,15,216,0,18,0,8,172,280,1593,450,167,28,948,0,1593,452,296,416,186,25,19,31,1,98,3,30,1,28,0,6,0,703614,0,24,1,7,0,0,0,0,0,0,0,0,0,0,0,83,285,18,64,1,0,368,82,1,0,51,9,0,61
3108909001001,31056,Itajubá,2618,4,18,7,0,0,0,4,43,482,9,3,139,1526,32,12,12,6,1189,1441,7891,6506,188,30,1164,3,7777,2621,1527,1873,875,71,41,107,19,305,0,193,2,110,10,23,3,4429164,2122,53,8,20,9,2,0,0,0,0,3,4,4,0,0,888,1541,81,103,0,5,2429,184,5,6,119,80,10,214
3109006003001,31030,Belo Horizonte,4727,5,85,36,2,2,0,9,315,690,32,21,1062,2363,102,106,15,40,1543,3187,15650,7246,1412,258,6720,14,15585,4729,3133,4021,1784,233,103,225,49,561,12,324,7,281,20,91,2,8689300,6010,234,17,49,165,26,1,5,5,5,5,5,5,1,0,2670,936,601,495,16,7,3606,1096,23,7,308,182,13,510
3109006003002,31030,Belo Horizonte,4146,7,458,60,3,2,0,9,59,598,109,21,213,2038,366,51,9,26,1165,2986,12992,6710,894,173,5145,17,12911,4151,2746,3304,1323,150,94,121,40,385,10,200,0,193,49,116,5,15810523,2920,150,52,182,214,36,2,5,6,6,6,7,5,3,1,1664,566,458,1136,5,15,2230,1594,20,5,136,179,10,330
3109105001001,31052,Pouso Alegre,1945,2,14,2,0,0,0,3,16,381,12,1,48,1040,36,3,2,3,601,1357,5674,4995,145,14,515,5,5621,1948,1213,1305,613,73,37,65,22,188,5,86,2,40,12,15,3,3110665,3020,27,4,13,0,0,0,1,1,1,2,2,1,0,0,793,1078,22,37,0,2,1871,59,2,5,47,85,0,137
3109204001001,31025,Curvelo,2315,18,1,34,1,1,0,9,8,453,12,1,18,1490,32,25,43,20,1056,1269,7767,1772,789,103,5101,2,7683,2324,1237,1619,1283,139,41,122,14,370,14,226,5,186,16,91,9,3054591,7470,78,3,206,142,44,0,9,10,9,18,18,5,3,2,757,188,1028,341,1,0,945,1369,1,9,153,48,59,269
3109253001001,31040,Caratinga,484,0,0,1,1,0,0,1,1,66,1,0,3,241,1,0,0,3,207,278,1531,561,92,18,855,5,1529,485,354,408,137,18,14,16,3,63,0,12,0,18,2,1,1,525579,510,12,0,10,124,17,0,0,0,0,0,0,0,0,0,18,0,450,14,1,0,18,464,1,0,14,33,0,46
3109303001001,31001,Unaí,4878,18,63,109,3,14,0,40,104,817,47,37,359,2570,157,1228,56,97,1793,3107,16100,4658,1283,397,9742,20,15922,4897,2974,3858,2217,438,63,130,34,707,16,273,9,258,31,77,19,6577699,13229,217,10,154,1,0,6,10,15,10,16,18,5,0,2,593,1087,951,2137,1,39,1680,3088,40,27,237,160,22,446
3109402001001,31006,Pirapora,6461,61,27,636,12,48,0,58,279,983,29,30,1058,3447,104,121,179,178,2473,4015,23630,4491,3647,389,15048,55,23526,6482,4103,5681,3377,679,210,246,68,1558,53,408,6,501,103,83,21,7154995,13505,198,2,615,242,37,5,52,56,50,61,61,10,2,0,61,85,2314,3968,8,24,146,6282,32,62,461,123,23,669
3109451001001,31001,Unaí,1733,5,0,32,1,0,0,21,57,218,11,1,190,651,42,107,12,51,633,1101,5297,1576,569,132,2980,40,5283,1734,1042,1187,739,139,14,40,7,233,3,61,1,62,0,21,1,1925702,500,82,0,139,18,3,0,4,5,4,5,5,3,0,0,79,115,636,894,0,3,194,1530,3,6,69,13,3,91
3109501001001,31048,São Sebastião do Paraíso,2441,4,253,6,0,1,0,2,148,388,45,2,507,1242,139,1,4,5,647,1799,7627,5129,491,22,1983,2,7582,2445,1666,2034,612,118,37,76,29,308,7,123,2,80,10,38,4,3678873,3930,86,9,7,41,5,0,0,4,0,2,4,2,0,0,1226,1135,38,30,1,0,2361,68,1,4,125,135,0,264
3109600001001,31027,Sete Lagoas,1076,0,0,4,0,0,0,0,0,145,2,0,0,456,11,2,0,0,463,613,3528,1177,343,53,1955,0,3528,1076,670,871,432,20,35,37,9,195,4,108,1,57,10,1,0,1762190,0,18,0,0,4,3,0,0,0,0,0,0,0,0,0,815,218,31,12,0,0,1033,43,0,3,70,35,0,108
3109709001001,31053,Santa Rita do Sapucaí,2209,3,1,0,0,0,0,2,49,411,8,0,175,1327,24,57,8,2,677,1539,7064,6128,180,7,747,2,7000,2216,1480,2027,600,88,47,47,28,235,12,115,2,80,15,29,7,3398330,4368,111,9,30,0,0,0,1,1,0,3,3,1,0,0,385,1794,9,19,0,0,2179,28,0,0,102,94,10,206
3109808001001,31017,Ituiutaba,685,0,0,0,0,1,0,1,73,90,2,0,249,300,6,0,0,3,291,395,2225,953,221,16,1032,3,2219,685,446,524,250,42,23,17,8,145,6,35,4,20,4,10,0,1267254,0,7,0,8,0,0,0,0,0,0,0,0,0,0,0,455,227,1,2,0,0,682,3,0,0,45,5,3,53
3109907001001,31027,Sete Lagoas,2630,8,25,177,1,8,0,12,157,244,25,49,526,753,72,14,14,27,1034,1604,8389,2729,795,63,4790,12,8351,2636,1530,1999,1030,140,69,154,15,374,11,210,7,142,15,30,6,4314000,6770,31,7,45,105,11,0,3,3,3,7,7,1,0,0,2132,27,407,0,56,1,2159,407,57,30,163,16,17,227
3110004003001,31030,Belo Horizonte,5099,3,46,60,0,3,0,9,178,717,23,1,640,2258,69,89,12,28,2000,3100,17348,6067,1323,112,9828,18,17136,5099,3043,3984,2554,177,171,193,46,976,22,443,8,354,26,33,0,10907829,0,79,6,14,54,2,0,0,0,0,2,3,1,0,0,2990,1815,131,150,1,8,4805,281,9,15,494,107,0,616
3110004003002,31030,Belo Horizonte,5145,10,26,228,4,6,0,16,158,735,18,7,599,2455,59,124,21,42,1766,3389,18088,5380,1665,143,10875,25,18055,5154,3318,5000,2426,237,172,146,33,916,18,346,3,229,28,34,9,8302614,10396,124,11,110,72,17,0,3,6,4,9,10,8,0,0,2288,1844,421,569,3,10,4132,990,13,29,414,178,18,638
3110103001001,31063,Muriaé,889,0,0,25,2,1,0,0,16,218,17,9,61,693,57,0,0,0,281,610,2618,1528,225,16,849,0,2613,891,581,637,271,60,10,22,14,80,0,30,0,18,2,2,2,1139472,4000,14,7,47,56,24,0,0,0,0,0,0,0,0,0,451,190,104,85,0,3,641,189,3,3,27,31,2,63
3110202001001,31062,Viçosa,636,1,0,19,0,1,0,3,79,89,5,1,284,258,13,4,4,6,230,406,2096,752,347,6,991,0,2093,636,373,506,297,19,23,19,6,124,5,28,0,44,6,5,0,728826,0,27,0,0,0,0,0,0,0,0,1,1,1,0,0,437,168,12,19,0,0,605,31,0,0,38,10,4,52
3110301001001,31051,Poços de Caldas,2755,1,272,13,1,1,0,3,69,672,24,1,224,1921,77,13,1,4,1167,1589,7739,6089,509,34,1061,15,7644,2747,1614,1548,815,95,45,142,20,287,7,146,5,106,24,42,3,4788492,3366,64,3,20,13,8,0,0,0,0,1,1,1,0,0,1532,776,191,240,0,5,2308,431,5,11,106,125,10,252
3110400001001,31044,Formiga,478,2,221,3,0,5,0,0,10,55,0,0,32,161,0,0,2,0,140,338,1458,1057,152,7,242,0,1458,478,293,420,136,15,9,19,2,38,1,24,0,20,1,2,0,654517,0,9,0,1,0,0,0,0,0,0,1,2,0,0,0,413,40,22,3,0,0,453,25,0,0,20,11,0,32
3110509001001,31052,Pouso Alegre,5046,8,365,8,0,1,0,21,97,1245,106,6,363,3852,368,37,13,50,1980,3095,15469,10828,397,101,4128,15,15290,5049,3275,3561,1409,280,132,340,40,552,13,299,20,209,53,58,3,8820371,5500,193,20,199,33,12,0,1,2,2,3,8,6,0,5,2228,1837,616,357,1,7,4065,973,8,0,307,304,0,611
3110608003001,31052,Pouso Alegre,2938,1,4,1,0,0,0,1,101,811,5,0,307,2481,16,0,1,1,1212,1732,8797,7192,316,21,1265,3,8754,2944,1892,2057,934,104,62,148,20,236,3,160,8,143,9,41,6,5122333,4250,69,18,74,0,0,1,1,1,1,1,1,1,0,0,1019,1632,50,235,0,0,2651,285,0,12,117,136,6,271
3110608003002,31052,Pouso Alegre,4693,9,8,4,0,0,0,3,105,1161,13,0,338,3828,31,18,14,3,1996,2700,13562,11135,429,93,1882,23,13487,4695,2891,2947,1469,164,77,253,38,419,20,247,14,183,24,44,2,9021119,3010,97,28,93,14,7,0,5,5,5,8,9,2,0,0,2365,2214,37,71,0,5,4579,108,5,3,207,167,40,418
3110707001001,31054,São Lourenço,3365,4,67,51,2,16,0,13,412,581,46,7,1468,1798,144,9,7,35,1368,2016,10457,5664,1098,83,3594,18,10352,3375,1898,2360,1313,189,81,168,25,555,19,181,7,142,15,36,10,5526094,6550,73,2,45,36,3,0,0,0,0,0,4,0,0,0,2716,109,398,81,11,25,2825,479,36,5,204,122,13,343
3110806001001,31037,Governador Valadares,785,6,750,29,0,1,0,6,2,154,5,0,7,453,9,36,22,35,336,453,2651,549,302,12,1759,29,2647,789,410,512,453,56,25,21,4,231,10,48,0,63,22,5,4,913857,4710,30,5,69,28,3,0,6,6,6,6,6,0,3,3,310,323,103,49,0,0,633,152,0,7,68,46,3,124
3110905001001,31050,Varginha,4080,9,68,26,0,6,1,18,186,655,21,2,661,2067,79,36,15,27,1505,2585,13326,8360,1113,34,3814,5,13202,4087,2520,3416,1578,172,131,137,28,547,12,272,5,238,27,36,7,7568410,5885,56,8,65,70,6,0,2,5,3,5,9,3,1,1,2706,775,458,133,2,6,3481,591,8,5,253,119,14,392
3111002001001,31051,Poços de Caldas,3624,0,7,7,0,0,0,4,153,777,37,1,509,2444,119,23,0,14,987,2638,10959,8963,459,56,1476,5,10856,3624,2460,2676,1112,133,47,110,23,328,6,174,2,116,12,27,0,5862102,0,83,6,8,8,2,0,0,0,0,0,0,0,0,0,1611,1796,64,151,0,2,3407,215,2,,,,,
3111101001001,31021,Frutal,4933,6,14,26,1,2,0,7,637,1104,16,1,1992,3297,53,19,10,8,2093,2856,14433,8433,1367,111,4483,1,14307,4948,3030,2856,1481,237,99,272,60,673,12,270,11,274,15,95,16,8793053,10040,157,12,85,0,0,1,1,2,2,6,6,0,0,0,4321,468,84,34,0,3,4789,118,3,,,,,
3111150001001,31007,Montes Claros,441,3,414,20,0,4,0,2,1,64,0,0,3,200,0,2,8,3,141,303,1551,340,140,0,1071,0,1540,444,294,440,190,24,16,5,1,91,4,17,0,14,4,2,3,447949,1470,14,3,23,47,8,1,1,2,2,2,3,3,1,0,4,6,87,332,0,0,10,419,0,,,,,
3111200003001,31045,Campo Belo,4101,8,0,14,2,0,0,1,371,757,12,0,1182,2323,34,60,15,1,1416,2685,12179,7231,1306,70,3560,12,12127,4101,2533,2815,1234,205,81,182,36,475,17,227,3,183,16,17,0,5611986,0,65,5,10,47,11,0,1,1,1,6,8,6,1,0,2607,1296,49,53,0,0,3903,102,0,,,,,
3111200003002,31045,Campo Belo,5823,6,28,13,0,3,0,8,551,903,14,1,1797,3051,48,32,12,14,1775,4048,17212,11471,1145,66,4512,18,17182,5823,3746,4202,1648,247,99,167,45,639,17,240,6,228,24,35,0,12401693,0,83,46,7,7,1,0,0,1,0,5,6,5,0,0,2787,2890,57,83,0,0,5677,140,0,,,,,
3111200003003,31045,Campo Belo,6249,7,37,18,0,3,0,4,656,1139,38,3,2208,3528,146,173,19,9,1996,4262,19235,10522,1870,113,6694,36,19047,6254,3953,4583,1987,340,116,242,61,834,25,301,9,282,13,52,5,9218298,5520,114,89,9,27,4,1,1,1,1,5,7,5,0,1,3306,2702,50,44,0,1,6008,94,1,,,,,
3111309001001,31050,Varginha,3149,10,0,6,1,3,0,13,39,344,15,0,129,1046,41,59,33,19,1030,2130,10059,6020,739,102,3190,8,10026,3150,2078,2640,963,142,90,83,32,507,15,164,5,126,11,19,1,4123475,510,55,8,1,0,0,0,0,0,0,10,10,3,0,0,1534,1307,8,27,0,0,2841,35,0,,,,,
3111408001001,31022,Uberaba,1636,5,0,14,0,3,0,46,262,462,17,8,868,1470,52,25,15,156,416,1233,5208,2476,616,15,2046,23,5094,1645,1093,1185,480,145,37,49,18,230,3,76,2,117,3,63,20,3532616,10436,46,4,14,0,0,0,0,0,0,2,2,1,0,0,1031,311,45,14,3,0,1342,59,3,,,,,
3111507001001,31023,Araxá,3921,4,0,10,0,6,0,8,414,847,41,2,1397,2854,150,57,7,20,1184,2741,12913,7150,1054,72,4637,0,12861,3922,2600,3370,1332,275,95,72,45,531,9,170,6,171,38,222,1,6952913,2000,47,3,31,5,5,0,0,1,1,2,3,1,0,0,1506,2289,25,84,0,2,3795,109,2,,,,,
3111606003001,31050,Varginha,6029,6,4,26,1,1,0,19,352,930,17,3,1170,2892,50,24,10,51,2033,3999,19156,11769,1253,117,6010,7,19056,6031,3914,5161,2006,257,95,202,42,716,17,308,12,214,33,50,2,8384453,3030,187,16,28,3,0,0,1,3,1,6,6,3,0,1,2758,3064,49,126,5,8,5822,175,13,,,,,
3111705001001,31062,Viçosa,596,0,0,13,1,0,0,2,1,66,0,2,3,171,0,7,0,6,160,443,1859,745,182,54,877,1,1846,602,414,496,160,31,9,16,7,69,1,22,0,20,2,5,6,783199,3330,10,5,9,0,0,0,0,0,0,0,0,0,0,0,32,447,3,113,0,1,479,116,1,,,,,
3111804001001,31018,Uberlândia,3285,2,8,17,0,0,0,3,198,831,6,0,630,2713,18,21,9,5,1071,2229,10180,5047,681,101,4338,13,10128,3295,2196,2143,845,260,80,141,39,438,10,171,10,294,7,217,10,5822972,10289,91,3,5,9,3,0,0,0,0,2,2,0,0,0,1330,1804,64,53,0,1,3134,117,1,,,,,
3111903001001,31045,Campo Belo,1326,3,1,19,1,2,0,0,72,118,10,0,253,316,27,11,10,0,361,967,4068,2383,398,12,1273,2,4040,1328,871,1123,368,57,25,34,19,133,2,39,1,38,1,2,2,1723729,900,23,2,0,64,8,0,0,2,0,2,3,1,0,0,384,763,47,131,0,0,1147,178,0,,,,,
3112000001001,31045,Campo Belo,3530,2,765,19,0,9,1,1,335,614,8,4,1026,1708,25,106,8,1,1065,2469,10206,6682,779,36,2702,7,10112,3533,2243,2404,960,162,58,104,31,333,10,145,0,93,17,15,3,5284226,2010,30,9,22,30,8,0,0,0,0,2,2,2,0,0,1554,1728,103,101,2,1,3282,204,3,,,,,
3112059001001,31036,Peçanha,724,9,129,112,0,8,0,4,11,85,3,2,42,266,3,7,34,11,341,384,2479,647,240,26,1566,0,2477,724,434,671,344,34,13,40,2,86,0,65,0,50,7,3,0,768795,0,31,0,18,0,0,0,4,8,4,6,9,8,0,0,25,231,14,436,0,18,256,450,18,,,,,
3112109001001,31061,Manhuaçu,651,0,0,3,0,0,0,0,6,143,2,3,18,535,7,0,0,0,269,383,2006,1227,139,5,635,0,2005,652,439,519,216,40,5,20,3,54,2,25,0,26,2,3,1,853858,200,20,0,5,12,8,0,0,0,0,0,0,0,0,0,191,220,174,63,3,0,411,237,3,,,,,
3112208001001,31059,Barbacena,692,0,329,15,0,1,0,3,0,97,0,2,0,265,0,9,0,5,224,469,2132,1563,56,2,511,0,2125,693,435,518,248,10,26,24,9,76,0,35,0,43,1,4,1,893105,700,8,0,16,0,0,0,0,0,0,0,0,0,0,0,370,123,117,72,1,9,493,189,10,,,,,
3112307003001,31011,Capelinha,3342,14,193,49,3,14,0,8,41,714,5,2,126,2153,14,32,47,21,1464,1883,11601,3496,547,61,7496,1,11533,3347,1972,2970,1813,183,58,80,11,507,3,231,1,215,25,88,5,5530616,2820,103,23,126,11,4,2,5,7,4,13,14,11,0,0,774,2024,72,461,0,9,2798,533,9,,,,,
3112307003002,31011,Capelinha,3791,17,14,63,7,13,0,15,39,750,15,1,132,2424,47,12,59,31,1502,2293,13152,3630,624,70,8824,4,13034,3794,2277,3439,2029,190,66,79,23,517,12,263,5,228,18,61,3,4869084,2070,244,24,225,39,4,2,9,15,10,16,17,13,1,1,1208,1616,273,693,0,1,2824,966,1,,,,,
3112406001001,31047,Passos,1921,4,27,3,0,0,0,3,92,372,12,0,329,1130,39,3,15,4,594,1331,5919,4127,257,24,1511,0,5847,1924,1268,1490,562,76,34,62,10,190,7,79,6,95,16,27,3,2760717,2110,107,0,17,0,0,0,0,0,0,4,4,0,0,0,596,1308,1,12,0,0,1904,13,0,,,,,
3112505001001,31027,Sete Lagoas,2393,8,83,45,0,1,0,4,81,238,17,1,291,843,45,10,23,6,692,1703,8090,2028,798,113,5151,0,8046,2395,1599,2130,969,145,64,76,29,361,13,130,0,113,10,17,2,3670861,1800,82,9,30,2,0,1,2,5,3,8,8,0,0,0,149,462,576,1205,1,0,611,1781,1,,,,,
3112604001001,31017,Ituiutaba,4658,5,6,20,0,6,3,6,289,1279,11,1,974,3913,29,3,7,6,1325,3341,14302,6810,936,150,6379,15,14194,4659,3127,3286,1262,387,91,148,51,692,26,183,6,191,11,76,4,8280183,2700,109,5,30,125,16,0,1,1,1,5,5,0,1,3,3058,1328,136,130,1,2,4386,266,3,,,,,
3112653001001,31037,Governador Valadares,1151,3,14,51,1,3,0,6,1,286,5,2,1,913,22,3,7,19,442,710,3573,1270,235,84,1982,2,3569,1151,727,813,421,79,15,39,11,195,5,34,2,56,6,13,0,1204905,0,42,5,136,0,0,0,1,1,1,1,3,1,0,0,196,764,40,137,0,2,960,177,2,,,,,
3112703001001,31007,Montes Claros,2968,103,282,264,0,113,0,31,36,309,10,41,130,1064,38,25,393,92,1364,1610,11520,2272,1082,179,7985,2,11503,2974,1956,3341,1602,123,78,116,18,760,25,246,8,212,29,29,6,2930818,3128,176,9,121,16,2,12,51,83,44,101,103,60,1,0,257,441,372,1857,15,26,698,2229,41,,,,,
3112802001001,31047,Passos,2166,0,60,21,3,1,0,3,120,530,53,9,419,1748,162,5,0,8,685,1483,6502,5190,311,60,933,8,6458,2168,1440,1672,560,71,25,84,18,166,1,111,1,112,12,18,2,4048633,1910,42,1,0,57,35,0,0,0,0,0,0,0,0,0,757,902,9,12,0,0,1659,21,0,,,,,
3112901001001,31061,Manhuaçu,1170,0,5,10,0,1,2,9,13,217,8,1,41,844,27,2,0,23,489,682,3779,1582,224,10,1962,1,3778,1171,741,976,376,44,25,86,20,161,3,88,5,56,12,12,1,1309645,1500,44,3,11,40,5,0,0,0,0,0,0,0,0,0,596,386,44,119,0,2,982,163,2,,,,,
3113008001001,31012,Araçuaí,2066,29,526,135,3,20,1,34,8,300,4,30,26,1019,25,17,90,97,966,1102,7191,1463,396,14,5317,1,7188,2068,1229,1831,983,145,34,70,13,454,12,123,8,125,26,47,2,1791355,200,273,22,62,0,0,3,12,21,11,21,29,18,0,0,259,1059,86,635,4,23,1318,721,27,,,,,
3113107001001,31059,Barbacena,334,0,13,1,0,1,0,0,0,23,1,0,0,71,1,3,0,0,106,228,1176,506,101,16,553,0,1176,334,225,343,140,7,9,7,0,64,0,16,1,18,10,1,0,433473,0,14,0,0,0,0,0,0,0,0,0,0,0,0,0,150,139,6,12,0,1,289,18,1,,,,,
3113206001001,31059,Barbacena,5397,7,29,58,1,2,0,9,228,641,21,18,821,2239,69,113,14,24,1738,3665,18205,9772,1024,170,7228,11,18164,5401,3727,5356,1867,221,187,135,48,708,13,225,2,204,26,45,4,8073888,1664,100,13,76,27,4,0,0,5,4,3,7,5,0,0,1563,2841,307,656,2,23,4404,963,25,,,,,
3113305003001,31063,Muriaé,3879,4,43,7,0,1,0,13,145,1033,26,0,504,3587,81,78,6,33,1453,2436,11479,5364,1498,122,4482,13,11458,3889,2308,2297,1554,271,72,104,29,490,8,158,4,203,35,36,10,5144695,7320,110,19,92,14,12,1,2,2,2,2,4,2,0,0,1333,1695,495,352,1,0,3028,847,1,,,,,
3113305003002,31063,Muriaé,5150,3,111,18,1,3,1,10,189,1213,35,0,704,4480,104,128,6,27,2175,2979,14580,8694,1232,111,4542,1,14375,5151,2923,2947,1625,217,98,216,59,521,10,240,10,230,27,81,1,10231570,1100,96,17,88,22,15,0,2,3,3,3,3,2,0,0,2845,1527,419,357,0,2,4372,776,2,,,,,
3113404003001,31040,Caratinga,4161,6,676,10,0,3,0,13,26,745,14,1,160,3404,52,24,22,30,1656,2507,13425,5326,1481,206,6392,20,13299,4163,2641,3251,1566,269,82,145,39,563,15,252,8,193,42,73,2,6032148,1970,133,22,30,8,1,0,0,1,0,1,3,0,0,0,2059,881,466,138,0,1,2940,604,1,,,,,
3113404003002,31040,Caratinga,4124,0,521,24,1,18,0,5,59,674,41,0,317,4061,126,27,0,9,1422,2708,12792,6318,1071,119,5265,19,12741,4127,2692,3155,1340,160,81,122,37,464,4,210,4,225,40,62,3,8277883,1530,73,6,54,15,1,0,0,0,0,0,0,0,0,0,2599,881,503,132,3,6,3480,635,9,,,,,
3113404003003,31040,Caratinga,8307,5,1370,31,0,17,0,11,69,1485,23,9,404,8828,121,44,15,20,3281,5032,25356,13157,1620,222,10331,26,25265,8311,5150,6021,2751,351,140,319,88,954,21,461,13,348,82,215,4,17654398,3820,254,14,49,11,27,0,0,0,1,1,5,1,0,0,5657,1435,1057,142,3,3,7092,1199,6,,,,,
3113404003004,31040,Caratinga,5712,21,492,330,6,27,18,24,33,794,53,37,134,3034,177,65,59,57,2569,3163,18901,6937,1689,422,9834,19,18712,5720,3787,5000,1917,325,151,315,34,818,14,342,16,235,9,57,8,6095238,8257,318,9,216,80,17,2,8,12,9,12,18,3,0,1,1721,1175,1124,1142,38,96,2896,2266,134,,,,,
3113503001001,31011,Capelinha,2173,6,56,53,3,5,0,14,5,430,1,3,22,1280,3,16,12,31,786,1391,6738,2582,452,82,3619,3,6710,2176,1185,1616,995,113,15,45,13,231,2,149,1,118,17,35,3,2581972,1770,46,31,68,6,3,3,3,5,3,6,6,6,0,0,1490,191,360,129,2,1,1681,489,3,,,,,
3113602001001,31053,Santa Rita do Sapucaí,1447,1,0,3,0,2,0,1,118,332,12,0,431,1008,27,7,1,2,422,1029,4702,3275,229,25,1170,3,4658,1450,926,1236,508,112,42,41,9,206,2,55,1,62,2,8,3,2298228,6500,29,2,14,0,0,0,0,0,0,0,1,1,0,0,1157,249,25,14,2,0,1406,39,2,,,,,
3113701001001,31016,Nanuque,4118,35,508,33,0,24,0,27,118,775,17,8,408,2393,42,58,79,56,1682,2439,12964,3863,1008,115,7971,7,12898,4119,2366,2558,1719,267,118,155,47,864,28,226,5,284,34,94,1,5693467,1000,208,11,52,175,33,1,11,32,7,32,35,11,9,0,883,2562,171,494,6,2,3445,665,8,,,,,
3113800001001,31035,Guanhães,408,3,1,10,0,1,0,8,0,35,3,1,0,119,11,0,4,22,195,215,1311,402,61,7,830,11,1303,410,256,333,151,11,7,40,3,33,0,30,1,14,3,17,2,599571,1020,7,10,3,0,0,0,0,3,1,0,3,2,0,0,271,108,10,18,1,0,379,28,1,,,,,
3113909001001,31050,Varginha,2570,3,4,4,0,1,0,3,108,360,13,0,439,1261,44,62,10,9,951,1625,8966,3831,977,89,4068,1,8903,2576,1616,2275,1092,160,90,113,16,497,9,188,7,211,5,53,6,4295226,7477,32,5,30,0,0,0,0,1,0,1,3,1,0,0,1106,1422,11,31,0,0,2528,42,0,,,,,
3114006001001,31046,Oliveira,2752,3,2,35,0,0,0,6,197,550,12,2,662,1764,35,29,5,12,868,1901,8610,4730,996,40,2839,5,8559,2760,1711,2257,930,119,47,83,18,288,4,164,5,143,22,23,8,4310465,5830,52,2,18,0,0,0,0,0,0,3,3,1,0,0,1649,898,54,32,0,3,2547,86,3,,,,,
3114105001001,31054,São Lourenço,2944,1,9,18,2,1,0,10,61,442,42,1,241,1673,154,22,3,28,1006,1941,10189,6312,641,16,3215,5,10143,2947,1888,2820,1244,125,96,126,14,457,15,213,5,144,13,27,3,4815995,1530,94,14,70,67,14,0,1,1,1,1,1,0,0,0,1473,1116,198,149,1,7,2589,347,8,,,,,
3114204001001,31043,Divinópolis,5415,4,66,22,1,3,0,11,78,993,16,1,272,3619,53,44,9,21,1970,3454,17340,10716,1551,128,4929,16,17263,5423,3542,4851,1872,196,82,141,26,529,8,311,3,234,9,42,8,8659549,7702,234,14,54,48,7,0,0,1,0,4,4,1,0,0,2141,2863,189,219,0,3,5004,408,3,,,,,
3114303003001,31020,Patos de Minas,4039,8,4,14,0,2,0,5,384,647,17,4,1278,2063,47,42,22,9,1525,2388,12429,7388,593,99,3494,0,11549,3853,2281,2569,1405,152,80,137,26,543,11,236,3,187,11,54,5,7151503,3750,81,4,3,0,0,1,0,1,1,8,8,1,0,1,2468,1105,169,93,2,9,3573,262,11,,,,,
3114303003002,31020,Patos de Minas,4182,10,15,24,1,13,2,7,493,661,12,3,1594,2068,35,45,22,9,1334,2851,12771,7798,823,89,4047,0,12674,4185,2744,3230,1304,173,76,102,28,469,5,183,3,110,21,48,8,6920598,11640,112,7,9,0,0,0,1,2,1,9,9,2,0,1,1831,2012,100,109,0,3,3843,209,3,,,,,
3114402001001,31049,Alfenas,4676,1,11,9,1,0,0,10,319,870,53,1,1044,2645,183,27,1,20,1460,3210,14362,10471,448,68,3341,9,14257,4669,2968,3647,1481,202,83,177,44,454,17,289,5,176,9,33,2,9334009,3310,117,0,3,4,4,0,0,0,0,1,1,0,0,0,2670,1838,51,95,2,1,4508,146,3,,,,,
3114501001001,31046,Oliveira,3448,1,2,11,1,0,0,2,57,573,8,0,221,2163,38,11,3,7,1034,2418,11821,7195,548,102,3976,0,11739,3450,2297,3578,1176,101,71,69,32,428,10,203,1,162,29,118,2,6490673,2770,51,6,63,10,1,0,0,0,0,1,1,0,0,0,1878,1459,46,61,0,4,3337,107,4,,,,,
3114550001001,31021,Frutal,2423,7,9,34,0,0,0,8,176,563,9,0,543,1624,24,11,11,12,718,1706,6975,3916,321,101,2628,5,6936,2424,1579,1536,589,175,42,73,31,250,7,85,2,81,19,38,2,4469625,2730,53,2,25,1,0,0,2,6,4,6,7,1,0,0,1658,188,457,90,5,0,1846,547,5,,,,,
3114600001001,31057,Lavras,792,2,3,1,0,0,0,2,71,102,0,0,219,299,0,8,8,5,388,415,2612,1112,478,15,1004,3,2581,801,461,643,327,27,19,25,3,148,2,69,1,61,3,11,9,1239573,21080,16,1,1,0,0,0,0,0,0,0,2,0,0,0,409,313,45,25,0,0,722,70,0,,,,,
3114709001001,31049,Alfenas,806,0,1,0,0,0,0,2,37,92,3,0,140,291,11,1,0,2,221,588,2459,1979,89,10,380,1,2434,808,564,643,199,28,11,32,7,75,1,36,2,30,3,6,2,1207961,5400,14,1,2,13,0,0,0,0,0,0,0,0,0,0,776,23,6,1,0,0,799,7,0,,,,,
3114808001001,31055,Andrelândia,851,1,191,22,0,1,0,2,8,142,1,13,24,365,1,16,1,3,331,523,2437,1824,101,7,498,7,2414,853,475,525,301,31,12,32,5,78,0,46,0,45,3,9,2,1229360,1000,16,1,43,0,0,0,1,1,1,1,1,1,0,0,550,67,148,71,2,13,617,219,15,,,,,
3114907001001,31034,Conselheiro Lafaiete,329,2,1,9,0,2,0,1,2,21,2,1,10,58,6,0,2,1,73,256,1122,714,27,11,370,0,1122,329,214,301,129,14,15,9,4,55,0,28,0,24,0,0,0,437313,0,17,0,7,0,0,0,1,2,1,1,2,1,0,0,235,25,44,8,1,0,260,52,1,,,,,
3115003001001,31018,Uberlândia,652,1,0,4,0,1,0,2,1,151,5,0,1,437,17,0,1,2,176,478,1796,1117,73,2,600,4,1794,654,393,365,147,53,7,10,7,63,3,25,0,40,1,24,2,1040230,4020,15,3,5,15,9,0,0,0,0,1,1,0,0,0,377,15,242,18,0,0,392,260,0,,,,,
3115102001001,31047,Passos,4730,2,49,7,0,2,1,8,342,1094,52,1,1141,3299,154,43,3,16,1756,2962,14221,9000,835,76,4234,17,14078,4716,2977,3418,1530,186,78,126,42,588,17,211,5,138,17,26,5,8982592,4810,56,7,23,32,6,0,0,0,0,2,2,0,0,0,4245,298,50,15,0,1,4543,65,1,,,,,
3115201001001,31058,São João del Rei,851,0,0,20,0,3,0,1,4,93,3,0,11,278,9,55,0,2,315,538,2793,1213,301,73,1206,0,2765,853,597,825,223,32,12,29,8,112,3,50,0,26,1,1,2,1244913,3060,14,0,0,16,5,0,0,0,0,0,0,0,0,0,338,113,287,113,0,0,451,400,0,,,,,
3115300003001,31066,Cataguases,3998,5,44,52,0,2,0,14,52,897,27,2,195,2885,77,15,7,29,1327,2674,12134,7214,1685,47,3173,5,12105,3999,2630,2831,1232,204,104,123,54,501,21,162,5,182,23,35,4,5483148,4650,67,20,106,30,12,0,1,2,2,2,5,0,0,0,2307,828,551,275,1,26,3135,826,27,,,,,
3115300003002,31066,Cataguases,5018,4,62,2,0,0,0,5,137,993,12,1,556,4314,40,17,8,12,1982,3049,14389,9569,1379,63,3363,15,14321,5029,3037,3042,1509,173,94,236,70,516,7,251,3,255,22,104,11,10544165,18540,87,8,25,1,1,0,0,1,1,2,4,1,0,0,3161,1649,156,20,0,0,4810,176,0,,,,,
3115300003003,31066,Cataguases,6279,9,45,103,4,2,0,19,293,989,59,10,996,3386,187,43,14,51,2301,3983,19920,10017,3731,147,6008,17,19858,6284,4112,4699,2216,278,200,319,65,926,27,329,19,310,44,29,5,9076979,4569,131,14,56,2,0,2,4,6,5,2,9,2,0,0,3104,2185,685,232,7,64,5289,917,71,,,,,
3115300003004,31066,Cataguases,6751,4,67,6,0,0,0,19,186,1071,21,0,901,4223,66,17,7,41,2376,4390,20337,12574,2566,192,4907,22,20084,6755,4319,4604,2061,288,162,267,80,795,22,359,12,279,40,47,4,15067191,5840,97,19,25,0,0,0,0,1,1,2,4,1,0,0,3608,2607,442,92,0,0,6215,534,0,,,,,
3115359001001,31031,Itabira,1239,2,20,10,1,0,0,0,35,198,8,1,121,620,35,8,15,0,530,709,4240,1521,446,57,2216,0,4233,1239,828,1157,533,47,26,66,13,138,5,106,7,58,6,4,0,2067435,0,20,6,20,0,0,0,0,0,0,2,2,0,0,0,565,364,26,22,0,0,929,48,0,,,,,
3115409001001,31034,Conselheiro Lafaiete,404,0,0,12,0,0,0,1,1,50,1,1,5,170,1,1,0,2,132,273,1429,454,160,1,814,0,1428,405,258,431,193,6,7,12,0,57,4,23,0,23,6,4,1,582378,710,2,2,4,0,0,0,0,0,0,0,0,0,0,0,291,68,31,13,1,0,359,44,1,,,,,
3115458001001,31015,Teófilo Otoni,491,1,287,22,0,13,5,5,1,63,1,1,2,196,4,0,1,31,278,221,1692,349,174,14,1155,0,1666,499,276,370,249,1,16,28,4,109,2,45,3,59,4,26,8,585011,3303,49,1,22,1,0,0,0,1,0,0,1,0,0,0,25,405,8,52,0,1,430,60,1,,,,,
3115474001001,31004,Janaúba,899,12,0,10,0,4,0,8,2,75,1,0,4,230,9,0,40,18,323,577,2978,885,309,39,1740,5,2974,900,631,804,334,42,25,15,3,151,4,22,1,19,3,20,1,786559,510,36,5,31,2,0,3,9,10,9,12,11,3,0,1,5,33,157,704,0,0,38,861,0,,,,,
3115508001001,31054,São Lourenço,6885,5,500,39,3,6,0,14,139,913,55,6,445,3121,178,66,9,33,2947,3945,21252,13094,1784,95,6255,24,21077,6889,4104,4752,2461,263,211,368,84,1010,36,428,16,386,26,39,4,12296742,5210,288,13,40,50,6,0,0,2,0,5,5,1,0,0,3217,3497,54,103,1,5,6714,157,6,,,,,
3115607001001,31024,Três Marias,380,0,0,29,0,1,0,0,1,44,1,0,3,99,2,0,0,0,195,185,1033,428,103,15,485,2,1033,380,209,226,134,5,4,8,1,40,0,13,0,5,2,6,0,397644,0,12,0,0,0,0,0,0,0,0,0,0,0,0,0,108,0,267,5,0,0,108,272,0,,,,,
3115706001001,31038,Mantena,1943,6,18,113,2,27,0,8,5,401,4,1,24,1229,17,12,9,16,657,1286,5594,2611,471,9,2503,0,5594,1943,1186,1089,594,141,44,51,22,317,7,71,2,108,6,8,0,2028261,0,109,17,47,5,0,0,0,3,0,3,6,3,0,0,681,850,109,302,0,1,1531,411,1,,,,,
3115805001001,31018,Uberlândia,2968,2,45,53,0,10,0,6,82,679,9,1,282,2158,25,23,2,19,830,2144,9314,4765,667,130,3740,11,9295,2974,1950,2107,884,234,67,156,29,446,10,139,12,224,8,69,6,4397242,4580,99,2,4,7,1,0,0,0,0,1,2,0,0,2,771,356,1334,500,2,5,1127,1834,7,,,,,
3115904001001,31065,Juiz de Fora,662,0,0,0,0,0,0,0,8,182,5,0,21,533,16,9,0,0,273,389,1903,1324,187,2,388,2,1903,662,369,390,277,22,16,15,7,92,0,27,0,19,0,6,0,955307,0,11,1,1,0,0,0,0,0,0,0,0,0,0,0,589,10,61,1,0,0,599,62,0,,,,,
3116001001001,31061,Manhuaçu,938,3,8,18,1,4,0,5,10,163,6,2,34,611,21,0,8,15,263,676,2784,1632,94,2,1054,2,2781,938,614,650,259,47,30,21,13,131,4,26,1,34,4,8,0,1292144,0,26,10,43,0,0,0,2,3,3,3,3,0,0,0,175,459,83,221,0,0,634,304,0,,,,,
3116100001001,31011,Capelinha,1536,13,667,155,1,10,0,7,7,143,3,94,20,431,4,3,39,18,664,875,5694,673,1402,17,3602,0,5689,1539,1005,1858,657,40,51,59,11,257,7,92,0,80,20,9,3,1856149,2710,62,2,6,34,5,4,5,13,5,9,13,13,0,0,497,145,391,409,53,41,642,800,94,,,,,
3116159001001,31003,Januária,1434,21,325,122,5,7,0,7,106,217,4,9,461,764,18,48,88,26,604,841,5761,1408,460,106,3748,39,5717,1444,1001,1795,557,101,41,99,25,212,6,192,4,216,4,49,10,1990242,8664,45,4,199,1,0,0,21,21,17,21,21,11,0,0,8,350,69,970,0,23,358,1039,23,,,,,
3116209001001,31065,Juiz de Fora,493,1,189,9,0,0,0,0,2,98,7,1,6,320,21,11,4,0,164,330,1486,903,208,15,360,0,1483,494,312,285,157,41,19,18,3,80,1,25,0,39,7,1,1,1068782,900,11,5,48,59,26,0,1,1,1,1,1,0,0,0,102,353,5,33,0,0,455,38,0,,,,,
3116308001001,31062,Viçosa,923,1,733,30,2,1,0,3,0,97,1,1,0,312,5,2,1,5,395,530,3014,1958,263,8,785,0,2993,923,571,858,363,19,13,16,6,124,7,47,1,22,9,8,0,1068518,0,18,1,6,7,1,0,0,0,0,1,1,0,0,0,144,571,26,180,1,1,715,206,2,,,,,
3116407001001,31047,Passos,770,2,1,5,0,0,0,1,64,197,9,0,251,635,24,0,7,1,231,539,2530,1586,98,18,827,1,2518,770,508,735,247,50,15,20,2,94,4,27,0,27,1,16,0,1062549,0,24,1,1,2,4,0,0,0,0,2,2,0,0,0,320,344,46,57,0,0,664,103,0,,,,,
3116506001001,31007,Montes Claros,1621,16,31,92,1,14,0,21,20,187,3,7,68,575,6,25,48,64,617,1006,5251,1360,520,34,3336,1,5249,1623,970,1276,712,127,27,34,9,298,13,80,1,55,13,12,2,1676420,1275,30,1,59,3,0,2,12,12,12,15,15,3,0,0,62,536,257,730,2,6,598,987,8,,,,,
3116605001001,31043,Divinópolis,6203,3,182,52,0,2,0,7,482,1221,33,3,1800,4397,112,30,12,18,2027,4206,21154,12713,1507,118,6732,35,20796,6212,4111,6130,2039,299,119,273,47,691,12,451,7,293,26,127,25,11731094,22615,119,16,87,36,16,0,0,3,1,3,3,2,0,0,2262,3373,170,291,0,4,5635,461,4,,,,,
3116704001001,31062,Viçosa,1753,1,16,4,0,0,0,4,108,311,6,1,357,1116,21,0,2,9,565,1191,5156,3042,420,22,1664,8,5143,1756,1116,1200,547,88,24,62,16,165,4,78,3,59,15,16,3,2308312,2810,39,3,6,0,0,0,0,1,1,0,1,1,0,0,940,190,517,106,0,0,1130,623,0,,,,,
3116803001001,31035,Guanhães,1164,3,270,91,1,15,0,5,9,227,9,0,30,671,29,1,7,17,487,682,3814,892,152,8,2761,1,3770,1169,686,955,516,76,24,18,12,159,2,59,2,63,11,24,5,1542605,4545,18,3,43,0,0,0,1,0,0,3,3,3,0,0,774,156,155,58,0,0,930,213,0,,,,,
3116902001001,31021,Frutal,492,2,0,0,0,0,0,1,28,151,3,0,100,484,7,6,2,1,159,333,1508,734,152,23,599,0,1508,492,297,324,154,28,10,11,3,67,3,28,1,35,6,48,0,810490,0,22,2,11,14,9,0,0,0,0,2,2,1,0,0,408,0,82,0,0,0,408,82,0,,,,,
3117009001001,31013,Pedra Azul,1030,12,906,64,0,16,6,13,14,156,1,2,46,490,1,10,27,27,387,644,3547,1045,102,2,2397,1,3545,1031,663,973,422,48,31,38,9,162,10,54,1,62,1,37,1,1128735,418,21,16,19,146,21,2,6,12,5,9,12,8,6,1,148,374,118,385,1,4,522,503,5,,,,,
3117108001001,31049,Alfenas,2082,0,9,7,0,1,0,1,185,294,6,1,620,893,18,13,0,1,666,1433,6199,4647,160,13,1375,4,6155,2083,1326,1574,561,78,37,90,14,174,0,119,2,81,8,8,1,3276890,510,12,4,13,13,2,0,0,0,0,0,0,0,0,0,1186,774,53,67,1,1,1960,120,2,,,,,
3117207001001,31053,Santa Rita do Sapucaí,483,0,1,0,0,0,0,2,9,71,2,0,25,207,5,11,0,3,134,349,1509,1233,42,3,230,1,1509,483,315,395,145,23,13,12,6,70,2,23,0,13,1,7,0,653145,0,12,1,1,0,0,0,0,0,0,0,0,0,0,0,387,93,2,1,0,0,480,3,0,,,,,
3117306001001,31022,Uberaba,6284,7,82,93,5,3,1,18,381,2133,25,5,1367,7712,79,46,17,46,1891,4403,20880,11623,1314,318,7476,26,20496,6280,4312,4994,1719,476,174,283,82,810,23,461,13,602,25,327,28,12418680,9258,253,31,176,175,79,4,7,7,7,7,7,3,6,4,1903,3633,69,630,0,13,5536,699,13,,,,,
3117405001001,31041,Aimorés,533,3,0,9,0,1,1,3,3,105,3,0,10,313,11,2,5,4,171,354,1523,769,143,0,557,0,1462,517,323,322,137,31,8,13,4,62,3,18,0,21,3,5,2,862795,1596,5,0,12,9,2,0,0,0,0,2,1,0,0,0,333,106,42,32,0,0,439,74,0,,,,,
3117504001001,31028,Conceição do Mato Dentro,3469,57,585,515,3,32,2,40,93,362,13,107,353,1143,55,102,159,114,1553,1931,12269,2867,1573,112,7677,40,12213,3478,1910,3093,1880,193,94,197,25,650,17,340,5,266,42,31,9,4756961,18102,149,13,101,100,14,8,41,54,45,55,57,19,9,0,1458,618,754,548,14,72,2076,1302,86,,,,,
3117603001001,31043,Divinópolis,615,1,14,14,0,0,0,0,17,77,4,2,49,230,10,3,3,0,246,374,2015,854,183,44,934,0,2005,620,368,498,282,28,16,18,4,112,2,28,1,27,3,4,5,1123887,3808,10,2,0,0,0,0,0,1,0,1,1,0,0,0,134,407,17,53,0,2,541,70,2,,,,,
3117702001001,31054,São Lourenço,3493,7,2,7,2,1,0,9,158,494,18,0,553,1474,49,14,17,20,1238,2261,11454,6037,1132,94,4184,7,11353,3497,2147,2873,1388,180,94,104,34,636,11,175,9,163,20,26,4,5129126,3450,100,5,88,5,0,0,5,4,4,6,7,2,0,1,1180,2120,31,118,0,4,3300,149,4,,,,,
3117801001001,31053,Santa Rita do Sapucaí,2465,1,112,2,0,0,0,0,12,452,25,0,33,1500,76,0,1,0,787,1679,8123,7177,91,20,834,1,8076,2466,1659,2351,744,80,59,121,15,255,5,166,2,105,10,43,1,3964250,0,37,10,39,50,9,0,0,1,0,0,1,1,0,0,1202,985,115,163,0,0,2187,278,0,,,,,
3117836001001,31003,Januária,524,15,146,133,2,10,0,11,3,16,0,1,11,48,0,5,60,29,132,395,1915,450,175,79,1201,10,1908,526,366,615,168,23,17,22,2,118,0,21,2,24,1,8,2,527022,1010,26,1,11,0,0,0,3,3,3,3,3,2,0,0,2,2,210,265,0,1,4,475,1,,,,,
3117876001001,31030,Belo Horizonte,1698,1,7,29,2,0,0,2,5,217,53,2,41,732,162,0,1,7,711,990,5936,1510,419,36,3971,0,5914,1700,1157,1651,603,70,60,124,17,261,6,140,4,86,27,11,2,3478092,1780,26,3,9,33,1,0,0,1,0,1,1,1,0,0,28,2,1464,64,3,0,30,1528,3,,,,,
3117900001001,31052,Pouso Alegre,2523,0,8,4,0,0,0,1,35,601,9,0,119,1873,24,57,0,1,701,1827,7755,5914,183,26,1632,0,7693,2524,1727,2072,660,99,43,74,24,229,4,109,3,88,2,35,1,4179489,1400,30,1,49,10,9,0,0,0,0,0,0,0,0,0,1249,1163,54,46,1,1,2412,100,2,,,,,
3118007003001,31034,Conselheiro Lafaiete,5301,10,25,106,3,10,1,11,89,822,23,32,323,2637,75,22,27,25,1777,3422,18185,6890,1595,269,8956,17,17722,5161,3565,5149,2014,234,168,125,40,650,7,278,7,281,26,17,1,9631422,1160,95,14,57,19,5,0,3,7,4,7,10,8,0,0,3180,878,660,383,17,22,4058,1043,39,,,,,
3118007003002,31034,Conselheiro Lafaiete,8391,10,108,50,1,6,0,19,145,1343,15,14,526,4716,56,48,23,52,3092,5296,29051,11353,3088,378,14144,11,28902,8371,5628,7868,3571,376,294,235,61,1329,21,507,6,479,73,81,2,18791968,3130,205,11,77,167,39,0,0,5,3,6,10,5,0,0,5563,1002,1285,503,3,7,6565,1788,10,,,,,
3118106001001,31028,Conceição do Mato Dentro,822,9,612,163,4,28,0,5,0,70,3,1,0,191,9,1,28,19,274,555,2598,457,186,13,1941,0,2582,829,498,680,333,38,14,18,4,101,2,30,1,21,2,21,7,830465,3610,35,0,34,139,16,0,9,9,9,9,9,4,6,0,115,227,123,351,1,5,342,474,6,,,,,
3118205001001,31022,Uberaba,1802,0,40,42,1,0,0,8,170,380,7,22,601,1165,27,33,0,17,471,1339,5671,3739,354,47,1528,3,5621,1804,1184,1474,532,138,40,52,20,181,3,83,2,85,4,23,2,3193170,2000,30,0,30,0,0,0,0,0,0,0,0,0,0,0,570,960,16,94,0,22,1530,110,22,,,,,
3118304003001,31034,Conselheiro Lafaiete,4590,3,13,65,0,5,0,7,188,659,12,7,681,2354,51,3,6,17,1539,3057,15425,7368,1350,119,6557,31,15381,4596,3118,4129,1735,162,187,125,64,699,15,268,5,236,23,39,6,9602616,4060,69,3,11,0,0,0,0,0,0,1,3,1,0,0,2708,1249,336,282,2,13,3957,618,15,,,,,
3118304003002,31034,Conselheiro Lafaiete,6716,9,39,94,2,5,2,14,153,1239,22,21,514,4468,73,27,25,53,2510,4224,22579,9964,2410,84,10113,8,22507,6734,4427,5858,2590,286,210,336,68,901,18,568,15,404,46,77,18,11990150,10973,182,11,23,55,3,0,2,4,2,2,9,7,0,0,4306,1789,366,214,7,34,6095,580,41,,,,,
3118304003003,31034,Conselheiro Lafaiete,5023,5,53,66,1,4,1,13,92,797,14,4,335,2848,31,76,11,19,1694,3332,17252,7357,1897,143,7850,5,17244,5026,3390,4666,2110,252,164,149,46,699,12,339,3,277,43,65,3,9179500,1620,101,2,22,0,0,0,0,2,1,4,5,4,0,0,2557,2008,237,205,1,13,4565,442,14,,,,,
3118304003004,31034,Conselheiro Lafaiete,6503,2,90,116,0,5,0,10,86,919,27,10,286,3099,108,100,3,25,2186,4333,22483,8677,2868,172,10757,9,22417,6519,4426,6227,2644,281,247,240,36,956,24,411,9,317,55,62,16,12243934,6050,125,20,56,0,0,0,0,2,1,1,2,1,0,0,3679,1760,425,250,4,6,5439,675,10,,,,,
3118304003005,31034,Conselheiro Lafaiete,10807,0,49,7,0,4,1,8,125,1817,10,1,553,7703,38,92,0,19,4239,6573,33527,21534,2078,261,9637,17,33295,10809,6334,7836,4105,273,340,382,108,1362,39,758,11,606,103,160,2,31989922,9500,180,23,19,26,6,0,0,0,0,0,0,0,0,0,7230,3157,364,45,1,0,10387,409,1,,,,,
3118403001001,31041,Aimorés,5886,15,25,314,4,30,0,16,88,1317,15,7,342,4827,53,37,38,37,2280,3607,17601,6631,1662,248,9017,28,17431,5886,3446,3564,2167,383,91,228,53,934,14,220,8,316,34,83,3,7322190,1812,298,13,182,35,15,0,6,14,6,13,15,4,0,0,2141,3113,215,407,1,6,5254,622,7,,,,,
3118502001001,31056,Itajubá,305,0,3,1,0,0,0,1,1,41,0,0,3,118,0,0,0,2,137,169,950,800,20,1,129,0,949,306,203,251,113,13,6,2,4,33,4,10,0,5,0,0,1,372036,510,4,0,3,0,0,0,0,0,0,0,0,0,0,0,255,42,5,3,0,0,297,8,0,,,,,
3118601005001,31030,Belo Horizonte,14680,19,1105,317,6,85,3,26,226,1084,114,50,836,3472,354,405,54,64,6187,8522,53196,14468,6369,842,31335,90,51275,14692,9610,13090,7040,1028,441,894,128,2046,52,1082,41,941,122,89,15,18224996,21251,817,19,307,1922,178,2,7,7,9,16,19,14,4,3,5937,5617,1232,1569,8,18,11554,2801,26,,,,,
3118601005002,31030,Belo Horizonte,11396,6,63,9,1,2,0,14,455,1934,51,9,1849,6508,165,216,14,43,4223,7193,38604,13215,3806,437,21097,49,38513,11415,7863,10590,4239,511,283,574,107,1283,24,741,16,750,93,59,19,20925406,16635,321,7,12,100,9,0,0,0,0,4,6,2,0,0,4752,5629,227,325,3,1,10381,552,4,,,,,
3118601005003,31030,Belo Horizonte,14369,10,59,44,2,2,0,18,606,1789,83,9,5746,6973,302,205,14,46,4724,9654,47795,20309,4563,660,22153,83,47606,14377,9841,12991,5270,622,363,537,148,1412,14,831,21,823,167,188,14,37202108,13675,334,18,86,1147,234,0,1,3,3,9,10,5,2,0,6485,4812,1592,1439,5,5,11297,3031,10,,,,,
3118601005004,31030,Belo Horizonte,17824,25,209,24,1,2,2,15,738,2752,102,2,2875,9809,323,186,57,62,6605,11257,61432,21130,7050,563,32610,79,61266,17843,11841,16040,7250,933,596,997,186,2477,38,1411,33,1376,133,140,19,32948511,18490,374,17,137,1006,188,0,2,3,2,8,25,4,1,15,9346,5331,1662,1291,5,8,14677,2953,13,,,,,
3118601005005,31030,Belo Horizonte,8901,0,58,23,1,19,2,13,379,1608,20,2,2588,6323,83,49,0,41,3286,5602,28894,11898,2876,247,13639,23,28643,8856,5597,6725,3509,369,205,469,71,1057,20,783,23,696,123,124,10,21406504,97738,272,7,6,819,275,0,0,0,0,0,0,0,0,0,5757,2515,232,186,1,2,8272,418,3,,,,,
3118601005006,31030,Belo Horizonte,9557,1,52,5,0,8,0,5,109,2038,35,0,1319,6913,113,55,5,23,4144,5426,30969,10778,3621,361,16156,52,30948,9570,5798,7475,3832,397,227,560,65,1223,32,830,20,723,136,71,13,17251535,7220,262,6,12,133,46,0,0,0,0,1,1,0,0,1,4513,4461,279,304,0,0,8974,583,0,,,,,
3118601005007,31030,Belo Horizonte,10311,8,566,40,0,6,0,21,204,1596,34,0,1863,6215,134,123,16,62,4202,6028,35400,11061,3954,568,19238,39,34734,10181,6646,8662,4084,479,310,732,90,1358,26,1058,26,935,136,50,18,17978391,17138,339,29,54,425,99,1,1,2,2,5,8,3,0,2,6673,2252,643,516,0,0,8925,1159,0,,,,,
3118601005008,31030,Belo Horizonte,12659,19,1083,9,0,17,3,11,185,2217,27,0,1471,7539,77,275,44,24,5444,7234,41887,15242,4956,574,21070,45,41805,12667,7547,9942,5301,598,316,923,91,1706,53,1297,25,1068,138,135,8,24331914,5587,252,42,43,479,66,2,4,9,9,16,19,15,2,2,6134,5061,457,885,1,0,11195,1342,1,,,,,
3118601005009,31030,Belo Horizonte,11596,3,268,0,0,1,0,0,109,2054,31,1,2187,8921,140,143,11,0,5101,6504,35247,16677,3362,407,14739,62,35210,11604,6437,7743,4337,334,219,762,88,1177,34,1156,29,917,108,249,8,32192531,10216,192,5,1,55,23,0,0,1,1,1,3,3,0,0,9226,2165,177,6,1,0,11391,183,1,,,,,
3118601005010,31030,Belo Horizonte,18720,2,1067,4,0,5,16,3,32,4304,107,0,841,15384,333,83,4,5,7409,11316,58230,23754,5404,894,28109,69,58171,18725,10853,13887,7020,563,432,867,129,2218,67,1542,30,1366,216,237,5,33664627,2570,728,41,31,244,101,0,0,1,1,1,2,1,0,1,11415,5667,1078,534,0,0,17082,1612,0,,,,,
3118601005011,31030,Belo Horizonte,10397,1,192,1,0,1,0,2,131,1905,15,0,2235,7629,53,109,2,9,4121,6284,32654,15505,2598,414,14103,34,32622,10404,6326,8072,3604,356,225,632,91,1057,24,898,32,610,122,156,7,24887954,8530,332,26,14,414,64,0,0,0,0,1,1,0,0,0,6633,3372,231,160,0,0,10005,391,0,,,,,
3118601005012,31030,Belo Horizonte,18819,0,367,1,0,0,0,1,240,3038,31,0,8475,14299,128,178,0,1,7008,11797,58424,26580,5136,828,25653,116,58253,18793,11962,14335,6332,562,348,853,154,1791,42,1347,47,1168,220,268,9,48364228,7572,524,0,51,52,2,0,0,0,0,0,0,0,0,0,16276,2118,263,87,0,0,18394,350,0,,,,,
3118601005013,31030,Belo Horizonte,12612,4,55,12,0,6,1,2,339,1801,30,1,3353,7241,113,85,7,9,4584,8036,40959,17400,3875,551,19101,32,40894,12620,8349,10798,4458,476,322,508,124,1413,28,766,17,760,155,93,8,31073148,10071,221,8,11,897,158,0,0,1,2,2,4,3,1,1,6299,5061,771,474,1,2,11360,1245,3,,,,,
3118601005014,31030,Belo Horizonte,12379,2,142,0,0,4,0,0,97,1446,10,0,3437,9443,57,73,3,0,5119,7232,37709,18288,3488,539,15229,30,37536,12341,7233,8895,4192,319,223,760,84,1165,30,1125,29,731,151,235,3,38176887,3870,375,1,7,60,49,0,0,0,0,1,2,0,0,0,8602,3030,348,342,0,0,11632,690,0,,,,,
3118700001001,31050,Varginha,2046,0,1,4,1,0,0,3,130,265,9,0,474,842,21,21,0,11,629,1420,6588,4016,689,15,1867,1,6556,2047,1285,1784,716,71,36,81,17,279,6,118,3,97,5,10,1,3060346,510,25,3,0,9,3,0,0,0,0,0,0,0,0,0,1504,502,34,6,0,0,2006,40,0,,,,,
3118809001001,31007,Montes Claros,4325,119,348,1648,10,318,3,97,24,449,28,355,75,1514,91,49,372,287,1595,2740,14766,3557,1438,205,9559,7,14668,4333,2548,3680,1959,327,98,108,19,922,21,245,2,281,30,93,8,4432020,4810,153,31,112,377,32,39,79,112,93,116,118,23,14,7,562,620,719,2030,50,333,1182,2749,383,,,,,
3118908001001,31027,Sete Lagoas,1823,16,9,128,5,2,0,10,17,219,12,1,67,652,28,12,37,21,687,1137,5961,1586,408,24,3941,2,5947,1823,1074,1592,810,78,45,35,12,283,2,82,0,91,5,11,0,2562161,0,44,0,51,17,1,1,12,12,12,16,16,7,0,5,765,28,925,67,15,6,793,992,21,,,,,
3119005001001,31053,Santa Rita do Sapucaí,867,0,129,5,0,0,0,5,12,107,8,0,38,316,20,0,0,7,253,617,2757,1407,163,4,1181,2,2728,870,557,697,276,43,20,37,4,115,3,47,2,47,13,3,3,1119959,1830,21,0,0,0,0,0,0,0,0,0,0,0,0,0,626,206,32,3,0,0,832,35,0,,,,,
3119104001001,31025,Curvelo,6443,72,30,354,1,47,0,40,196,1116,31,57,682,3564,118,38,255,109,2517,3934,21194,4801,2374,216,13792,11,21041,6451,3843,5080,2862,303,143,215,41,1130,24,403,8,399,32,96,8,8923070,6545,269,15,130,70,11,5,31,44,39,70,72,5,5,18,1459,3738,247,973,2,3,5197,1220,5,,,,,
3119203001001,31037,Governador Valadares,1569,10,91,157,4,4,1,14,17,292,3,9,67,913,10,30,21,38,663,909,5181,1383,393,35,3353,17,5168,1572,914,1276,689,71,40,49,11,272,2,99,2,136,6,30,3,1926610,1644,64,3,10,20,3,0,2,5,2,10,10,5,1,0,436,763,138,220,0,12,1199,358,12,,,,,
3119302003001,31019,Patrocínio,4078,6,0,18,0,7,0,12,461,1008,9,0,1489,3048,25,8,9,21,1479,2610,11779,8033,414,81,3245,6,11713,4088,2540,2520,1333,240,50,153,24,434,6,148,7,122,17,42,10,7569341,11075,72,1,63,8,3,2,3,3,3,5,6,3,0,0,2160,1793,38,87,0,0,3953,125,0,,,,,
3119302003002,31019,Patrocínio,3441,7,410,216,6,53,0,5,258,772,20,112,855,2270,58,24,16,9,1084,2356,9886,6451,466,43,2906,4,9786,3440,2098,2280,1000,187,38,92,22,304,14,145,6,121,2,32,3,5333693,2665,117,12,37,33,11,0,2,4,0,7,7,2,0,0,798,1852,124,544,0,119,2650,668,119,,,,,
3119401003001,31039,Ipatinga,5448,3,98,9,0,4,0,3,105,979,17,1,497,4318,38,14,4,6,2038,3414,16987,8290,1260,120,7305,12,16797,5451,3277,3974,1965,176,128,246,58,658,25,335,3,284,38,133,3,16697373,2810,111,6,25,11,1,0,1,1,1,2,3,1,0,0,1867,3180,86,216,0,1,5047,302,1,,,,,
3119401003002,31039,Ipatinga,7565,6,39,50,0,24,1,6,78,1266,18,2,518,5140,67,43,9,19,2855,4567,24412,9744,2436,240,11198,39,23635,7327,4812,5831,2667,254,201,378,62,1017,13,501,11,415,46,94,6,15710772,7320,136,0,24,4,0,0,1,3,1,1,6,1,0,1,3894,2309,648,460,0,3,6203,1108,3,,,,,
3119401003003,31039,Ipatinga,4188,12,50,48,0,8,0,14,83,607,10,4,319,2218,32,70,36,41,1519,2659,14219,4652,1792,228,7411,43,14072,4167,2845,3788,1549,222,117,195,37,532,12,294,6,234,14,52,1,6274417,510,114,3,80,339,52,0,2,10,1,6,10,3,0,0,1373,1503,629,580,3,2,2876,1209,5,,,,,
3119401003004,31039,Ipatinga,6621,9,5,74,0,26,3,9,160,998,9,16,648,3552,14,15,24,22,2516,4082,22184,8003,2097,260,11581,61,21936,6574,4384,5778,2602,293,161,348,73,945,17,378,12,316,25,44,8,10293778,4890,157,2,104,95,15,1,2,4,2,8,9,1,0,0,2481,1781,1043,877,0,39,4262,1920,39,,,,,
3119401003005,31039,Ipatinga,7420,18,37,109,0,1,0,27,150,1118,10,7,721,4133,53,65,46,67,2586,4840,24593,8301,2617,169,13493,13,24578,7425,4947,6456,2902,369,215,251,56,1093,14,348,11,367,35,87,5,11502376,2000,275,4,201,390,65,0,13,15,13,17,17,14,11,12,2600,2804,669,1068,3,13,5404,1737,16,,,,,
3119500001001,31012,Araçuaí,1882,45,99,164,3,42,3,25,110,277,6,55,377,907,19,15,147,64,653,1232,6693,2079,694,3,3844,73,6681,1884,1188,1960,790,119,43,51,22,389,13,85,3,90,7,32,2,1815791,682,56,1,16,43,8,4,12,36,14,43,45,37,3,2,483,586,88,682,4,38,1069,770,42,,,,,
3119609001001,31065,Juiz de Fora,662,2,3,4,0,1,0,2,7,76,9,1,20,265,27,2,7,3,198,465,2145,1047,335,28,735,0,2141,663,420,548,224,33,23,26,5,108,8,33,1,49,0,4,1,1152707,1500,7,0,0,0,0,0,0,0,0,1,2,2,0,0,545,25,45,44,0,3,570,89,3,,,,,
3119708001001,31058,São João del Rei,538,0,0,3,0,0,0,3,7,56,1,0,29,181,2,48,0,11,158,377,1800,838,449,15,477,3,1782,533,352,505,197,39,24,6,4,77,0,19,1,21,0,4,0,965215,0,6,1,0,14,1,0,0,0,0,0,0,0,0,0,323,165,34,11,0,0,488,45,0,,,,,
3119807001001,31042,Piuí,751,3,0,25,0,2,0,1,6,72,0,2,17,219,0,32,11,5,292,463,2088,1116,126,1,845,0,2080,754,427,451,227,38,13,27,3,76,2,38,1,17,0,9,3,1163284,2910,15,1,11,1,0,1,1,3,1,3,3,2,0,0,418,276,16,34,0,7,694,50,7,,,,,
3119906001001,31052,Pouso Alegre,685,0,3,3,0,0,0,0,41,105,2,0,123,361,5,1,0,0,235,450,2049,1767,42,1,239,0,2044,685,422,441,250,25,22,29,6,86,1,29,2,33,10,2,0,1106082,0,24,5,13,0,0,0,0,0,0,0,0,0,0,0,373,190,67,55,0,0,563,122,0,,,,,
3119955001001,31044,Formiga,1365,4,1,105,0,1,0,4,17,145,1,6,50,458,2,1,6,6,299,1069,4430,3283,171,13,963,0,4401,1368,1042,1268,479,37,22,20,8,92,2,37,0,25,3,8,3,2000706,3610,25,8,21,197,20,2,2,3,2,4,4,4,1,0,97,390,63,782,0,31,487,845,31,,,,,
3120003001001,31040,Caratinga,654,1,0,7,0,1,0,2,1,119,2,1,6,393,6,0,5,9,186,469,2038,644,146,0,1248,0,2034,655,451,551,180,43,15,8,7,84,2,17,0,23,0,2,1,672827,4000,7,1,2,6,1,0,0,0,0,1,1,0,0,0,56,533,3,49,0,2,589,52,2,,,,,
3120102001001,31010,Diamantina,1111,11,3,89,1,1,0,7,11,145,3,7,38,467,8,4,31,25,468,640,3835,683,555,65,2471,36,3794,1108,625,906,636,62,29,26,2,237,5,84,2,46,2,18,1,1133508,510,67,3,16,4,1,1,4,5,5,11,11,9,0,0,133,666,34,266,4,4,799,300,8,,,,,
3120151001001,31016,Nanuque,1023,20,73,62,0,3,0,30,15,116,0,6,59,399,0,0,40,80,484,540,3489,906,416,16,2150,1,3485,1023,613,797,482,83,27,65,7,199,4,67,3,63,0,48,0,870327,0,49,16,36,157,22,6,2,12,2,7,18,11,1,4,169,609,17,210,0,6,778,227,6,,,,,
3120201001001,31045,Campo Belo,2894,1,34,6,1,1,0,1,285,624,5,0,925,1936,12,7,3,5,1004,1906,8845,5699,868,43,2235,0,8793,2897,1885,2205,916,127,62,83,21,297,6,144,4,115,17,16,3,5465146,11220,49,8,23,3,3,0,0,0,0,1,1,0,0,0,1976,861,15,29,0,1,2837,44,1,,,,,
3120300001001,31008,Grão Mogol,847,11,12,180,0,7,0,17,5,119,0,8,18,411,0,21,39,45,485,367,3053,551,130,34,2337,1,3038,849,531,824,499,56,15,26,2,118,2,62,1,48,2,6,2,661814,690,128,14,54,1,0,5,11,11,11,11,11,7,0,0,281,220,165,178,1,2,501,343,3,,,,,
3120409001001,31034,Conselheiro Lafaiete,1179,2,6,21,0,0,0,4,12,135,2,5,55,472,4,1,6,14,426,755,4156,2090,373,35,1651,7,4152,1181,787,1191,520,43,43,21,7,234,7,61,1,49,9,0,2,1709906,860,25,1,21,0,0,0,1,2,0,2,2,2,0,0,478,432,119,134,0,14,910,253,14,,,,,
3120508001001,31056,Itajubá,1793,4,42,12,2,0,0,10,41,247,9,7,143,775,29,13,8,20,734,1075,5955,4324,699,15,916,1,5899,1797,1059,1496,731,40,60,90,14,255,7,177,4,136,15,15,4,2746876,2530,42,10,11,26,2,0,1,3,1,3,4,1,0,0,1330,176,219,58,1,9,1506,277,10,,,,,
3120607001001,31032,Itaguara,1014,1,7,13,0,1,0,1,53,195,6,0,184,554,12,3,1,2,284,732,2979,2021,152,26,779,1,2914,1015,633,745,284,49,11,16,4,64,0,49,0,33,5,7,1,1379382,750,20,1,4,0,0,0,0,0,0,1,1,1,0,0,174,739,1,84,0,1,913,85,1,,,,,
3120706001001,31019,Patrocínio,1065,1,0,4,0,0,0,1,81,134,6,0,265,429,19,5,1,1,410,658,3361,2304,295,8,751,0,3342,1067,684,951,326,31,12,37,5,106,2,58,1,62,3,9,3,1732730,1600,16,4,1,5,2,0,0,1,0,1,1,0,0,0,246,785,6,22,0,0,1031,28,0,,,,,
3120805001001,31055,Andrelândia,4119,1,15,21,0,2,2,3,110,597,12,2,431,1796,33,42,2,6,1398,2729,13286,8732,1407,79,3065,3,13235,4123,2633,3629,1383,174,82,109,31,601,16,245,5,175,18,13,4,5870852,3186,81,5,46,3,0,0,0,1,0,1,1,1,0,0,2807,1124,109,63,4,4,3931,172,8,,,,,
3120839001001,31041,Aimorés,1304,6,167,69,1,8,3,4,2,292,6,2,7,890,22,11,14,13,472,835,3885,1288,239,60,2298,0,3877,1306,817,786,417,95,15,34,14,251,4,37,2,55,21,27,2,1279715,815,150,10,145,15,4,0,3,3,3,6,6,1,0,0,713,416,92,83,0,0,1129,175,0,,,,,
3120870001001,31005,Salinas,1650,35,536,189,10,18,0,12,4,178,11,6,12,601,36,2,115,38,510,1144,5837,1554,394,51,3837,1,5820,1652,1166,1769,646,130,36,25,9,246,1,62,0,55,13,8,2,1492661,3990,119,3,50,13,0,0,24,33,23,33,35,19,0,0,258,294,259,747,22,70,552,1006,92,,,,,
3120904003001,31025,Curvelo,5033,20,13,18,0,2,0,11,114,964,17,1,404,3237,63,36,47,27,2147,2891,15629,5430,696,56,9439,8,15585,5038,2809,3441,2166,155,123,215,27,668,13,454,12,301,28,92,5,11322292,4900,110,8,64,14,2,0,2,9,4,19,20,9,0,3,3285,1404,177,105,0,3,4689,282,3,,,,,
3120904003002,31025,Curvelo,8094,39,4,155,2,34,0,12,638,1408,14,2,2125,4535,47,97,105,29,3616,4485,26903,7295,2302,250,17046,10,26720,8101,4688,6225,3767,367,190,418,59,1372,39,748,26,548,31,121,7,13572369,8280,169,4,194,110,28,2,25,28,26,37,39,18,1,4,5897,1385,481,308,0,5,7282,789,5,,,,,
3120904003003,31025,Curvelo,7322,86,20,445,1,20,0,44,213,1105,43,9,709,3450,135,63,218,102,2544,4793,24850,5826,2244,203,16571,6,24655,7337,4493,6366,3278,422,182,218,43,1247,22,489,4,412,52,117,15,9920905,9114,175,13,425,60,5,5,55,76,69,86,86,55,2,1,3077,2574,757,867,6,23,5651,1624,29,,,,,
3121001001001,31010,Diamantina,862,5,41,30,1,0,0,4,9,137,0,3,35,446,0,36,14,22,339,524,3088,844,287,20,1929,8,3087,863,497,769,495,58,33,24,4,171,7,75,1,60,7,22,1,978691,2500,18,7,7,2,1,0,0,0,0,5,5,5,0,0,454,350,20,37,0,1,804,57,1,3,77,25,0,106
3121100001001,31056,Itajubá,939,0,1,2,0,0,0,2,43,190,11,0,167,552,47,11,0,7,242,701,3025,2270,67,12,676,0,2998,942,647,837,231,38,21,40,15,89,1,72,0,46,2,21,3,1622603,1850,7,18,36,34,18,0,0,0,0,0,0,0,0,0,526,188,164,53,0,0,714,217,0,6,52,41,0,99
3121209001001,31047,Passos,1606,1,4,1,1,0,0,3,41,291,11,0,142,857,30,21,1,4,677,923,4846,3476,287,33,1030,0,4793,1599,969,1166,516,50,27,85,8,180,1,111,3,55,1,17,2,2577465,2200,15,0,26,0,0,0,0,1,0,0,1,0,0,0,761,786,9,37,0,0,1547,46,0,9,57,66,11,142
3121258001001,31022,Uberaba,2207,2,213,4,1,0,0,12,33,855,9,1,130,2885,35,2,6,23,905,1311,7584,2530,783,144,4120,7,7329,2214,1476,1637,692,114,41,168,24,254,4,228,9,277,97,103,7,3330454,10099,150,175,301,5,1,0,0,0,1,2,2,1,0,0,524,1417,8,32,0,0,1941,40,0,6,180,56,89,331
3121308001001,31065,Juiz de Fora,1360,0,15,8,0,0,0,0,18,208,7,0,50,598,19,6,0,0,537,825,4069,2264,451,14,1339,1,4060,1361,838,957,449,75,23,61,9,142,1,84,0,41,6,9,1,1856769,510,26,12,12,0,0,0,0,0,0,0,0,0,0,0,826,377,85,64,0,0,1203,149,0,0,56,44,0,100
3121407001001,31034,Conselheiro Lafaiete,1242,1,173,39,1,2,0,3,3,182,5,5,13,513,6,15,1,10,540,702,3596,2527,85,26,958,0,3568,1242,761,894,397,30,23,38,7,87,3,47,0,29,4,6,0,1353193,0,29,3,8,11,2,0,0,0,0,0,1,1,0,0,678,391,96,69,3,0,1069,165,3,0,22,20,0,42
3121506001001,31059,Barbacena,463,0,459,1,0,0,0,2,2,95,3,0,6,264,6,0,0,3,177,286,1390,1035,47,1,307,0,1375,463,265,340,173,14,7,9,4,42,0,22,2,23,1,10,0,569019,0,7,6,6,0,0,0,0,0,0,0,0,0,0,0,92,254,21,61,0,1,346,82,1,0,26,30,0,55
3121605003001,31010,Diamantina,3755,61,127,960,5,64,2,46,17,466,13,107,71,1508,33,10,200,105,1551,2205,13873,2471,2005,228,9144,23,13779,3756,2271,3839,1892,199,91,201,25,767,10,357,9,272,41,48,2,4077226,2684,176,18,100,41,9,4,41,60,51,60,61,31,1,0,506,1711,428,1012,10,68,2217,1440,78,26,320,99,31,476
3121605003002,31010,Diamantina,7476,22,443,135,1,28,1,26,92,1693,26,25,347,5503,78,42,72,82,3113,4374,26191,8311,3090,505,14258,27,26064,7484,4200,6524,3744,250,192,321,47,1373,36,826,12,629,82,245,8,17703387,11270,120,21,86,195,45,2,9,21,18,20,22,16,0,0,2048,4423,236,612,1,12,6471,848,13,21,550,340,57,969
3121704001001,31033,Ouro Preto,371,1,365,4,0,0,0,3,2,83,3,1,7,219,8,8,1,4,173,198,1099,598,35,40,426,0,1096,371,223,280,135,5,3,4,4,37,1,7,0,17,2,7,0,436025,0,18,0,8,0,0,0,0,1,0,0,1,1,0,0,269,66,21,13,0,2,335,34,2,0,14,33,0,46
3121803001001,31031,Itabira,2143,3,323,28,2,3,1,6,25,346,2,7,93,1151,11,50,9,9,804,1344,7165,1984,1136,41,4000,4,7122,2147,1403,1940,731,117,45,94,24,314,3,138,3,142,16,30,4,2806448,7650,45,2,21,124,28,0,0,1,0,2,3,1,0,0,471,1352,39,276,0,5,1823,315,5,32,146,19,9,205
3121902001001,31064,Ubá,716,0,1,10,0,0,0,5,11,178,5,0,36,592,19,0,0,17,254,462,2175,1094,152,13,915,1,2175,716,440,502,266,20,13,20,5,85,3,32,1,53,0,18,0,1026945,0,17,0,1,0,0,0,0,0,0,0,0,0,0,0,366,75,249,25,1,0,441,274,1,0,29,19,2,50
3122009001001,31063,Muriaé,3555,0,507,59,1,9,2,9,65,873,37,7,214,2921,143,12,0,18,1113,2454,10796,5877,769,177,3955,6,10640,3559,2304,2607,1144,218,61,88,29,317,6,131,3,123,27,29,7,4142260,4760,275,18,98,46,11,0,0,0,0,0,0,0,0,0,2026,1060,228,224,3,9,3086,452,12,39,58,177,0,274
3122108001001,31037,Governador Valadares,1327,13,47,203,3,5,3,8,6,165,31,3,19,507,90,21,30,10,446,882,4108,1491,260,8,2348,1,4106,1328,824,931,436,81,33,35,9,271,6,54,0,82,3,10,1,1471924,510,62,3,29,62,4,0,5,13,6,9,13,5,0,4,567,373,178,196,2,6,940,374,8,0,98,17,0,114
3122207001001,31035,Guanhães,1574,8,601,228,6,13,1,12,3,172,11,15,12,656,36,13,25,25,651,925,5760,1797,619,180,3151,13,5751,1576,1014,1619,806,74,55,63,11,327,4,88,2,79,9,18,2,1920067,1820,53,11,24,51,3,1,2,3,2,6,7,3,1,0,196,517,147,379,10,74,713,526,84,10,136,51,3,200
3122306005001,31043,Divinópolis,13497,4,21,4,0,2,1,4,198,1446,34,0,1624,12718,173,147,5,5,5795,7710,39382,30500,1396,235,7218,33,39239,13505,7647,9245,4254,279,166,547,102,1092,24,964,23,566,53,638,8,53083800,10940,266,30,39,9,1,0,0,0,0,0,4,0,0,0,7894,5284,97,137,0,1,13178,234,1,0,525,750,12,1286
3122306005002,31043,Divinópolis,7879,2,18,11,0,1,0,4,637,1266,24,3,2226,5203,74,40,7,11,2920,4971,25476,15008,1904,296,8243,25,25390,7891,5281,6950,2711,235,145,275,69,891,14,395,7,351,28,139,12,18833385,15750,160,29,122,8,4,0,0,0,0,2,2,0,0,0,3836,2664,123,75,1,3,6500,198,4,19,470,405,18,913
3122306005003,31043,Divinópolis,10593,3,41,84,2,6,0,15,791,1707,84,4,2805,6346,248,36,3,36,3877,6740,34904,18696,3334,384,12468,22,34427,10616,6792,8862,4228,430,231,450,79,1432,18,643,12,495,16,165,23,19854385,21160,183,13,229,377,86,0,3,3,2,3,3,1,1,0,3409,5389,342,653,1,4,8798,995,5,20,577,370,50,1017
3122306005004,31043,Divinópolis,13950,7,30,46,2,3,0,13,940,2338,41,5,3189,8657,153,91,20,37,4970,9006,46171,24385,5256,836,15654,40,46117,13976,9362,12847,5129,507,296,545,129,1602,19,829,20,646,25,225,26,25053582,27864,318,36,470,260,53,2,3,4,3,6,7,3,0,0,3012,9739,214,911,0,28,12751,1125,28,51,763,652,30,1495
3122306005005,31043,Divinópolis,10901,5,48,18,0,4,0,5,417,2239,23,0,1636,9076,90,55,11,19,3715,7209,35092,23178,2008,329,9517,60,35006,10919,7315,9659,3624,346,194,376,94,1100,16,648,13,480,58,176,18,24419756,18480,128,17,168,58,21,1,2,4,2,5,5,0,0,0,2490,7744,118,503,0,1,10234,621,1,33,555,597,54,1239
3122306005006,31043,Divinópolis,5046,2,46,100,1,3,0,4,185,851,42,13,583,2969,131,0,3,5,1939,3116,16830,10672,1017,85,5055,1,16815,5055,3647,5126,1512,126,80,214,53,449,12,297,3,189,7,50,9,8949748,7140,60,9,185,28,5,0,1,1,1,1,1,0,0,0,2839,846,164,97,0,15,3685,261,15,0,244,162,27,433
3122306005007,31043,Divinópolis,2955,5,81,131,8,12,0,5,67,372,104,14,249,1252,345,1,12,16,1073,1888,9661,4807,1262,59,3532,1,9612,2961,1997,2756,1076,94,51,63,22,297,2,121,4,114,3,58,6,4125718,4010,115,12,53,7,1,0,1,1,1,1,1,0,0,0,464,306,59,227,0,6,770,286,6,0,119,100,8,227
3122355001001,31005,Salinas,1585,12,399,38,2,3,0,13,11,253,2,4,52,845,7,8,44,54,574,1014,5693,1323,515,68,3785,2,5686,1587,1035,1467,762,172,56,33,6,364,14,58,3,98,10,18,2,1646086,4450,64,9,40,631,109,2,7,7,7,11,12,6,9,8,4,31,244,1301,0,4,35,1545,4,6,136,38,10,189
3122405001001,31049,Alfenas,1441,6,1,11,1,2,0,5,44,219,6,3,154,700,21,1,12,7,444,998,4659,2355,277,39,1988,0,4645,1442,971,1340,433,80,22,29,18,168,7,64,0,48,9,9,1,1839715,510,34,4,5,0,0,0,0,3,0,5,6,2,0,0,788,544,70,35,1,2,1332,105,3,7,60,15,15,97
3122454001001,31014,Almenara,1736,10,6,35,2,2,0,17,1,176,3,0,2,625,11,5,40,63,622,1120,6403,1966,458,47,3917,15,6390,1742,1189,1744,717,166,61,63,18,369,16,88,0,184,14,32,6,1743732,2732,28,4,70,0,0,0,6,9,6,10,10,6,0,0,94,126,598,917,0,0,220,1515,0,3,118,22,17,160
3122470001001,31001,Unaí,682,3,3,13,0,0,0,9,25,107,3,0,77,311,11,0,11,16,260,424,2052,649,294,71,1038,0,2050,684,395,487,311,33,5,13,3,57,0,30,1,21,0,10,2,770190,700,45,1,57,0,0,0,3,3,3,3,3,3,0,0,242,188,38,214,0,0,430,252,0,3,15,10,0,27
3122504001001,31040,Caratinga,1509,0,927,35,0,1,1,3,20,330,5,1,55,1033,15,4,0,4,525,984,4607,1851,305,28,2421,2,4595,1509,965,1089,529,67,21,49,11,196,12,53,2,64,14,9,0,1992016,0,34,4,30,52,10,0,0,0,0,0,0,0,0,0,220,957,18,312,0,1,1177,330,1,5,52,59,3,119
3122603001001,31028,Conceição do Mato Dentro,906,3,538,72,4,5,3,12,3,90,5,1,7,257,17,35,10,24,436,471,2922,679,300,30,1908,5,2919,907,499,651,430,45,25,41,8,151,4,69,3,51,3,24,1,1189563,510,39,0,10,0,0,0,0,2,0,1,3,2,0,0,214,431,30,228,0,0,645,258,0,9,52,12,2,76
3122702001001,31060,Ponte Nova,1329,1,0,13,1,0,1,2,45,231,7,0,172,660,16,7,5,2,569,766,4058,1849,453,21,1734,1,4023,1333,787,930,458,45,31,64,16,173,2,95,2,75,3,16,4,1992759,3640,11,1,3,0,0,0,0,1,0,0,1,1,0,0,608,140,520,60,1,0,748,580,1,3,58,63,0,124
3122801001001,31056,Itajubá,327,0,321,0,0,0,0,0,1,18,3,0,4,44,7,10,0,0,80,247,998,812,81,1,104,0,997,327,223,270,98,6,5,8,5,31,1,11,1,9,0,2,0,433682,0,2,1,0,2,0,0,0,0,0,0,0,0,0,0,82,225,1,19,0,0,307,20,0,0,14,0,2,16
3122900001001,31066,Cataguases,1618,1,40,16,1,1,0,3,7,193,8,0,26,603,27,4,1,5,485,1144,5133,2397,531,70,2132,3,5105,1628,1128,1352,449,87,55,36,23,203,3,86,3,52,2,16,10,2593497,6600,22,7,31,1,0,0,0,1,1,1,1,0,0,0,307,679,257,364,1,1,986,621,2,10,103,26,0,139
3123007001001,31058,São João del Rei,2737,7,142,32,1,10,0,13,61,332,1,9,228,1194,17,27,16,21,837,1908,8457,5510,556,17,2368,6,8396,2741,1800,2041,999,107,72,67,21,260,2,164,2,95,5,26,4,3956676,3920,43,2,4,2,1,1,0,1,0,2,7,4,0,0,1033,1310,148,229,1,10,2343,377,11,0,131,120,3,254
3123106001001,31035,Guanhães,479,2,187,20,1,2,0,3,0,73,2,2,0,261,10,6,7,8,153,326,1622,472,275,38,837,0,1622,479,335,487,156,15,12,8,3,61,1,18,1,28,0,14,0,657279,0,7,2,0,0,0,0,0,2,0,2,2,2,0,0,175,63,73,165,1,2,238,238,3,5,23,18,0,46
3123205001001,31026,Bom Despacho,4526,3,4,20,1,4,0,3,171,728,10,2,522,2211,24,11,5,6,1716,2821,12614,7385,967,105,4137,20,12516,4537,2494,2569,1536,209,52,112,25,560,17,222,0,165,12,12,11,7336516,10395,70,3,25,71,20,0,1,3,2,3,3,2,0,0,1859,2516,66,82,0,3,4375,148,3,28,175,152,21,377
3123304001001,31064,Ubá,679,1,496,15,0,1,0,3,5,110,2,1,13,332,8,1,1,8,209,470,2030,1273,81,9,666,1,2022,679,405,489,207,18,13,28,8,80,4,44,0,37,3,3,0,820698,0,20,3,3,0,0,0,0,0,0,0,1,0,0,0,78,275,125,196,1,4,353,321,5,0,22,18,0,40
3123403001001,31042,Piuí,387,0,3,1,0,0,0,0,41,44,1,0,126,127,2,0,0,0,109,279,1132,746,58,14,314,0,1131,388,243,275,128,22,5,4,4,30,1,15,0,13,2,1,1,492969,0,5,0,6,0,0,0,0,0,0,0,0,0,0,0,243,142,1,1,0,0,385,2,0,1,2,15,0,19
3123502001001,31019,Patrocínio,444,0,233,1,0,0,0,0,8,73,5,0,23,194,12,0,0,0,125,320,1233,805,54,5,368,1,1232,445,265,263,137,33,3,7,0,52,2,12,1,11,0,2,1,545585,2000,12,0,1,0,0,0,0,0,0,0,0,0,0,0,202,215,13,14,0,0,417,27,0,2,25,4,3,34
3123528001001,31061,Manhuaçu,1128,2,461,50,2,4,2,2,35,220,7,8,139,693,26,1,4,6,429,700,3547,1509,231,1,1800,6,3546,1129,750,912,358,37,15,89,15,89,0,86,4,48,8,6,1,1317065,510,34,10,27,6,2,0,1,2,1,2,2,2,0,0,303,276,245,278,10,16,579,523,26,3,54,13,7,76
3123601001001,31050,Varginha,6231,4,31,11,1,3,0,7,428,1199,33,3,1528,4133,110,70,11,24,1986,4250,20374,12587,1237,159,6380,11,20303,6233,4199,5310,2226,294,144,284,78,805,17,329,10,268,28,69,2,10589231,1020,247,9,43,1,0,0,0,1,0,2,3,3,0,0,3076,3079,25,43,1,3,6155,68,4,30,352,234,21,637
3123700001001,31037,Governador Valadares,2605,7,1167,88,2,5,2,5,8,586,10,7,31,2113,38,16,22,11,1099,1501,8325,2856,736,35,4665,14,8306,2600,1556,1802,1119,170,56,97,24,509,13,142,3,155,31,24,0,3025280,0,111,5,128,17,4,0,2,3,2,5,7,3,0,0,1146,684,275,428,2,7,1830,703,9,0,102,148,5,255
3123809001001,31009,Bocaiúva,1355,5,3,118,4,3,0,4,30,152,5,5,112,477,19,16,15,5,459,904,4750,1076,287,48,3338,1,4724,1363,892,1191,621,100,44,27,10,314,7,73,1,84,8,11,8,1451921,4720,30,3,13,17,4,0,0,2,0,1,1,1,0,0,139,142,372,654,4,3,281,1026,7,12,119,24,11,166
3123858001001,31040,Caratinga,1262,1,529,46,2,2,0,2,9,200,4,0,36,739,14,16,1,6,387,877,3889,1388,160,25,2316,0,3885,1264,828,1025,412,81,13,32,9,127,1,41,0,40,7,9,2,1373116,2450,78,0,13,0,0,0,0,0,0,0,1,0,0,0,465,372,241,181,0,3,837,422,3,2,43,16,0,61
3123908001001,31034,Conselheiro Lafaiete,3013,4,58,57,0,7,0,4,34,505,9,11,97,1602,28,25,9,4,1163,1854,9878,5739,524,91,3521,3,9797,3014,1891,2537,1126,81,91,121,27,415,8,243,3,189,12,32,1,5183702,0,55,16,60,104,21,2,3,3,3,3,4,0,0,0,1987,684,129,161,8,20,2671,290,28,0,230,130,15,375
3124005001001,31062,Viçosa,3210,1,1654,12,0,3,0,3,16,849,10,1,63,2992,33,10,1,4,1316,1897,9470,5152,575,67,3670,6,9422,3212,1982,2169,1174,110,50,107,20,289,12,150,3,92,18,31,2,4445134,2220,80,4,68,0,0,0,0,0,0,0,1,0,0,0,1718,926,299,265,0,2,2644,564,2,0,137,185,5,328
3124104003001,31030,Belo Horizonte,7204,27,49,893,19,52,14,63,368,692,269,150,1334,2506,800,184,77,167,2742,4470,24627,7069,3106,305,14056,65,24355,7208,4659,6429,2854,429,184,308,64,1117,27,494,4,506,40,44,11,11007565,7800,233,42,380,186,27,4,21,22,22,24,25,1,2,0,1468,1058,624,3051,59,450,2526,3675,509,40,441,77,17,575
3124104003002,31030,Belo Horizonte,9021,36,381,595,10,41,1,69,883,759,255,77,3229,2569,964,125,103,213,2944,6098,31588,7761,3938,346,19473,70,31517,9042,6311,9052,3473,665,209,381,72,1125,10,535,16,511,71,74,21,11215760,15370,377,40,571,2915,316,6,30,36,34,36,36,19,8,2,530,647,3745,3691,120,212,1177,7436,332,38,541,108,0,688
3124203001001,31063,Muriaé,4859,4,590,32,2,8,0,8,86,1320,41,6,374,5003,124,36,6,18,1683,3183,14174,8380,1114,90,4582,8,14080,4865,3096,3034,1560,358,69,137,47,508,16,150,5,152,42,43,6,7246239,4060,159,33,353,32,20,1,2,3,2,3,4,2,0,0,1528,2302,336,666,0,23,3830,1002,23,10,128,381,13,532
3124302003001,31004,Janaúba,1442,42,1,144,1,72,0,28,9,155,2,48,35,552,6,31,148,82,449,995,5326,1550,376,18,3369,11,5316,1443,968,1461,740,72,95,27,11,385,13,37,1,50,3,15,2,1230154,1830,69,2,54,11,4,3,34,36,32,40,40,26,0,0,6,13,355,970,1,46,19,1325,47,11,209,31,15,266
3124302003002,31004,Janaúba,3625,33,40,88,3,385,13,27,43,587,31,11,150,1944,111,25,97,67,1204,2420,12697,4168,736,59,7683,26,12611,3621,2380,3512,1518,164,132,96,20,661,23,178,4,163,23,86,4,4716807,1930,140,7,112,35,7,5,8,13,18,29,29,15,0,9,33,90,1350,2096,6,4,123,3446,10,22,281,121,12,436
3124401001001,31052,Pouso Alegre,566,1,0,3,0,1,0,0,3,92,3,0,7,272,10,1,3,0,167,399,1683,1468,34,3,178,0,1682,566,383,455,110,15,17,11,6,50,0,30,2,24,1,12,0,886114,0,3,6,3,0,0,0,0,0,0,1,1,1,0,0,366,170,13,17,0,0,536,30,0,34,28,18,0,80
3124500001001,31052,Pouso Alegre,1554,0,115,4,0,0,0,1,71,248,2,1,234,753,4,8,0,1,656,902,4899,3844,144,27,883,1,4890,1555,1019,1251,488,65,35,91,9,145,4,127,2,83,0,14,1,2681117,500,26,34,4,2,0,0,0,0,0,0,0,0,0,0,1245,236,25,14,0,2,1481,39,2,0,78,41,0,120
3124609001001,31066,Cataguases,610,1,0,10,0,0,0,5,16,97,7,1,47,284,27,7,6,13,208,403,1781,875,395,0,511,0,1780,611,331,320,228,53,21,29,4,105,3,34,0,21,13,8,1,1053002,2200,10,2,12,29,11,0,0,0,0,1,1,1,1,0,231,243,71,63,0,2,474,134,2,0,38,13,2,53
3124708001001,31026,Bom Despacho,989,1,12,39,0,1,0,1,18,106,6,0,63,334,10,169,1,1,309,684,2777,1383,150,6,1238,0,2767,992,632,593,266,46,18,7,3,149,4,31,0,21,0,7,3,1523547,1807,26,0,0,25,2,0,0,1,0,1,1,1,0,0,172,374,117,324,0,1,546,441,1,19,41,13,1,75
3124807001001,31019,Patrocínio,1970,5,57,88,0,7,0,11,58,459,28,22,198,1462,80,8,13,20,636,1343,6057,3107,432,59,2456,3,6009,1979,1237,1324,584,172,37,103,22,263,12,108,3,116,10,49,9,3117363,5580,50,1,42,101,28,0,0,2,1,5,5,1,0,0,709,866,223,148,10,12,1575,371,22,19,119,15,7,160
3124906001001,31063,Muriaé,2547,2,416,17,0,4,0,3,42,539,11,0,123,1835,25,12,4,7,832,1718,7405,3750,788,113,2747,7,7358,2549,1604,1620,786,119,59,66,31,294,9,93,1,73,9,44,2,3639382,1422,87,11,109,4,1,0,0,1,1,2,2,1,0,0,795,1517,46,180,1,1,2312,226,2,5,99,94,5,204
3125002001001,31065,Juiz de Fora,1006,0,0,2,0,0,0,1,5,179,4,0,16,679,16,0,0,3,324,689,3459,1181,395,35,1848,0,3433,1013,663,837,480,56,44,22,8,179,3,70,1,72,6,2,7,1299786,7666,18,0,35,0,0,0,0,0,0,0,0,0,0,0,622,357,2,25,0,0,979,27,0,8,83,24,0,115
3125101003001,31052,Pouso Alegre,8170,7,1982,84,5,0,0,7,375,2469,194,25,1421,7964,625,9,12,18,2648,5531,26023,18596,1074,161,6178,14,25951,8179,5597,6123,2484,476,295,316,100,922,16,497,20,562,44,328,9,16871022,21980,113,118,204,0,0,1,2,6,6,6,7,0,0,0,6080,79,856,941,37,22,6159,1797,59,21,559,397,181,1158
3125200001001,31049,Alfenas,534,0,3,3,0,0,0,1,4,81,6,1,12,233,18,2,0,8,189,347,1515,1117,69,9,320,0,1512,535,342,311,197,5,8,19,2,45,3,23,1,16,1,5,1,902745,600,20,0,0,0,0,0,0,0,0,0,0,0,0,0,185,222,45,81,0,1,407,126,1,2,15,2,7,26
3125309001001,31063,Muriaé,801,0,1,4,0,0,0,1,13,159,2,0,40,523,8,0,0,2,366,440,2332,1015,427,13,877,0,2324,805,500,514,222,21,20,33,10,110,0,29,2,45,7,9,4,1185064,3330,23,0,4,0,0,0,0,0,0,0,0,0,0,0,523,161,72,45,0,0,684,117,0,3,48,22,2,75
3125408001001,31010,Diamantina,675,4,7,64,0,2,0,10,5,116,1,2,16,333,2,11,11,20,248,427,2229,558,203,5,1463,0,2221,675,394,608,294,29,11,9,7,120,1,23,0,34,7,6,0,752647,0,8,3,35,0,0,0,3,3,3,4,4,4,0,0,5,1,393,268,3,5,6,661,8,4,28,6,4,42
3125507001001,31010,Diamantina,566,1,0,41,0,1,0,0,4,79,3,1,11,234,10,2,1,0,247,321,1954,534,244,24,1152,0,1939,568,308,469,370,19,11,12,0,111,0,35,0,26,4,6,2,662764,1700,22,10,9,0,0,0,0,0,0,1,1,0,0,0,27,14,256,267,1,0,41,523,1,0,40,14,5,59
3125606001001,31014,Almenara,1492,18,302,104,2,19,0,39,12,211,5,2,39,677,12,10,61,120,638,871,5088,1147,140,43,3756,2,5034,1509,895,1130,751,111,47,46,9,377,10,76,3,69,3,31,17,1396590,9146,105,4,31,60,4,6,9,13,9,18,18,12,6,0,686,546,141,118,0,1,1232,259,1,16,105,55,6,182
3125705001001,31025,Curvelo,3445,37,4,76,3,7,0,20,177,475,12,9,607,1499,33,28,114,40,1357,2096,10922,2766,491,17,7628,10,10850,3449,2077,2689,1314,200,56,104,21,495,9,217,9,159,24,40,7,4347868,4398,104,11,102,175,27,5,10,26,15,34,36,11,3,1,448,144,1015,1808,1,14,592,2823,15,11,171,127,30,340
3125804001001,31037,Governador Valadares,663,5,16,40,1,0,0,6,0,151,0,3,0,469,0,3,7,9,269,398,2016,654,138,18,1206,0,2008,667,397,459,253,27,15,9,4,110,3,21,0,34,0,15,4,743495,2872,27,16,41,0,0,0,1,3,1,3,5,0,0,0,121,384,25,131,0,1,505,156,1,2,22,51,3,78
3125903001001,31031,Itabira,1597,5,28,484,3,52,21,18,15,231,6,278,43,670,20,4,9,59,592,1010,5091,1683,522,39,2847,0,5028,1599,1014,1223,559,58,52,56,7,217,6,79,1,90,12,52,2,2212427,400,62,4,64,8,0,0,5,5,5,5,5,4,0,0,260,318,210,537,23,245,578,747,268,23,93,61,6,182
3125952001001,31063,Muriaé,1527,1,219,21,1,6,1,2,19,329,13,10,74,1043,39,4,1,4,487,987,4764,1898,279,33,2184,2,4377,1409,926,1072,484,69,36,40,17,185,6,59,1,58,9,21,6,1860587,4130,52,84,79,20,5,0,0,0,1,0,1,1,0,0,102,1038,15,236,1,11,1140,251,12,9,47,94,5,155
3126000001001,31029,Pará de Minas,1697,0,73,19,1,1,0,2,129,257,47,8,440,803,161,26,0,7,617,1077,5504,2478,304,9,2706,1,5473,1694,1078,1500,626,61,30,59,17,189,3,125,3,53,11,21,0,3714833,0,27,8,28,6,2,0,0,0,0,0,0,0,0,0,907,596,71,90,2,19,1503,161,21,0,104,79,6,189
3126109003001,31044,Formiga,5109,1,64,25,0,4,0,6,344,916,11,2,1082,2964,40,31,2,7,1901,3215,15441,9541,1055,98,4728,19,15426,5116,3206,3802,1629,212,79,255,45,512,8,283,12,186,17,68,7,8055078,7650,100,19,49,26,1,0,0,0,0,1,1,0,0,0,1634,3195,101,175,1,1,4829,276,2,19,254,276,0,549
3126109003002,31044,Formiga,6082,5,120,30,1,6,0,2,169,954,4,1,562,3448,12,48,6,3,2111,3975,18577,11882,1119,86,5475,15,18463,6085,3812,4507,2055,265,103,181,38,730,13,343,6,254,24,39,3,13172063,1510,105,9,38,17,2,0,1,0,0,5,5,3,0,0,4198,1546,181,117,0,1,5744,298,1,0,301,139,10,450
3126109003003,31044,Formiga,8134,2,27,25,1,9,0,7,317,1394,7,1,1113,4932,26,8,9,19,2736,5402,25469,17508,1457,147,6333,24,25072,8136,5194,6284,2948,302,173,228,62,905,11,437,7,295,18,66,2,17004469,2230,172,14,35,72,14,0,0,1,0,2,1,2,0,1,4698,3000,245,190,0,1,7698,435,1,27,385,318,13,744
3126208001001,31001,Unaí,1415,34,294,140,7,2,0,30,43,146,2,0,132,449,8,4,115,79,649,770,5173,1135,405,108,3525,0,5162,1419,863,1317,815,125,46,49,8,272,7,125,5,75,3,36,4,1809054,7170,83,3,77,0,0,3,30,33,30,33,33,32,0,0,49,133,380,847,0,0,182,1227,0,26,127,9,5,167
3126307001001,31047,Passos,1006,1,1,0,0,0,0,1,2,199,2,0,8,549,4,0,1,1,302,706,2950,2048,142,5,755,0,2945,1008,618,718,312,58,8,32,8,85,3,52,0,37,1,8,2,1562121,3322,19,0,0,0,0,0,0,0,0,0,1,0,0,0,607,394,3,2,0,0,1001,5,0,3,34,21,3,61
3126406001001,31027,Sete Lagoas,561,0,7,5,0,0,0,0,12,84,2,0,46,280,7,0,0,0,309,218,1865,502,267,51,874,1,1689,506,311,398,251,16,1,39,2,58,0,63,7,34,0,3,1,685803,200,13,2,9,0,0,0,0,0,0,0,0,0,0,0,257,1,236,11,0,0,258,247,0,0,32,12,4,48
3126505001001,31011,Capelinha,945,1,26,35,1,8,0,7,9,115,0,3,28,330,0,20,4,17,375,576,3191,609,326,13,2243,0,3170,949,545,846,417,32,7,23,6,173,3,72,2,61,3,32,4,1166427,1700,31,11,25,61,7,0,0,1,0,1,1,1,0,0,13,141,86,696,0,3,154,782,3,0,83,0,0,83
3126604001001,31009,Bocaiúva,931,18,0,164,3,18,0,10,2,122,6,109,6,353,23,19,43,25,370,564,3197,853,212,3,2129,0,3186,933,532,745,527,72,31,18,2,167,7,55,1,64,13,23,2,1008611,2240,28,10,17,102,11,3,5,14,5,18,18,4,3,3,81,142,233,334,39,66,223,567,105,17,72,25,7,120
3126703001001,31007,Montes Claros,4191,77,480,466,2,102,3,48,114,587,24,116,430,1921,87,43,270,132,1592,2620,14897,4380,1430,327,8733,27,14810,4211,2615,3877,1952,266,143,133,42,923,27,270,3,279,42,57,20,5016764,14016,283,21,176,201,40,20,55,59,56,75,77,53,4,0,1999,842,201,1029,4,111,2841,1230,115,53,439,129,7,629
3126752001001,31015,Teófilo Otoni,735,14,6,33,1,2,0,6,5,113,2,0,16,322,9,0,32,17,346,391,2398,294,220,40,1844,0,2396,737,409,525,407,43,16,14,4,128,1,36,1,61,2,9,2,714720,3000,55,2,2,41,8,1,0,14,0,12,14,4,0,0,174,458,37,64,0,2,632,101,2,3,43,19,3,67
3126802001001,31015,Teófilo Otoni,564,11,412,51,0,2,0,5,4,63,3,3,14,189,11,25,21,9,235,329,1916,417,160,32,1307,0,1916,564,331,431,279,39,16,28,5,127,9,24,0,30,3,27,0,601409,0,39,0,9,0,0,0,4,8,5,4,11,8,0,0,230,222,39,69,1,2,452,108,3,0,35,9,0,45
3126901001001,31037,Governador Valadares,2015,7,1,52,0,10,0,13,18,374,13,2,54,1191,47,4,17,33,864,1155,6764,1552,775,68,4359,10,6708,2017,1175,1382,1040,170,69,64,18,478,10,87,5,146,27,23,2,2432105,1620,84,4,129,87,22,2,5,6,5,7,7,2,0,0,588,1021,94,310,0,2,1609,404,2,0,153,100,15,268
3126950001001,31036,Peçanha,183,2,0,17,0,0,0,1,0,41,0,3,0,127,0,0,6,1,83,100,618,171,41,13,393,0,616,183,117,142,97,10,2,6,1,25,0,14,0,8,2,6,0,192374,0,10,2,6,0,0,1,1,2,1,2,2,0,0,0,51,100,3,20,6,3,151,23,9,0,9,19,3,31
3127008001001,31021,Frutal,4248,4,21,33,2,2,0,14,230,1264,44,2,722,3930,128,17,7,29,1278,2969,13095,6348,1047,132,5547,7,12981,4247,2883,3048,1037,398,78,156,49,492,13,196,10,233,8,116,3,6812024,2310,116,9,470,18,11,0,1,3,1,4,4,1,0,0,3801,148,173,95,0,0,3949,268,0,0,206,187,97,490
3127057001001,31016,Nanuque,907,22,651,114,0,18,1,5,1,137,1,4,3,465,1,24,63,10,423,486,3038,716,99,169,2054,0,3021,908,586,804,325,43,38,23,7,196,4,34,1,40,1,20,1,806344,3240,29,12,27,113,29,5,7,19,5,21,22,8,8,3,210,375,25,294,0,3,585,319,3,12,66,29,8,115
3127073001001,31005,Salinas,606,12,0,113,5,8,0,7,19,63,0,0,60,203,0,6,39,15,261,345,2036,514,53,25,1444,0,2036,606,342,491,312,32,16,17,5,115,3,40,0,43,5,8,0,613052,0,23,0,28,0,0,1,11,9,11,12,12,10,0,0,0,2,0,604,0,0,2,604,0,0,42,6,11,59
3127107003001,31021,Frutal,7464,5,103,6,0,3,1,18,463,2046,18,2,1382,6160,55,15,10,43,2710,4761,21430,14436,1385,201,5399,9,21292,7467,4329,4174,2207,413,138,304,87,994,34,382,12,349,43,340,3,15916099,5565,180,106,34,9,8,1,0,0,0,3,4,0,0,0,3539,3612,150,154,0,2,7151,304,2,0,416,426,50,892
3127107003002,31021,Frutal,8132,15,30,48,0,21,9,34,541,2188,42,8,1749,6966,127,20,38,94,2720,5448,24659,14791,2006,180,7641,41,24551,8165,5096,5174,2332,616,204,458,88,1046,27,464,30,423,58,434,33,14762360,28915,183,108,238,37,13,2,4,7,4,14,15,2,2,6,3047,4387,239,427,12,20,7434,666,32,87,447,394,16,944
3127206001001,31027,Sete Lagoas,591,2,0,7,0,0,0,2,4,63,6,0,16,186,13,0,4,9,235,356,2029,522,171,81,1255,0,2029,591,357,491,297,42,17,13,4,122,3,36,1,33,8,14,0,795590,0,16,3,5,2,0,1,1,2,1,2,2,0,0,0,193,122,197,77,0,2,315,274,2,0,59,9,4,72
3127305001001,31037,Governador Valadares,1839,3,74,273,1,23,0,12,18,413,8,9,69,1311,26,34,14,59,735,1106,5692,1860,606,113,3096,17,5657,1840,1112,1092,700,187,38,59,23,384,13,84,3,96,1,25,1,2203144,16000,138,12,77,17,4,0,3,3,3,3,3,1,0,0,455,975,51,303,6,40,1430,354,46,3,117,85,4,210
3127339001001,31004,Janaúba,414,10,46,104,1,10,0,1,1,54,4,3,1,171,12,0,27,1,98,318,1413,647,40,24,702,0,1406,414,293,431,105,19,12,9,2,67,3,17,0,17,4,12,0,440741,0,12,7,36,7,3,10,10,10,10,10,10,5,0,1,1,0,49,361,1,2,1,410,3,4,24,0,3,31
3127354001001,31007,Montes Claros,309,6,1,21,0,0,0,5,1,47,3,2,4,155,17,4,13,14,96,213,1048,257,77,17,697,0,1048,309,210,296,110,16,10,8,1,63,1,13,0,8,0,3,0,392819,0,11,0,32,0,0,2,1,5,3,6,6,0,0,0,190,5,81,22,0,11,195,103,11,0,23,2,0,25
3127370001001,31041,Aimorés,863,7,0,72,0,10,0,1,6,183,5,0,23,562,14,8,11,2,446,421,2473,796,115,30,1532,0,2464,865,514,475,347,16,9,47,6,100,1,35,1,32,3,11,2,840682,50,73,15,41,20,7,1,3,5,3,5,7,1,0,0,4,654,3,202,0,0,658,205,0,3,17,39,4,63
3127388001001,31065,Juiz de Fora,1008,0,57,2,0,0,0,1,17,152,13,0,49,438,46,1,0,2,355,653,2969,1438,390,12,1129,0,2969,1008,609,636,351,36,22,32,10,138,5,55,2,53,8,2,0,1522367,0,14,3,18,11,2,0,0,0,0,0,0,0,0,0,832,91,53,31,1,0,923,84,1,3,48,32,12,95
3127404001001,31052,Pouso Alegre,376,0,30,0,0,0,0,0,0,100,1,0,0,294,2,0,0,0,103,284,1164,991,57,4,112,0,1144,385,263,337,86,8,7,6,1,38,0,9,0,8,2,6,9,779415,15448,5,1,7,0,0,0,0,0,0,0,0,0,0,0,186,179,6,5,0,0,365,11,0,6,20,15,0,41
3127503001001,31035,Guanhães,851,1,558,34,0,1,0,0,1,127,4,0,7,436,15,23,1,0,282,573,3237,943,229,2,2063,0,3221,854,564,951,426,52,25,19,6,197,4,48,0,64,5,16,3,1003357,1562,27,6,17,0,0,0,0,1,0,1,1,0,0,0,293,388,60,106,1,3,681,166,4,10,84,29,0,124
3127602001001,31010,Diamantina,2433,1,36,22,1,9,0,4,64,447,18,1,225,1404,197,20,1,10,936,1511,8229,2150,795,108,5174,2,8193,2436,1495,2229,1028,79,65,57,13,409,9,166,1,157,8,40,3,3211354,3262,60,2,40,48,13,0,0,0,0,0,1,0,0,0,1135,1045,91,107,0,0,2180,198,0,5,185,85,13,287
3127701005001,31037,Governador Valadares,2813,37,1141,689,2,48,7,13,8,366,85,47,26,1254,284,22,107,30,963,1853,9016,1951,1009,72,5978,6,9006,2816,1816,2214,1005,209,65,87,21,498,9,108,2,112,14,38,3,2559862,1275,191,6,134,9,4,2,17,32,22,34,34,23,0,0,215,1136,321,972,5,35,1351,1293,40,0,93,78,14,185
3127701005002,31037,Governador Valadares,6528,38,8,36,2,11,0,8,71,1169,26,0,636,3967,91,38,100,15,2386,4145,21670,4956,2685,294,13705,30,21618,6531,4136,5071,2996,402,213,156,46,1295,33,281,1,350,20,82,3,8503946,1941,215,13,165,189,83,1,4,11,4,30,38,7,1,4,1536,4684,86,222,0,0,6220,308,0,29,388,245,39,701
3127701005003,31037,Governador Valadares,6746,5,15,87,1,9,2,17,209,1672,58,6,731,6091,250,31,8,62,2317,4439,22655,7336,2174,610,12461,70,22576,6752,4419,5423,2737,567,218,226,85,1144,36,336,9,504,35,91,7,9986249,5842,202,2,312,2,0,0,2,2,1,3,4,0,0,0,1544,4746,63,326,1,6,6290,389,7,20,442,348,42,852
3127701005004,31037,Governador Valadares,5842,33,159,90,0,53,0,38,77,771,19,5,268,2522,53,61,105,106,2432,3419,19860,3660,2653,311,13212,24,19830,5851,3679,4650,2819,427,138,299,46,965,35,379,19,412,19,112,9,5618415,3050,284,6,54,116,19,0,4,20,4,22,27,15,0,0,1544,3503,65,303,2,4,5047,368,6,44,315,231,71,661
3127701005005,31037,Governador Valadares,5477,18,29,85,1,21,8,6,210,1529,9,77,791,5624,27,69,57,19,2220,3265,17424,6344,1368,117,9587,8,17373,5485,3277,3779,2347,259,139,198,63,944,42,325,5,347,49,118,8,9539511,3040,145,2,53,53,29,0,0,1,0,5,7,3,0,1,2234,2720,147,89,0,2,4954,236,2,23,410,379,0,811
3127701005006,31037,Governador Valadares,6957,19,21,15,0,0,0,9,101,1731,10,0,370,6132,30,43,53,15,2921,4044,22238,6542,2067,207,13373,49,22226,6965,4344,4867,2745,387,179,362,73,1140,50,414,27,495,32,143,8,10469041,6760,301,1,28,11,3,0,4,6,4,14,19,7,0,2,3034,3674,108,139,0,1,6708,247,1,0,412,519,0,931
3127701005007,31037,Governador Valadares,4850,7,10,48,2,20,0,5,52,1001,77,7,238,3923,265,34,22,17,1753,2916,15703,5018,1341,157,8173,25,14693,4574,2870,3422,1858,252,126,144,59,834,22,213,4,261,31,36,10,7348455,8730,140,1,55,53,21,0,3,4,3,6,7,0,3,0,1900,2481,48,105,1,13,4381,153,14,28,363,270,60,722
3127701005008,31037,Governador Valadares,6043,26,220,220,0,32,0,13,114,1096,12,6,391,3908,51,136,87,32,2200,3842,20946,5675,1973,193,13085,9,20927,6042,4057,5299,2544,458,177,295,68,1059,21,387,27,410,23,62,2,7134654,2950,409,15,122,225,42,0,6,13,6,18,26,10,1,1,872,4532,59,491,0,4,5404,550,4,0,376,256,51,683
3127701005009,31037,Governador Valadares,4940,0,4,6,0,3,0,3,45,1433,14,3,193,6290,46,54,0,4,2274,2669,15117,6592,1035,198,7265,27,15108,4943,2712,3028,1933,188,115,302,48,732,26,445,10,360,29,187,3,11977064,1610,95,6,26,21,16,0,0,0,0,0,0,0,0,0,2749,2118,38,19,2,1,4867,57,3,0,381,538,17,935
3127701005010,31037,Governador Valadares,9697,3,806,5,0,0,0,1,65,1558,21,2,573,9969,92,40,6,2,4138,5512,27827,16071,1198,463,9814,25,27469,9621,5194,5466,3147,270,163,426,101,1009,35,596,16,616,63,438,9,38839646,13220,330,9,1,57,26,0,0,0,0,2,3,0,1,0,6941,2366,84,112,0,2,9307,196,2,0,408,840,17,1266
3127701005011,31037,Governador Valadares,5784,22,99,22,1,0,0,23,584,1176,34,1,2316,4698,120,147,46,53,2746,3043,19248,6766,1890,197,10340,20,18663,5782,3537,4159,2405,251,196,257,56,995,34,372,9,402,22,137,9,11190689,14920,170,6,29,10,1,0,7,7,8,9,21,5,1,0,3861,1677,47,91,0,0,5538,138,0,17,404,381,8,810
3127701005012,31037,Governador Valadares,7170,23,622,16,1,11,0,12,87,1557,15,1,352,5573,49,115,59,33,3139,4042,23584,6012,3262,161,14121,28,23565,7178,4095,4909,3495,392,229,363,68,1521,49,536,16,524,38,143,8,10742976,7460,302,16,73,57,3,0,1,6,6,17,23,14,0,1,3798,3131,92,146,0,0,6929,238,0,20,598,415,32,1065
3127701005013,31037,Governador Valadares,5935,1,38,3,0,1,0,0,257,1175,2,0,1075,5651,17,14,4,0,2145,3666,18012,9203,884,226,7187,13,17516,5792,3767,4166,1705,180,92,312,58,513,4,352,22,308,26,146,1,16834202,750,160,0,0,15,2,0,0,0,0,1,1,0,0,0,3859,1568,20,7,0,0,5427,27,0,0,346,430,26,802
3127800001001,31008,Grão Mogol,1543,27,2,48,0,7,0,15,13,214,5,20,41,715,7,39,77,27,686,863,5391,1144,503,88,3652,4,5354,1544,908,1325,830,124,47,55,8,211,6,125,4,104,13,35,1,2070625,0,69,4,64,0,0,4,24,27,24,25,27,26,0,0,161,925,14,377,0,8,1086,391,8,6,98,24,5,132
3127909001001,31019,Patrocínio,426,1,0,7,0,0,0,1,3,80,3,0,8,220,11,5,2,1,214,213,1173,834,59,6,274,0,1170,426,251,240,130,10,6,24,1,31,2,23,1,13,0,12,0,548367,0,7,6,7,0,0,0,0,0,0,1,1,0,0,0,8,0,299,119,0,0,8,418,0,0,18,2,0,20
3128006003001,31035,Guanhães,4135,18,238,118,5,4,1,10,62,954,16,7,235,3348,50,34,51,26,1790,2352,13765,4334,1050,89,8285,7,13745,4139,2378,3285,2107,176,83,180,39,545,7,334,7,281,17,150,4,6206011,2670,187,16,178,48,8,1,6,10,9,10,18,17,2,1,1369,2145,211,362,6,40,3514,573,46,22,240,209,0,471
3128006003002,31035,Guanhães,3557,21,77,176,3,8,2,7,46,701,26,5,171,2547,93,43,45,13,1198,2373,11656,3849,892,156,6754,5,11573,3561,2227,3046,1342,196,69,75,32,451,8,178,3,209,42,117,4,6195081,2870,102,5,200,4,0,0,6,15,11,16,21,16,0,0,1162,1607,243,525,1,15,2769,768,16,21,188,170,22,401
3128105001001,31050,Varginha,2250,1,6,6,0,0,0,5,90,303,22,2,301,918,77,42,1,9,688,1567,7174,4967,469,63,1667,8,7111,2255,1422,1841,840,94,48,62,27,277,7,113,1,86,6,35,5,3683397,3653,65,3,6,0,0,0,0,0,0,0,1,1,0,0,751,1437,12,48,1,1,2188,60,2,10,108,72,5,194
3128204001001,31060,Ponte Nova,966,2,500,13,1,9,0,8,9,152,1,4,20,482,1,0,3,15,361,612,3218,1251,334,47,1584,2,3173,973,561,752,405,40,26,52,13,156,7,79,6,78,22,16,7,1388518,7140,14,2,12,0,0,0,0,0,0,0,2,0,0,0,232,529,114,90,1,0,761,204,1,21,60,10,0,90
3128253001001,31009,Bocaiúva,914,1,28,42,0,1,0,0,4,101,0,0,13,316,0,8,1,0,294,620,3025,548,114,11,2352,0,3024,914,594,867,310,57,24,16,3,128,7,40,2,37,17,8,0,878097,0,39,2,63,278,44,0,1,1,1,1,1,0,1,0,9,3,589,307,0,0,12,896,0,0,54,5,0,59
3128303001001,31048,São Sebastião do Paraíso,5361,4,6,23,5,5,0,3,515,1084,54,3,1712,3486,183,45,13,8,1594,3774,16836,11038,750,49,4989,10,16723,5364,3607,4358,1544,313,106,254,43,542,8,292,9,224,15,45,3,8971045,1710,70,16,98,15,7,0,0,0,0,3,4,0,0,0,2506,2603,143,103,0,4,5109,246,4,0,263,153,34,450
3128402001001,31064,Ubá,2155,1,16,28,0,0,0,18,79,362,28,1,257,1163,98,71,1,39,952,1209,6876,3281,1305,13,2272,5,6808,2159,1259,1490,975,105,70,90,22,324,9,151,4,115,5,31,4,3594204,1455,36,9,10,1,0,0,0,0,0,1,1,1,0,0,943,736,133,184,0,3,1679,317,3,4,130,117,5,257
3128501001001,31065,Juiz de Fora,1127,1,61,2,0,0,1,5,4,183,3,0,10,562,6,4,5,6,458,670,3487,1930,498,18,1041,0,3486,1128,679,724,500,66,45,46,13,147,2,61,4,52,9,9,1,1517549,0,24,2,3,89,10,0,0,1,0,0,1,0,0,1,543,481,33,70,0,0,1024,103,0,3,91,42,7,143
3128600001001,31002,Paracatu,1158,0,1,11,0,0,0,2,25,270,4,0,86,858,13,9,0,6,413,745,3688,1216,246,58,2168,0,3681,1158,739,894,460,80,20,27,5,157,2,54,0,61,8,15,0,1967973,0,50,0,0,2,0,0,0,0,0,0,0,0,0,0,158,915,10,75,0,0,1073,85,0,3,48,49,2,102
3128709003001,31048,São Sebastião do Paraíso,7001,1,22,24,1,3,1,6,434,1624,120,4,1590,5144,470,44,1,12,2318,4683,22260,15846,1066,86,5104,19,22042,6993,4496,5507,2440,273,198,313,70,846,16,392,9,313,69,104,10,14215369,9750,118,17,32,9,2,0,0,0,0,1,1,0,0,0,5170,1503,119,82,2,14,6673,201,16,40,379,326,37,781
3128709003002,31048,São Sebastião do Paraíso,7759,2,13,10,2,0,0,2,310,1644,84,0,1054,5426,263,108,4,3,2787,4979,24220,17132,1121,85,5876,6,24171,7765,4902,5850,2690,322,224,378,86,954,15,457,9,308,51,146,6,16966572,7920,119,6,16,0,1,0,1,1,1,1,2,1,0,0,6296,1326,67,66,0,4,7622,133,4,0,578,402,61,1041
3128808001001,31064,Ubá,1677,2,301,22,0,3,0,6,28,335,16,2,97,1029,45,6,5,7,596,1084,5199,2737,572,65,1824,0,5191,1680,1092,1258,544,80,59,70,14,215,4,66,3,69,13,21,3,2506181,3360,18,23,16,43,10,0,0,1,0,0,2,0,0,0,1318,73,260,23,0,3,1391,283,3,4,92,35,0,131
3128907001001,31020,Patos de Minas,1817,1,7,15,0,5,0,1,61,344,2,0,237,1201,8,14,1,1,545,1274,5924,3434,271,35,2181,3,5914,1818,1215,1601,620,89,45,41,16,263,2,84,1,86,9,24,1,2760391,2352,38,1,7,0,0,0,0,0,0,0,1,1,0,0,341,1415,5,56,0,0,1756,61,0,6,94,66,20,186
3129004001001,31064,Ubá,1471,1,443,35,1,7,1,2,24,312,17,2,85,1024,49,22,1,4,487,992,4225,2915,244,38,1027,1,4207,1479,980,1054,338,48,26,51,11,104,2,55,2,62,6,5,8,2082068,4715,9,1,7,0,0,0,0,0,0,0,1,0,0,0,498,595,191,178,0,6,1093,369,6,3,47,49,4,103
3129103001001,31017,Ituiutaba,991,0,0,13,0,1,0,2,109,186,8,0,274,494,18,1,0,2,374,619,2692,1509,88,9,1086,0,2672,993,603,529,266,26,10,27,13,120,2,28,2,37,3,13,2,1554234,3441,27,1,7,0,0,0,0,0,0,0,0,0,0,0,640,328,16,7,0,0,968,23,0,32,31,21,7,91
3129202001001,31053,Santa Rita do Sapucaí,1444,0,20,0,0,0,1,2,15,212,7,0,45,628,20,31,0,12,400,1044,4430,3467,278,5,679,1,4413,1444,955,1131,357,45,37,82,20,203,0,66,3,54,5,8,0,1785352,0,32,0,17,0,0,0,0,0,0,0,0,0,0,0,596,759,46,41,0,0,1355,87,0,0,78,34,0,112
3129301001001,31040,Caratinga,2286,6,29,35,0,17,0,11,17,459,12,3,64,1405,50,17,14,29,825,1463,7164,3048,398,125,3591,2,7145,2288,1495,1816,769,113,40,82,14,294,9,110,3,89,9,13,2,2767926,810,184,5,202,143,46,1,5,4,5,5,6,2,1,0,347,1443,125,366,1,4,1790,491,5,0,75,43,0,118
3129400001001,31059,Barbacena,1055,3,0,39,3,2,1,5,16,171,0,5,49,516,0,2,3,5,311,747,3457,1862,209,17,1369,0,3426,1055,677,901,408,51,37,29,7,147,3,47,1,48,1,8,0,1195012,0,28,1,63,0,0,0,2,3,2,2,3,0,0,0,77,864,2,108,0,4,941,110,4,8,85,37,0,130
3129509001001,31023,Araxá,6450,10,11,38,2,9,0,22,620,1160,34,2,1937,3573,101,12,18,55,2606,3853,19646,10374,1803,138,7307,24,19522,6458,3922,4202,2231,310,134,407,54,784,13,421,14,399,15,175,8,10789219,16420,311,13,58,41,8,0,0,2,0,9,10,2,0,3,2131,4083,78,143,1,2,6214,221,3,38,243,215,29,526
3129608001001,31006,Pirapora,1667,29,14,306,6,36,0,44,1,245,3,24,11,818,13,13,113,147,797,875,6004,1213,891,15,3885,0,5980,1672,1050,1448,822,132,60,42,17,439,14,117,2,111,13,58,5,1527603,4072,132,19,162,3,0,5,26,27,26,29,29,20,0,0,8,12,839,779,2,27,20,1618,29,22,128,44,18,211
3129657001001,31007,Montes Claros,872,14,163,66,3,4,0,11,1,59,1,2,2,159,1,4,43,31,273,603,3123,829,38,30,2226,0,3116,876,604,1010,301,43,17,12,3,155,3,28,0,51,1,13,4,748177,950,87,0,25,0,0,2,14,14,14,14,14,9,0,0,8,165,336,356,0,3,173,692,3,3,45,3,0,50
3129707001001,31047,Passos,2521,7,9,7,3,0,0,8,196,505,59,0,767,1592,189,8,11,17,819,1707,8208,5139,565,49,2443,12,8137,2522,1668,2275,805,102,51,112,13,261,0,137,9,133,4,43,1,4746389,0,30,5,9,5,1,0,0,2,0,4,6,0,0,0,804,1651,23,40,1,0,2455,63,1,0,132,51,14,197
3129806003001,31030,Belo Horizonte,4459,12,14,14,0,2,43,7,21,540,33,1,69,1739,109,7,24,18,1834,2628,15366,4082,2224,310,8733,17,15347,4462,2889,3922,2158,254,119,189,32,694,18,295,12,224,47,38,3,5603097,2630,258,27,35,633,57,2,3,5,3,7,12,11,1,0,1968,2017,151,321,1,1,3985,472,2,9,319,82,54,465
3129806003002,31030,Belo Horizonte,4143,11,61,44,1,9,1,7,27,483,6,1,105,1832,30,10,31,18,1768,2382,14608,3540,1719,167,9169,13,14545,4150,2676,3980,1874,225,105,237,40,516,3,399,8,293,25,27,7,4953211,4790,231,47,69,505,49,3,4,7,5,10,11,7,5,5,1052,1947,284,841,0,3,2999,1125,3,16,239,88,29,373
3129806003003,31030,Belo Horizonte,5371,5,3,1,0,1,0,4,237,955,7,0,910,3093,21,21,13,14,2099,3275,18031,5220,2416,301,10085,9,18027,5374,3459,4752,2064,270,113,442,34,599,9,492,20,330,48,23,3,7967957,2770,236,1,25,103,19,0,0,1,1,4,5,1,1,1,1552,3312,201,306,0,0,4864,507,0,25,265,188,33,512
3129806003004,31030,Belo Horizonte,5420,11,103,35,1,20,1,12,335,497,4,0,1818,1803,11,23,46,25,2201,3223,18539,5212,2349,246,10716,16,18530,5424,3650,4935,2227,295,119,399,42,581,6,458,11,314,59,19,4,7390916,1804,202,16,30,819,93,4,2,8,6,9,11,8,2,0,1619,2530,558,666,0,1,4149,1224,1,12,278,65,31,386
3129806003005,31030,Belo Horizonte,8260,4,60,72,1,11,149,16,111,865,22,15,420,3212,89,59,10,48,2651,5616,28430,9119,3706,406,15153,46,28416,8267,5741,8143,3159,448,193,260,71,868,18,545,13,566,108,26,7,11693255,6181,190,51,62,887,156,2,2,3,3,3,4,3,1,1,4267,2408,622,911,4,12,6675,1533,16,18,597,147,35,797
3129806003006,31030,Belo Horizonte,4864,4,12,67,0,5,1,1,73,513,10,1,1001,1845,26,38,11,1,2023,2848,16372,6314,1624,263,8152,19,16308,4871,3170,4270,2036,145,88,361,38,534,10,427,8,298,39,23,7,9318320,4630,206,3,11,232,27,0,0,0,0,1,4,2,0,0,2990,1082,484,301,6,1,4072,785,7,0,237,101,20,358
3129806003007,31030,Belo Horizonte,4387,1,3,115,1,17,6,9,216,438,16,17,776,1385,47,9,3,29,2024,2371,15057,5167,1517,211,8150,12,15036,4395,2951,4095,1334,150,93,658,43,416,7,589,22,267,23,14,8,6551156,8152,129,5,16,237,29,0,0,0,0,1,1,0,0,0,1851,1431,606,468,1,17,3282,1074,18,10,244,76,0,331
3129806003008,31030,Belo Horizonte,9226,9,21,98,3,6,5,21,655,1127,20,6,2339,3852,108,77,22,77,3002,6231,32187,10649,3401,485,17616,36,32163,9233,6483,9348,3457,564,233,442,97,1098,15,526,21,561,70,38,7,13684090,3840,456,24,37,1076,137,3,4,3,4,8,9,7,5,1,4226,3262,878,845,1,14,7488,1723,15,0,553,201,84,838
3129905001001,31051,Poços de Caldas,820,0,2,2,0,0,0,1,2,196,6,1,5,600,13,11,0,3,198,623,2370,1999,49,5,316,1,2347,820,550,561,206,44,15,14,7,74,1,18,0,27,3,7,0,1177943,0,13,4,19,6,2,0,0,0,0,0,0,0,0,0,168,622,5,25,0,0,790,30,0,3,33,16,12,63
3130002001001,31046,Oliveira,742,0,2,0,0,1,0,0,45,65,2,0,162,200,9,8,0,0,233,511,2485,1072,229,45,1139,0,2465,743,475,719,280,42,17,11,4,118,3,32,0,19,1,2,1,938734,510,5,0,0,0,0,0,0,0,0,0,0,0,0,0,316,419,3,4,0,0,735,7,0,0,33,3,0,36
3130051001001,31003,Januária,764,41,163,98,2,23,0,8,65,104,2,11,245,342,3,1,121,14,254,515,2986,683,249,13,2037,4,2973,769,490,826,438,56,31,14,10,182,8,53,2,58,13,32,5,1074536,2630,12,15,57,41,9,17,34,36,30,41,41,25,3,24,55,277,140,282,0,8,332,422,8,0,59,4,0,63
3130101003001,31030,Belo Horizonte,4092,12,341,266,8,7,0,8,442,572,57,19,1545,1833,198,54,27,21,1167,2932,13617,4567,1233,115,7684,18,13572,4099,2727,3464,1621,332,99,109,37,557,9,200,3,231,34,66,7,5858824,9602,146,13,151,70,1,1,9,11,9,12,12,3,0,0,675,871,855,1628,16,45,1546,2483,61,23,215,43,39,320
3130101003002,31030,Belo Horizonte,5564,7,46,124,5,4,0,6,244,1035,41,14,824,3503,156,76,13,22,1672,3907,19044,6921,1508,360,10219,36,18946,5571,3852,5234,2117,391,137,156,43,741,10,244,9,325,32,87,7,10869163,5960,206,12,64,95,13,0,4,6,5,7,7,2,0,0,2162,2517,302,527,9,36,4679,829,45,10,415,68,54,546
3130200001001,31043,Divinópolis,2274,1,0,26,0,1,0,1,31,527,21,0,114,1977,64,14,1,4,756,1534,7677,4515,421,192,2544,5,7628,2290,1605,2305,664,106,38,63,23,213,0,162,2,139,4,45,16,4116914,20575,46,8,57,18,6,0,0,1,0,1,1,0,0,0,517,1434,31,268,0,12,1951,299,12,18,110,74,0,201
3130309001001,31042,Piuí,2250,0,2,27,2,2,0,3,74,361,17,4,252,1108,63,9,0,6,949,1307,6715,3421,498,10,2784,2,6668,2255,1355,1550,802,87,35,51,13,250,12,116,2,91,9,44,5,3795467,3498,39,15,27,3,2,0,0,0,0,0,0,0,0,0,965,1175,38,68,2,2,2140,106,4,4,87,76,2,169
3130408001001,31057,Lavras,1603,2,38,71,2,3,0,3,23,166,29,11,67,570,108,8,4,6,508,1096,5605,2249,568,55,2733,0,5600,1603,1078,1581,535,92,65,106,13,295,8,126,4,86,1,7,0,2314365,0,75,3,21,1,0,0,0,0,0,2,2,2,0,0,551,687,10,191,2,11,1238,201,13,3,150,16,14,183
3130507001001,31050,Varginha,2876,2,21,21,2,2,0,1,120,390,9,2,414,1187,35,33,6,1,908,1978,9096,5689,792,82,2531,2,9069,2883,1793,2395,1069,118,42,86,31,313,8,174,5,105,7,46,7,3774265,7300,54,4,1,0,0,0,0,0,0,1,1,0,0,0,1223,1519,53,53,0,3,2742,106,3,0,127,67,0,194
3130556001001,31040,Caratinga,669,3,0,20,0,3,0,0,39,116,4,0,134,414,11,2,12,0,188,483,2046,813,124,7,1102,0,2037,669,448,535,178,31,17,13,5,82,2,24,2,24,2,5,0,777418,0,13,3,34,0,0,0,2,2,2,3,3,2,0,0,202,115,154,189,3,6,317,343,9,0,21,31,2,55
3130606001001,31051,Poços de Caldas,1231,0,5,3,0,0,0,0,12,228,20,0,46,577,64,11,0,0,416,817,3678,2842,124,35,660,17,3675,1232,789,977,349,32,20,34,4,115,1,57,2,44,3,16,1,2226942,510,31,2,18,5,4,0,0,0,0,0,0,0,0,0,516,605,22,56,0,1,1121,78,1,6,40,51,4,101
3130655001001,31005,Salinas,776,10,230,53,2,13,0,10,2,69,3,1,6,237,3,1,22,41,205,571,2742,836,87,3,1815,1,2742,776,579,932,222,27,24,16,6,93,2,23,0,22,15,4,0,862614,0,9,3,31,6,2,2,6,8,7,10,8,3,0,0,189,85,50,450,1,1,274,500,2,20,34,7,3,65
3130705001001,31018,Uberlândia,1294,2,3,16,0,5,0,2,70,226,27,8,221,695,88,3,2,7,553,742,4056,1945,193,23,1895,0,4049,1294,869,999,468,62,19,37,9,140,3,48,3,66,14,18,0,1804510,0,32,3,9,20,6,0,0,0,0,2,2,0,0,0,459,604,30,72,0,6,1063,102,6,0,44,26,15,85
3130804001001,31057,Lavras,507,0,0,17,0,1,0,1,25,51,0,1,109,157,0,1,0,1,149,360,1630,838,226,30,536,0,1620,509,317,413,206,35,13,5,8,58,3,30,0,16,4,10,2,763670,1328,10,3,4,0,0,0,0,0,0,0,0,0,0,0,257,213,15,21,0,1,470,36,1,3,42,3,0,47
3130903001001,31040,Caratinga,4490,14,380,666,4,111,5,12,42,766,28,209,151,3119,95,16,30,32,1632,2860,13993,5960,924,158,6941,10,13886,4492,2901,3623,1434,165,81,125,38,549,8,204,5,184,26,39,2,6384415,1020,173,14,136,13,6,0,9,7,9,12,14,1,0,0,1028,1307,488,1361,51,234,2335,1849,285,10,229,156,13,408
3131000001001,31027,Sete Lagoas,1180,0,135,11,1,1,0,1,81,176,11,0,268,580,33,28,0,4,466,717,4206,1138,577,36,2455,0,4190,1182,786,1088,582,52,28,67,8,213,2,97,2,80,2,11,2,1837748,1110,31,0,4,3,0,0,0,0,0,0,0,0,0,0,328,40,696,116,0,0,368,812,0,0,105,51,3,159
3131109001001,31025,Curvelo,1462,9,1,51,3,2,0,7,64,171,1,1,192,521,1,10,21,19,564,901,4743,1169,424,97,3047,6,4737,1465,852,1222,635,64,40,37,5,209,5,120,1,55,8,21,3,1764138,2620,40,4,15,20,3,0,4,7,3,8,9,8,0,0,393,529,184,350,0,4,922,534,4,3,121,38,10,172
3131158001001,31040,Caratinga,4173,18,3,53,3,7,0,28,38,754,9,2,133,2626,28,22,51,65,1176,3008,15028,4539,1336,131,9001,21,14614,4184,2928,4294,1675,250,105,61,46,675,7,170,3,180,23,27,11,5483638,9080,107,10,294,256,71,2,6,15,13,11,18,10,2,8,866,2440,160,685,5,17,3306,845,22,22,260,132,22,436
3131208001001,31041,Aimorés,4773,6,24,56,0,2,2,6,18,1302,17,4,54,4098,59,29,11,8,1601,3178,14200,6445,1026,66,6657,6,14133,4779,3002,3132,1521,289,101,161,52,627,17,177,5,174,40,63,6,6603819,6953,132,24,447,11,5,0,1,1,1,3,6,1,0,0,947,2862,129,828,0,1,3809,957,1,4,237,214,46,501
3131307005001,31039,Ipatinga,6066,0,12,0,0,0,0,0,87,811,13,0,473,4251,139,25,0,0,1651,4417,19265,11287,940,217,6802,19,19217,6068,4221,5173,1685,142,143,148,82,683,8,243,0,270,44,181,2,28956838,1310,97,118,1,0,0,0,0,0,0,0,0,0,0,0,5381,624,48,13,0,0,6005,61,0,0,364,294,7,665
3131307005002,31039,Ipatinga,6267,2,14,1,1,0,0,6,48,1102,17,0,562,6397,75,19,6,20,1962,4227,19460,9474,1185,89,8274,10,18997,6149,4070,4603,2124,204,115,144,61,585,14,303,2,321,67,208,4,18558531,5634,103,3,5,117,40,0,0,2,1,1,2,0,1,2,5131,691,267,55,1,0,5822,322,1,9,264,572,24,869
3131307005003,31039,Ipatinga,7245,3,1,3,0,1,0,4,138,1213,22,1,491,5053,101,20,4,7,2231,5018,24236,9724,2255,223,11991,43,24224,7249,5262,6637,2281,262,289,228,84,1050,19,318,10,409,17,97,4,14758254,2730,144,0,13,46,23,0,0,0,0,1,3,1,0,0,5123,1261,529,256,0,0,6384,785,0,14,620,257,9,900
3131307005004,31039,Ipatinga,7863,8,35,3,0,0,0,11,112,1520,15,0,632,8279,75,94,30,43,2683,5206,25426,10599,2372,145,12264,46,25029,7887,5050,6181,2700,384,193,213,68,982,10,462,8,523,68,283,24,16609170,23302,244,7,15,0,0,0,0,0,0,2,8,1,0,0,4683,2163,591,292,0,0,6846,883,0,46,408,749,7,1210
3131307005005,31039,Ipatinga,5952,3,18,14,1,21,12,14,40,1371,16,2,231,6434,52,64,4,25,1734,4221,19191,7299,1501,187,10182,22,19150,5954,4079,5133,1881,271,136,123,57,688,7,289,4,327,33,152,2,12265876,3100,114,17,9,63,26,0,0,0,0,0,3,0,3,3,2739,2547,343,309,11,0,5286,652,11,5,260,393,8,665
3131307005006,31039,Ipatinga,5502,9,1,1,0,1,0,5,53,1208,37,0,199,4530,160,39,25,10,1720,3786,17833,6466,1646,123,9575,23,17825,5506,3807,4553,1808,243,152,185,72,676,14,353,3,309,39,108,4,9494943,6210,123,0,2,12,5,0,0,0,0,0,9,2,0,0,4559,364,555,24,0,0,4923,579,0,11,430,381,26,847
3131307005007,31039,Ipatinga,6788,10,148,10,1,0,0,9,77,1209,12,3,299,4590,43,27,31,26,1803,4990,23276,8290,2122,172,12667,25,23258,6793,5041,6557,2195,331,231,186,97,960,10,289,5,391,34,117,5,10210062,5820,330,1,21,13,9,0,0,1,1,0,9,1,0,0,4758,535,1033,69,0,0,5293,1102,0,17,490,310,25,843
3131307005008,31039,Ipatinga,6377,6,32,10,0,13,0,1,47,1258,11,0,170,5029,45,68,11,7,1994,4389,21487,6899,1900,235,12423,30,21474,6380,4510,5737,2269,383,204,175,76,907,18,315,8,351,41,90,3,9766173,1320,191,0,6,8,14,0,1,0,0,1,6,0,0,0,4103,1006,983,239,3,0,5109,1222,3,14,248,322,22,606
3131307005009,31039,Ipatinga,4784,0,36,8,0,3,0,1,60,698,22,0,596,4582,105,43,0,3,1366,3421,15198,8286,1048,91,5758,15,15111,4787,3406,4136,1371,135,73,112,54,415,5,191,2,234,30,98,3,19599761,13540,106,0,3,0,0,0,0,0,0,0,0,0,0,0,3349,922,234,71,0,0,4271,305,0,8,219,128,0,355
3131307005010,31039,Ipatinga,5152,7,4,5,0,0,0,1,10,994,72,0,86,5612,285,32,22,1,1905,3258,16667,7341,1226,173,7879,48,16641,5160,3394,4181,1729,156,125,253,42,611,5,380,10,339,37,217,8,10332245,8088,223,3,2,90,17,0,0,0,0,1,7,0,0,0,3888,689,495,80,0,0,4577,575,0,11,284,513,17,824
3131307005011,31039,Ipatinga,4554,8,0,30,0,2,1,12,15,659,15,11,78,2512,59,11,24,33,1322,3239,15671,5247,1409,67,8940,8,15486,4561,3243,4288,1701,325,136,112,39,592,25,173,2,228,14,60,7,5994028,6145,194,6,26,50,2,0,0,4,0,0,8,2,0,0,2768,1029,486,241,12,9,3797,727,21,8,247,169,31,456
3131307005012,31039,Ipatinga,5640,9,1,8,0,4,0,11,42,965,8,3,163,3617,22,91,29,33,1930,3714,19258,6200,1983,190,10873,12,19250,5644,3853,5067,2162,302,184,251,58,877,15,354,4,356,41,75,4,9207520,3650,139,0,25,38,10,0,0,3,0,0,9,0,3,0,3400,1186,823,230,1,0,4586,1053,1,30,350,295,23,698
3131406001001,31017,Ituiutaba,1271,1,0,0,0,0,0,0,59,223,13,0,205,687,41,8,1,0,362,911,3741,1913,226,24,1572,6,3731,1273,843,754,346,100,18,43,6,179,9,45,2,55,8,50,2,1642688,510,91,0,1,0,0,0,0,0,0,1,1,0,0,0,175,1086,0,3,0,0,1261,3,0,0,59,16,5,80
3131505001001,31052,Pouso Alegre,2365,0,5,15,1,2,0,3,103,463,16,6,383,1454,46,24,0,4,742,1634,7448,5279,572,38,1551,8,7382,2375,1664,1952,620,94,66,95,20,263,9,118,1,99,3,18,10,4398710,11952,61,17,16,0,0,0,0,0,0,0,0,0,0,0,777,930,239,383,0,14,1707,622,14,10,117,46,17,190
3131604001001,31019,Patrocínio,1571,2,0,7,0,2,0,5,66,421,4,1,243,1408,11,9,2,8,392,1182,5158,2961,318,44,1835,0,5152,1574,1145,1397,423,108,33,37,14,184,7,90,2,90,3,45,3,2752467,1625,17,7,13,25,15,0,1,1,0,2,2,2,1,1,612,827,41,90,0,0,1439,131,0,3,70,65,16,154
3131703003001,31031,Itabira,2601,7,32,159,2,8,0,12,375,160,22,38,1590,477,62,14,27,40,1024,1578,9282,1972,1240,161,5900,9,9273,2602,1724,2571,1348,159,81,88,18,373,5,130,3,126,16,27,1,3293216,510,106,5,32,8,0,2,3,5,4,5,7,7,0,0,687,1243,162,432,5,18,1930,594,23,37,203,5,0,245
3131703003002,31031,Itabira,6446,7,54,29,1,1,0,11,134,659,9,12,535,2202,24,176,23,25,2214,4239,23020,5976,3300,279,13456,9,22992,6453,4282,6367,3132,235,217,151,52,1146,28,423,2,423,33,56,7,12460046,6585,89,4,26,21,7,0,0,4,0,2,7,4,0,0,3667,2230,258,245,1,6,5897,503,7,49,597,320,10,975
3131703003003,31031,Itabira,5407,10,425,17,0,1,0,7,109,470,13,1,727,2100,55,18,27,39,1732,3677,18673,5192,2574,254,10629,24,18661,5409,3634,5281,2235,191,187,110,41,832,14,316,3,296,29,80,2,11765085,3730,106,5,13,45,7,1,1,7,1,5,10,10,0,1,3325,1785,89,99,0,0,5110,188,0,9,303,122,0,434
3131703003004,31031,Itabira,7617,15,26,21,0,1,0,12,69,928,16,4,324,3574,76,117,37,39,3037,4591,25377,9379,2783,269,12924,22,25273,7625,4451,6275,3380,207,233,213,53,1303,27,665,4,538,71,188,8,21248036,19456,207,7,10,16,5,0,0,10,1,8,15,12,0,0,4351,2935,196,131,0,1,7286,327,1,35,632,173,0,839
3131703003005,31031,Itabira,7396,9,244,112,0,5,0,37,159,917,21,15,955,3219,85,147,13,108,2744,4655,25964,7280,3473,187,14998,26,25951,7399,4771,6848,3465,278,260,277,61,1290,26,597,16,481,66,110,3,15406452,2436,166,16,19,206,7,2,3,5,3,4,9,8,2,0,3395,3678,190,109,5,6,7073,299,11,35,708,195,0,938
3131802001001,31038,Mantena,2574,11,374,84,0,15,2,19,46,511,10,3,190,1632,27,32,28,50,879,1710,8370,2734,561,194,4873,8,8320,2586,1715,2014,993,165,71,82,22,444,10,67,1,133,20,25,12,3659055,4760,111,23,91,18,7,1,4,6,3,9,11,0,1,0,1935,170,394,66,1,7,2105,460,8,4,129,108,23,264
3131901003001,31033,Ouro Preto,5528,3,283,48,2,3,0,11,361,804,50,9,1321,2692,181,82,6,43,1836,3693,19527,8329,1898,309,8983,8,19519,5529,3830,5649,2128,310,212,214,53,828,12,333,9,278,37,91,1,10603682,700,92,13,50,5,1,1,2,3,2,2,3,1,0,0,3764,378,920,435,5,6,4142,1355,11,0,470,294,36,800
3131901003002,31033,Ouro Preto,7140,7,436,42,0,12,0,10,246,1456,55,12,921,5057,241,146,12,19,2535,4611,24039,11296,2177,345,10215,6,23877,7146,4629,6340,2649,249,254,316,62,1020,17,600,11,376,44,166,6,16844844,6151,84,3,19,53,12,2,2,4,2,4,7,3,0,0,6273,324,484,44,12,2,6597,528,14,33,461,456,51,1002
3132008001001,31008,Grão Mogol,281,1,243,31,1,5,0,0,6,40,4,4,18,130,11,0,6,0,104,177,1006,332,54,27,593,0,1004,281,189,336,112,15,2,2,1,23,0,25,0,10,5,1,0,393845,0,5,2,13,3,0,0,0,1,0,1,1,1,0,0,21,17,115,124,0,4,38,239,4,0,0,6,3,8
3132107001001,31003,Januária,3439,54,814,46,1,40,0,45,15,526,6,5,61,1995,24,23,204,169,1404,2038,13799,2455,1778,98,9254,214,13771,3440,2356,4075,1724,193,180,114,32,1081,41,185,6,254,23,64,1,4123404,1020,232,11,57,0,0,12,21,40,21,54,54,8,0,0,1314,94,1717,309,2,3,1408,2026,5,16,424,63,26,529
3132206001001,31032,Itaguara,2997,6,13,18,1,0,0,5,63,641,7,5,225,2237,19,23,11,6,1009,1991,9526,6643,1080,42,1761,0,9460,2999,1960,2602,935,108,59,61,36,277,7,142,0,175,54,44,2,5499003,1020,29,12,13,18,2,0,0,3,0,4,6,5,0,0,1746,1009,163,72,3,2,2755,235,5,11,138,164,0,312
3132305001001,31015,Teófilo Otoni,1364,10,77,39,2,12,0,23,1,261,4,5,5,890,11,8,22,60,646,721,4943,1483,575,51,2834,0,4912,1365,819,1268,730,115,35,24,11,320,11,71,3,88,17,29,1,1565378,600,47,41,131,17,2,2,6,9,6,10,10,9,0,0,616,384,168,174,2,12,1000,342,14,7,106,57,15,186
3132404003001,31056,Itajubá,4230,1,44,8,0,0,0,6,188,747,28,3,683,2577,114,9,3,15,1305,2926,14547,10228,904,52,3355,8,14529,4230,2828,3970,1668,207,166,117,56,647,9,242,1,243,20,120,0,8664003,0,139,9,31,56,22,0,0,0,0,1,1,1,0,0,2714,1116,190,44,0,1,3830,234,1,0,296,99,25,420
3132404003002,31056,Itajubá,7581,9,55,37,1,1,0,18,376,1478,66,4,1408,6057,254,342,12,43,2943,4658,25250,18154,1391,74,5614,5,24757,7599,4687,6186,2933,323,242,341,90,1172,29,535,12,414,73,165,22,15400668,30810,174,27,57,26,25,0,0,1,0,0,8,0,0,0,5871,1396,118,109,2,6,7267,227,8,10,541,395,56,1001
3132404003003,31056,Itajubá,6421,2,57,4,0,0,0,7,306,1502,30,0,1172,5425,107,75,7,13,2491,3933,20482,16183,891,106,3287,15,20461,6422,4005,5220,2123,237,169,323,57,853,21,414,9,373,30,192,1,14658237,1000,109,4,24,6,6,0,0,0,0,2,2,1,0,0,4099,1847,64,48,0,2,5946,112,2,0,391,359,114,864
3132404003004,31056,Itajubá,7361,7,251,5,0,0,0,9,278,1335,168,1,1108,6245,763,92,7,40,2581,4787,22485,18398,846,85,3144,12,22373,7368,4569,5436,2263,244,200,242,56,893,7,456,6,332,24,252,7,25557598,8800,143,21,91,29,7,1,1,1,0,2,7,1,0,0,5114,2001,78,164,0,4,7115,242,4,20,355,354,24,754
3132503003001,31011,Capelinha,1506,46,234,462,5,36,0,47,10,237,5,140,35,752,17,8,158,123,607,901,5338,1573,386,69,3302,8,5311,1508,955,1519,790,77,21,62,16,164,4,115,4,47,5,23,2,1263462,1015,22,50,95,65,8,20,31,40,34,45,46,46,4,1,145,563,127,531,6,134,708,658,140,18,63,44,0,126
3132503003002,31011,Capelinha,4732,11,45,165,12,16,0,12,26,899,9,28,94,2948,24,37,29,39,1856,2890,16650,6171,1084,204,9160,31,16503,4746,2996,4682,2238,228,98,132,32,632,13,338,6,267,36,92,14,6436436,17912,81,49,97,91,22,2,3,10,4,10,11,10,0,0,1626,2322,202,549,2,30,3948,751,32,20,242,198,10,470
3132602001001,31066,Cataguases,1015,2,0,1,0,0,0,4,12,228,3,1,37,709,6,0,5,6,365,652,3210,1489,559,56,1106,0,3208,1017,626,599,499,64,33,52,14,148,4,84,2,46,5,14,2,1619308,510,18,4,4,1,0,0,0,0,0,0,2,0,0,0,583,304,119,8,0,1,887,127,1,2,92,47,2,143
3132701001001,31037,Governador Valadares,4364,42,1580,290,2,73,5,51,64,697,14,21,223,2448,43,57,130,147,1979,2397,15119,3501,1486,144,9953,34,14950,4374,2382,2968,2207,298,150,251,38,1071,50,429,12,447,112,107,10,6066212,6973,243,27,102,161,16,1,8,21,8,31,33,20,4,0,544,2660,194,789,0,19,3204,983,19,18,350,135,12,515
3132800001001,31028,Conceição do Mato Dentro,285,0,108,4,0,0,0,1,0,37,0,3,0,126,0,0,0,4,87,198,908,240,16,3,649,0,907,285,173,265,102,6,7,9,3,37,0,9,0,2,5,2,0,355748,0,5,0,5,0,0,0,0,0,0,0,0,0,0,0,241,30,8,3,2,1,271,11,3,2,11,5,3,22
3132909001001,31048,São Sebastião do Paraíso,2579,0,11,4,0,0,0,3,86,499,25,0,295,1481,70,2,0,4,715,1866,7759,5963,232,12,1551,1,7695,2581,1691,1987,666,115,40,91,26,262,13,128,2,67,6,21,2,3670982,532,52,2,0,0,0,0,0,0,0,0,0,0,0,0,2519,35,13,7,1,4,2554,20,5,0,94,88,3,185
3133006001001,31054,São Lourenço,2947,0,17,8,0,0,0,8,129,567,11,2,422,1804,40,53,0,31,922,2031,9612,7176,384,15,2003,7,9550,2952,1990,2526,882,126,98,115,36,368,11,194,5,181,36,37,10,5680751,11710,35,8,108,45,13,0,0,0,0,0,0,0,0,0,1384,1015,316,220,2,1,2399,536,3,18,202,151,5,375
3133105001001,31054,São Lourenço,3684,0,54,10,0,1,0,6,152,730,25,0,509,2323,84,7,0,8,1273,2411,11925,9506,609,25,1767,0,11858,3681,2351,2890,1369,167,146,106,31,591,15,210,3,217,39,29,2,7494955,21548,71,8,87,0,0,0,0,0,0,0,0,0,0,0,3130,238,218,89,0,3,3368,307,3,0,285,191,0,476
3133204001001,31037,Governador Valadares,2750,9,166,98,2,5,1,5,11,531,8,2,45,1630,20,39,21,16,1193,1558,8570,3624,437,136,4369,4,8533,2750,1732,1979,1003,117,47,128,26,449,11,120,8,107,24,27,0,3467682,0,187,7,73,1,0,1,3,4,3,7,9,1,0,0,577,1581,235,343,1,11,2158,578,12,4,140,146,10,299
3133303001001,31013,Pedra Azul,4650,75,61,82,3,29,0,50,59,1069,31,10,199,3560,116,37,260,135,1762,2898,15779,4434,811,104,10416,14,15673,4660,2792,3893,2033,281,128,151,37,965,27,250,10,301,30,113,10,5218386,8150,182,15,132,282,85,6,30,35,42,73,75,10,11,2,764,608,1520,1748,1,9,1372,3268,10,26,359,135,0,520
3133402001001,31021,Frutal,3050,1,1,15,0,0,0,3,261,762,10,0,776,2622,27,149,4,4,1034,2022,9558,6332,697,93,2390,12,9335,3053,1864,1755,874,183,58,77,24,355,11,96,3,128,60,806,9,5349565,6100,108,14,31,0,0,0,0,0,0,1,1,0,0,0,2661,323,42,13,0,2,2984,55,2,11,166,139,15,330
3133501001001,31044,Formiga,5379,7,12,36,0,1,0,8,248,841,10,0,897,2720,37,29,17,17,2072,3314,16503,10736,1050,92,4619,6,16418,5385,3416,4211,1605,146,97,240,38,633,14,340,8,222,16,46,6,8985754,3866,98,9,45,47,9,0,0,3,1,5,7,4,0,0,1280,3413,110,573,0,3,4693,683,3,8,292,153,0,454
3133600001001,31052,Pouso Alegre,1462,2,48,2,0,0,1,2,5,422,8,2,16,1357,20,58,3,5,488,974,4511,3616,119,4,769,3,4511,1462,970,1098,386,67,45,45,22,175,2,89,1,112,1,33,0,2838783,0,43,5,41,0,1,0,1,1,0,2,2,1,0,0,330,1059,3,49,0,2,1389,52,2,0,104,85,16,204
3133709001001,31032,Itaguara,1882,0,89,16,0,2,0,3,84,332,10,0,307,1094,43,12,0,4,582,1302,6221,2778,509,81,2853,0,6218,1884,1278,1759,684,118,50,29,17,219,2,77,1,81,8,12,2,2905246,1100,62,11,19,12,0,0,0,0,0,0,0,0,0,0,1406,321,68,85,0,2,1727,153,2,0,75,45,6,126
3133758001001,31047,Passos,4644,3,58,15,0,0,0,2,554,977,16,1,1863,3020,48,20,3,2,1218,3427,14562,11203,706,57,2592,4,14527,4645,3235,3960,1222,249,118,117,45,597,8,135,2,141,10,42,1,9499360,510,66,8,23,0,0,0,0,1,0,0,3,0,0,1,4412,173,29,28,0,2,4585,57,2,0,270,146,7,422
3133808003001,31043,Divinópolis,4312,0,3,1,0,1,0,1,168,841,18,0,601,2910,61,10,0,1,1474,2846,13766,8444,962,134,4216,10,13750,4320,2771,3683,1476,168,111,147,40,506,20,281,3,156,10,65,8,8705797,13582,64,0,0,3,3,0,0,0,0,0,0,0,0,0,4092,152,58,3,0,0,4244,61,0,27,258,228,1,515
3133808003002,31043,Divinópolis,7699,2,4,9,0,2,0,7,429,1551,15,0,1540,6397,69,65,3,21,2684,5023,24030,14776,1440,216,7532,20,23915,7705,4936,6387,2635,233,139,204,79,742,13,359,2,326,39,118,8,19411505,9570,102,7,13,11,2,0,0,0,0,1,2,1,0,0,6535,1033,72,51,0,2,7568,123,2,0,317,388,33,738
3133808003003,31043,Divinópolis,6700,1,10,3,0,0,0,1,404,1118,36,0,1470,3916,112,51,2,1,2218,4497,21847,13085,1426,163,7158,9,21511,6715,4541,5822,2156,282,124,258,62,691,7,431,5,347,30,73,16,16076811,16720,92,0,0,3,2,0,0,1,1,1,1,1,0,0,5894,656,97,37,0,0,6550,134,0,35,404,195,10,644
3133808003004,31043,Divinópolis,6311,2,3,5,0,1,0,6,895,885,11,4,3069,3480,41,56,3,11,2495,3825,20808,10566,1939,173,8110,15,20741,6320,4086,5274,2472,256,152,393,59,722,14,559,19,336,20,66,9,12335136,9280,205,10,2,13,9,0,0,1,0,0,2,0,0,1,5271,953,69,13,2,1,6224,82,3,11,296,219,24,550
3133907001001,31034,Conselheiro Lafaiete,767,2,47,72,2,3,0,4,2,43,3,15,9,124,8,7,2,12,261,506,2565,1088,179,34,1261,3,2565,767,490,667,367,34,21,23,7,112,3,23,0,28,8,15,0,944934,0,23,4,15,0,0,0,0,2,2,2,2,2,0,0,36,381,42,279,1,25,417,321,26,0,26,7,0,33
3134004001001,31012,Araçuaí,1793,47,103,58,1,11,0,16,62,290,5,1,245,1003,12,58,194,40,699,1096,6554,1649,331,20,4553,1,6546,1794,1137,1886,820,105,66,62,12,411,5,98,0,112,5,32,1,1879284,412,59,16,69,94,13,9,34,30,30,47,47,19,15,1,689,714,188,201,0,1,1403,389,1,5,166,82,0,253
3134103001001,31041,Aimorés,1024,0,4,26,0,0,0,1,10,195,7,1,37,663,28,11,0,6,265,759,3299,1196,221,19,1863,0,3289,1024,706,792,374,67,21,41,20,148,5,27,3,40,9,12,0,1224358,0,49,0,29,0,0,0,0,0,0,0,0,0,0,0,653,266,35,68,0,1,919,103,1,0,43,44,8,95
3134202003001,31017,Ituiutaba,3955,13,0,15,0,1,1,8,179,1065,25,4,588,3475,65,58,26,12,1301,2663,12123,7082,578,79,4373,9,12094,3962,2546,2653,1150,254,102,161,53,634,26,192,2,263,6,90,8,7779846,12261,86,2,37,0,0,1,4,9,4,11,13,2,0,0,3079,777,64,28,0,4,3856,92,4,29,300,174,30,533
3134202003002,31017,Ituiutaba,6507,15,2,57,3,8,0,15,447,1615,31,4,1385,5181,89,42,46,27,2088,4431,20245,9881,1741,156,8442,10,20197,6519,4358,4596,1849,550,160,308,88,942,15,327,14,365,11,112,16,10150510,12115,179,1,143,11,2,1,5,8,5,8,15,0,1,3,4169,2093,49,59,3,4,6262,108,7,42,426,278,49,795
3134202003003,31017,Ituiutaba,4593,10,11,7,0,1,0,7,162,1370,17,0,582,4261,63,30,30,18,1781,2819,13781,8201,1294,101,4172,13,13735,4599,2699,2719,1472,251,123,268,80,817,39,250,12,319,21,73,6,10332908,6340,61,0,17,11,6,0,0,1,0,6,10,1,0,0,2898,1601,61,30,1,0,4499,91,1,92,319,268,21,700
3134202003004,31017,Ituiutaba,3600,7,6,88,2,4,0,18,203,759,93,13,649,2354,315,70,20,37,1233,2371,11150,5626,1314,92,4112,6,11136,3604,2401,2492,1041,231,66,239,41,505,28,224,23,206,6,43,4,7203735,5340,79,10,147,0,0,1,2,2,2,4,5,2,0,1,2419,843,90,164,3,9,3262,254,12,34,197,98,6,336
3134202003005,31017,Ituiutaba,5476,5,0,3,0,7,0,3,195,1562,15,0,675,4957,39,39,13,4,2503,2985,15852,9277,1162,126,5263,24,15808,5488,3159,3047,1752,202,144,291,65,853,35,304,16,302,25,133,12,14414790,11970,200,2,82,18,21,0,1,2,1,4,5,1,0,0,2147,3160,73,94,0,1,5307,167,1,147,392,254,66,859
3134202003006,31017,Ituiutaba,6734,10,9,40,0,7,1,6,260,1865,31,2,864,5672,98,77,26,10,2423,4338,19974,12727,1154,98,5981,14,19719,6759,4142,4078,2011,423,195,298,80,961,33,303,15,320,26,111,25,15148585,29035,118,4,74,0,0,0,1,3,1,8,10,0,0,0,5129,1385,136,79,5,0,6514,215,5,87,340,330,40,797
3134301001001,31057,Lavras,1429,0,5,20,0,0,0,2,34,151,3,1,117,464,11,5,0,2,486,944,4704,2085,780,80,1759,0,4696,1430,944,1325,517,42,36,24,10,213,7,74,0,73,2,2,1,2062669,1500,88,1,54,10,1,0,0,0,0,0,0,0,0,0,370,600,133,316,0,3,970,449,3,0,83,12,4,99
3134400003001,31021,Frutal,4424,5,15,15,0,0,0,5,483,1375,12,5,1574,4386,42,18,21,21,1386,3085,13974,7277,1021,119,5547,10,13873,4470,2924,3161,1311,420,102,180,61,635,17,214,5,293,40,125,46,8366521,40132,133,3,23,85,23,4,4,4,4,5,5,0,4,4,2783,1439,117,80,1,4,4222,197,5,102,299,303,19,723
3134400003002,31021,Frutal,6111,8,6,24,1,1,0,17,679,1744,18,8,2109,5552,69,44,12,43,1775,4362,18624,10049,1372,323,6871,9,18351,6136,4023,4109,1675,532,124,228,94,729,17,217,9,319,35,135,25,13686160,27395,202,23,440,144,36,0,2,2,2,2,8,0,0,0,2840,2337,397,525,1,11,5177,922,12,51,255,281,15,602
3134509001001,31057,Lavras,939,3,4,6,0,2,0,5,53,107,2,1,161,280,5,4,3,6,506,434,2756,1354,393,22,981,6,2755,940,547,632,338,26,14,48,4,109,3,56,2,28,2,7,1,1166658,700,116,3,3,93,15,0,0,3,1,2,3,0,1,0,291,329,95,224,0,0,620,319,0,3,62,24,2,91
3134608001001,31027,Sete Lagoas,3352,20,184,413,4,5,0,23,71,391,39,111,198,1172,121,27,59,51,1355,1998,10740,2689,1025,131,6858,9,10618,3349,1909,2639,1450,139,75,128,23,490,15,197,5,176,24,18,9,5719334,6072,94,35,152,0,0,5,14,17,16,20,20,11,0,0,1046,1064,420,613,36,124,2110,1033,160,17,198,88,5,307
3134707001001,31014,Almenara,2757,95,74,243,2,108,10,46,74,429,9,4,233,1386,28,6,306,118,1192,1586,9197,2243,504,17,6433,0,9115,2776,1713,2160,1044,248,58,154,24,591,19,147,12,129,17,64,19,2837738,13406,112,12,165,445,85,10,71,92,66,72,95,30,43,26,219,1281,121,1127,0,4,1500,1248,4,40,216,74,7,337
3134806001001,31048,São Sebastião do Paraíso,1559,1,2,9,0,0,0,2,81,315,2,0,259,898,7,4,3,3,525,1038,4570,3599,161,22,786,2,4529,1561,1020,1188,377,61,16,68,7,92,2,96,1,30,4,8,2,2573639,2242,21,1,23,0,0,0,0,1,0,1,1,1,0,0,571,832,63,93,0,0,1403,156,0,6,25,42,2,75
3134905001001,31051,Poços de Caldas,6003,7,96,7,0,0,0,10,211,1413,46,4,731,4436,158,53,12,40,2227,3788,19076,14907,703,88,3377,1,18954,6015,3909,4812,1817,195,172,376,75,694,15,410,14,317,27,112,12,12482831,11628,125,16,16,2,2,0,0,0,0,1,5,1,0,0,3836,1041,54,30,0,3,4877,84,3,19,362,210,31,623
3135001001001,31039,Ipatinga,628,0,1,2,0,0,0,0,2,65,1,1,3,228,1,4,0,0,186,443,2138,606,355,36,1140,1,2137,629,428,592,213,51,29,18,4,103,3,26,0,36,2,3,1,918872,510,14,0,2,1,0,0,0,0,0,0,0,0,0,0,587,2,39,0,0,0,589,39,0,0,40,12,2,54
3135050003001,31004,Janaúba,862,25,151,85,0,11,0,21,0,146,4,5,0,490,14,0,90,67,215,646,3256,903,208,28,2102,0,3200,860,613,959,381,51,33,16,9,134,2,42,0,76,14,19,4,1022187,4570,38,14,116,29,7,16,23,24,24,25,25,21,0,3,4,21,130,695,1,5,25,825,6,0,60,10,13,83
3135050003002,31004,Janaúba,3924,126,432,200,1,32,0,110,198,662,18,68,665,2186,56,141,422,385,1505,2422,14379,3562,1524,149,9128,5,14338,3925,2559,3826,1960,256,137,159,39,770,25,277,9,259,34,106,3,4861003,2930,158,25,218,60,9,48,100,123,112,126,126,54,9,41,701,763,910,1472,1,74,1464,2382,75,73,370,124,19,585
3135076001001,31037,Governador Valadares,943,13,57,163,0,68,2,18,0,124,5,5,0,400,10,17,37,56,367,582,3288,558,637,90,2003,0,3256,948,532,679,564,93,32,38,8,253,14,36,0,49,12,10,5,1012757,2513,43,3,24,39,7,1,6,12,9,9,13,3,0,0,232,288,189,224,2,8,520,413,10,19,78,7,3,107
3135100003001,31004,Janaúba,4576,61,281,211,3,81,0,16,130,612,28,6,473,2073,118,24,217,37,1385,3202,16639,4535,1697,142,10215,50,16591,4587,3143,5126,1888,229,127,100,40,868,18,195,4,221,33,26,11,7442340,6373,112,18,347,96,27,0,50,58,58,61,61,25,0,0,39,121,539,3869,1,7,160,4408,8,15,373,82,25,495
3135100003002,31004,Janaúba,6120,57,433,249,0,111,0,30,156,899,34,3,594,3206,126,84,191,87,2116,4023,22558,6279,2758,137,13343,40,22458,6136,4104,6539,2540,324,206,242,35,1288,26,447,13,420,37,100,16,9391574,11687,154,19,334,129,24,2,49,54,51,57,57,25,5,4,413,825,953,3923,0,5,1238,4876,5,25,573,153,0,751
3135100003003,31004,Janaúba,5978,48,154,436,1,70,3,33,106,956,42,24,387,3241,151,114,148,100,2167,3822,21373,5937,2578,180,12637,41,21245,5988,3805,5741,2859,329,158,184,57,1271,35,318,6,348,47,69,10,8342012,6715,167,27,301,192,24,9,33,41,42,44,48,24,5,3,561,954,887,3522,1,32,1515,4409,33,45,431,233,7,716
3135209003001,31003,Januária,7185,74,302,722,4,489,1,41,150,1085,19,40,540,3713,68,127,277,123,3150,4049,25874,6652,3271,436,15457,58,25726,7197,4238,6330,3695,337,248,329,64,1612,79,568,20,685,83,180,12,11577629,12360,231,37,314,2,0,19,67,67,68,73,74,10,0,12,2377,1227,1362,2171,10,31,3604,3533,41,21,560,164,71,816
3135209003002,31003,Januária,4112,41,45,1338,18,155,0,43,38,463,14,184,170,1552,72,47,167,142,1504,2615,15448,3220,2364,226,9586,52,15395,4119,2622,4253,1940,204,142,183,34,1045,41,368,8,337,22,68,7,4861285,3638,165,60,263,11,1,18,32,35,35,39,41,13,0,0,486,739,722,2004,1,150,1225,2726,151,47,437,24,9,518
3135308001001,31026,Bom Despacho,754,0,2,10,0,0,0,0,104,111,1,0,380,361,2,10,0,0,196,563,2550,1621,154,27,748,0,2533,756,553,847,205,31,6,12,3,59,1,26,0,29,3,7,2,1324221,3060,5,0,2,0,0,0,0,0,0,0,0,0,0,0,490,233,10,12,1,1,723,22,2,7,35,17,0,59
3135357001001,31007,Montes Claros,872,18,8,78,2,15,0,6,4,101,0,2,13,299,0,3,52,8,271,606,3050,849,53,11,2137,0,3042,877,572,882,403,63,19,17,3,123,1,38,1,37,7,6,5,888202,2515,19,0,18,12,1,0,5,6,6,18,18,0,0,0,4,4,351,509,0,2,8,860,2,12,41,6,0,59
3135407001001,31032,Itaguara,931,1,11,61,0,5,0,2,4,136,4,7,10,431,15,9,2,12,546,386,2988,1233,242,49,1462,2,2985,932,550,690,406,18,25,58,7,118,1,104,3,66,7,3,1,1505907,1200,14,4,4,0,0,0,0,0,0,0,0,0,0,0,425,125,117,138,0,2,550,255,2,0,50,27,0,77
3135456001001,31011,Capelinha,819,5,0,79,1,0,0,5,12,159,7,4,44,502,23,31,8,15,323,500,2883,552,412,11,1906,2,2863,821,514,777,378,75,11,16,7,147,1,47,2,52,6,13,2,1007200,1530,30,6,49,182,63,1,2,4,2,5,4,5,1,0,46,330,15,418,0,4,376,433,4,3,41,20,0,63
3135506001001,31060,Ponte Nova,2386,4,21,193,2,16,0,26,10,380,4,28,29,1206,10,24,6,60,854,1534,7293,2509,809,138,3833,4,7250,2388,1456,1765,831,87,57,70,22,317,4,108,3,84,12,48,2,2767183,1020,95,14,49,0,0,3,3,4,3,3,4,3,0,0,1346,546,129,347,2,13,1892,476,15,0,107,63,4,174
3135605001001,31006,Pirapora,1674,43,2,371,2,15,0,24,6,218,5,53,20,666,15,4,139,56,707,971,5504,1130,618,65,3681,10,5427,1678,913,1253,888,78,28,29,9,374,10,70,0,76,9,22,4,1711437,2280,60,0,90,2,1,0,24,40,32,43,43,5,0,0,6,27,211,1373,0,57,33,1584,57,12,107,13,8,141
3135704001001,31027,Sete Lagoas,599,9,1,87,1,2,0,9,2,76,5,0,2,216,12,25,23,16,307,291,1963,489,170,13,1282,0,1947,596,341,465,260,30,14,59,2,75,1,67,6,16,9,4,0,987170,0,29,1,23,0,0,0,7,9,8,9,9,3,0,0,161,160,94,177,1,3,321,271,4,0,22,18,0,41
3135803001001,31014,Almenara,5068,86,32,303,3,53,0,52,98,800,17,16,342,2550,53,100,243,133,2206,2872,17061,4759,1357,133,10789,23,16923,5078,2990,3730,2430,369,162,190,40,1170,29,254,7,319,49,108,10,5905423,17350,215,21,26,681,136,5,3,56,6,83,85,8,12,0,1447,1192,1128,1264,7,5,2639,2392,12,34,354,68,37,494
3135902001001,31054,São Lourenço,1050,1,9,2,0,0,0,2,26,134,6,0,93,370,16,13,2,7,524,533,3094,2423,87,7,576,1,3081,1054,634,782,323,14,10,39,4,115,1,66,0,35,5,5,4,1651952,5930,31,2,10,0,0,1,0,1,1,1,1,1,0,0,442,582,7,19,0,0,1024,26,0,0,46,23,9,78
3136009001001,31014,Almenara,2889,43,24,66,3,15,2,41,47,371,13,11,154,1232,46,56,151,139,1318,1578,10273,2856,736,72,6601,8,10241,2896,1794,2328,1386,181,94,92,28,912,33,164,16,239,21,63,7,2873529,7140,220,3,8,59,7,0,6,23,9,38,43,6,4,2,1604,803,224,247,1,10,2407,471,11,30,234,63,11,337
3136108001001,31039,Ipatinga,680,2,0,72,1,4,20,3,1,95,1,6,2,284,4,0,2,6,219,463,2062,763,109,8,1181,1,2060,682,440,535,209,27,17,14,3,69,1,28,1,25,0,8,2,961438,1530,24,7,20,0,0,0,0,1,0,1,2,1,0,0,55,98,166,320,4,37,153,486,41,2,18,29,4,54
3136207003001,31031,Itabira,4965,3,15,18,0,3,0,4,127,619,11,1,593,2206,44,52,6,6,1723,3253,16639,5996,2492,149,7980,22,16493,4966,3186,4239,2070,170,160,133,45,756,26,354,6,290,17,62,1,10007911,510,56,3,4,0,0,0,0,2,0,0,3,3,0,0,3113,1554,138,151,0,1,4667,289,1,0,435,135,23,592
3136207003002,31031,Itabira,8389,2,41,11,0,1,1,4,113,1249,24,0,810,5854,77,34,6,10,3001,5397,26461,12579,2681,219,10971,11,26437,8396,5289,6586,3121,194,208,270,60,1081,19,515,5,393,22,235,7,22025581,5680,173,2,10,14,2,0,0,1,0,1,2,1,0,0,5873,2352,86,49,0,3,8225,135,3,0,577,409,17,1003
3136207003003,31031,Itabira,8703,13,76,124,3,17,0,16,145,1185,38,23,547,4193,131,50,36,41,2718,5996,30177,9540,4706,290,15600,41,30150,8714,6046,8446,3620,407,251,265,89,1230,26,450,9,472,43,95,11,13027421,9045,221,7,48,17,4,0,2,12,3,5,13,11,1,0,3859,3355,732,684,5,14,7214,1416,19,8,576,305,9,897
3136306003001,31002,Paracatu,3695,27,869,153,5,9,0,32,247,607,10,67,845,2026,29,15,73,100,1282,2412,12688,3751,1744,362,6810,12,12652,3693,2461,3308,1541,302,62,206,28,477,8,278,5,197,36,47,2,4361422,1190,204,8,229,232,37,1,23,26,26,27,27,10,6,0,375,2171,136,888,10,14,2546,1024,24,66,201,96,0,362
3136306003002,31002,Paracatu,7204,20,107,35,1,25,0,18,530,1454,25,3,1844,4917,75,45,59,63,2625,4585,24073,9574,2185,578,11716,20,23946,7210,4460,6035,3147,470,162,218,39,1206,28,435,8,358,41,123,6,13711552,6000,157,13,43,140,28,1,4,11,9,18,19,11,3,4,1678,5272,66,172,1,3,6950,238,4,17,440,279,31,767
3136405001001,31025,Curvelo,743,11,203,59,1,3,0,7,1,110,4,6,2,379,13,3,35,17,332,414,2526,500,431,6,1589,0,2506,746,418,603,324,64,18,34,6,162,4,64,0,32,6,29,3,1044753,8530,14,1,22,0,0,1,1,8,3,11,11,1,0,0,102,209,170,256,2,4,311,426,6,119,51,20,4,195
3136504001001,31014,Almenara,2108,39,268,36,0,36,5,31,27,313,3,3,84,1016,3,9,138,74,769,1352,7221,1870,475,13,4861,2,7171,2120,1285,1808,866,144,80,41,15,549,21,114,3,100,11,32,12,2379679,5134,40,3,105,114,18,3,26,38,24,36,38,17,12,0,433,1274,49,294,0,3,1707,343,3,115,125,61,4,305
3136520001001,31011,Capelinha,314,0,21,10,0,8,0,1,2,63,1,0,8,187,2,0,0,1,149,167,1138,298,49,2,789,0,1135,316,221,331,149,25,13,3,1,50,1,3,1,10,3,6,2,386941,836,24,3,6,3,0,0,0,0,0,0,0,0,0,0,0,228,0,86,0,0,228,86,0,0,19,13,0,32
3136553001001,31036,Peçanha,481,1,409,29,0,1,0,3,0,64,0,1,0,201,0,3,6,8,142,320,1568,383,39,2,1054,0,1470,457,288,374,170,34,17,8,4,63,1,17,0,27,7,9,1,507832,1010,13,5,12,29,1,0,1,1,1,1,1,1,1,0,25,273,26,128,0,3,298,154,3,0,14,9,0,23
3136579001001,31008,Grão Mogol,667,11,573,81,1,2,0,7,5,61,12,3,16,186,35,6,36,25,352,316,2444,615,50,18,1758,3,2443,668,381,667,430,22,18,16,10,142,2,49,2,31,1,4,1,648843,500,19,1,23,0,0,0,9,9,9,11,11,10,0,0,0,477,0,189,0,1,477,189,1,31,25,4,0,60
3136603001001,31031,Itabira,857,0,2,48,0,0,0,5,11,144,2,0,47,434,7,15,0,18,273,588,2872,974,227,22,1649,0,2866,861,581,779,322,48,26,23,6,109,2,54,0,44,8,5,4,1214585,4285,21,22,9,1,1,0,0,0,0,0,0,0,0,0,371,373,35,75,0,0,744,110,0,7,47,28,0,82
3136652001001,31030,Belo Horizonte,6677,6,315,439,4,35,0,30,383,1062,175,90,1259,3253,566,141,14,53,2288,4406,21827,7068,2167,415,12138,39,21719,6691,4338,5647,2666,368,125,218,50,800,12,340,6,324,49,110,14,9280769,11693,362,21,156,106,8,1,5,6,6,6,6,2,0,0,1364,2168,1216,1727,45,145,3532,2943,190,54,375,168,90,687
3136702005001,31065,Juiz de Fora,15035,18,397,79,2,5,0,42,532,2261,222,23,2835,9854,846,304,36,145,5762,9255,49971,22850,8988,465,17379,87,49698,14994,9983,12578,5950,875,512,560,146,2215,66,810,18,773,60,175,18,23945544,20040,413,25,92,96,17,0,1,7,3,11,14,10,0,0,10306,2175,791,463,13,7,12481,1254,20,105,1024,474,95,1697
3136702005002,31065,Juiz de Fora,11017,2,160,9,0,21,0,44,405,1549,16,21,2701,7455,56,110,6,159,4279,6745,35026,17636,5776,420,11099,95,34921,11024,7193,8276,4235,531,312,415,123,1371,27,639,15,598,32,134,7,20173005,5530,210,1,38,5,1,0,0,0,1,1,2,2,0,0,8622,1602,128,90,20,1,10224,218,21,50,497,362,28,937
3136702005003,31065,Juiz de Fora,11377,7,40,5,1,269,0,13,418,1741,17,152,1741,7607,176,692,24,34,4626,6640,35374,19209,4742,257,10401,41,34556,11134,6990,8014,4036,434,316,515,117,1411,37,682,17,623,67,153,9,22867182,26763,173,55,74,162,3,0,1,1,1,4,7,0,0,1,9504,950,247,293,2,12,10454,540,14,0,719,490,40,1249
3136702005004,31065,Juiz de Fora,16591,8,648,48,2,8,1,24,248,2545,131,16,2981,10475,370,288,19,57,6841,9728,51116,28265,6910,260,15313,36,50417,16511,10065,11587,6115,651,416,803,185,1947,40,952,34,817,74,199,16,35816271,17020,261,31,94,126,49,1,1,1,1,4,8,6,0,0,13868,516,1782,197,21,18,14384,1979,39,23,868,788,15,1695
3136702005005,31065,Juiz de Fora,8982,0,234,0,0,3,0,0,61,420,7,0,1944,6989,51,42,0,0,4317,4677,24205,20074,908,66,3144,13,23960,8984,4590,4570,2598,138,119,576,78,604,19,672,15,437,78,359,2,41641619,4300,179,0,1,6,4,0,0,0,0,0,0,0,0,0,8448,443,73,1,0,0,8891,74,0,22,320,454,0,796
3136702005006,31065,Juiz de Fora,11189,0,1677,1,0,1,0,0,14,162,6,0,1543,9660,53,47,0,0,5954,5246,27221,23205,749,104,3123,37,27108,11197,4638,4302,2868,156,116,509,77,675,15,880,17,575,62,798,8,54815141,19370,340,16,38,35,26,0,0,0,0,0,0,0,0,0,11027,52,11,0,0,0,11079,11,0,39,318,638,7,1002
3136702005007,31065,Juiz de Fora,16387,11,604,4,0,44,0,8,102,799,17,2,2625,10679,90,82,27,20,7737,8661,44804,33969,4232,195,6367,41,44592,16397,8608,8817,5401,330,261,736,143,1404,31,1020,24,739,96,414,10,73833508,9220,362,21,19,4,0,0,0,4,4,4,11,9,0,1,15658,312,341,22,1,0,15970,363,1,20,623,481,0,1124
3136702005008,31065,Juiz de Fora,10898,9,109,34,1,3,1,20,127,1729,113,3,753,6872,335,73,26,77,4994,5917,34589,16840,7294,294,10103,58,34501,10911,6363,7465,4932,530,323,580,112,1691,35,744,21,676,38,82,13,20608081,14715,182,9,45,106,27,0,0,2,4,6,9,8,0,7,8815,1141,594,288,16,2,9956,882,18,0,923,501,21,1445
3136702005009,31065,Juiz de Fora,8792,5,369,5,1,5,0,7,111,991,39,8,2110,5359,140,78,14,18,3639,5153,26707,14007,4159,258,8257,25,26684,8791,5466,6156,3277,388,196,357,102,928,24,398,13,378,44,131,0,23409827,0,148,4,88,89,50,0,0,1,1,4,5,4,0,2,6877,1615,153,102,6,15,8492,255,21,26,465,231,70,792
3136702005010,31065,Juiz de Fora,14301,5,297,54,3,6,2,32,167,2093,111,15,1288,7813,388,130,12,90,6258,7997,45263,20284,8996,202,15470,40,44601,14235,8371,9720,6475,603,493,526,138,2116,62,864,22,775,58,160,16,24358556,20664,313,2,125,153,10,0,0,3,4,4,5,4,0,0,11497,1487,940,221,26,4,12984,1161,30,47,961,573,62,1644
3136702005011,31065,Juiz de Fora,9507,7,345,21,1,3,0,10,115,1623,26,3,543,6594,96,46,11,18,4153,5357,29051,15010,4733,180,9110,18,28840,9510,5388,5991,3881,413,257,538,117,1279,44,652,18,548,63,133,3,17304489,5910,147,6,23,0,0,0,0,2,1,3,7,6,0,1,8090,552,806,52,6,1,8642,858,7,43,732,279,70,1125
3136702005012,31065,Juiz de Fora,9403,7,114,10,0,3,0,14,80,1655,13,4,477,6889,47,172,17,19,4531,4879,28592,14355,5314,263,8598,62,28547,9410,5211,5901,4086,336,263,457,75,1406,41,611,15,550,31,154,7,18177892,6500,183,18,21,181,40,0,0,1,1,7,7,6,0,0,7872,1123,317,66,1,0,8995,383,1,29,669,467,55,1220
3136702005013,31065,Juiz de Fora,13411,7,101,6,1,0,1,24,187,2148,18,5,1161,9453,75,233,20,64,5843,7582,41461,22001,7088,340,11386,35,40809,13422,7972,8896,5353,542,378,604,155,1791,48,715,27,667,60,161,11,29274055,24235,224,16,14,20,9,0,0,0,0,1,7,6,0,1,11250,938,818,163,2,1,12188,981,3,76,734,512,43,1364
3136702005014,31065,Juiz de Fora,11776,8,169,35,2,10,0,25,527,1357,165,5,3307,5214,540,196,22,74,4565,7211,36998,22426,4864,122,9528,35,36919,11776,7614,8921,4254,532,320,552,132,1195,25,683,12,591,62,180,7,37230208,8560,172,24,64,120,35,0,1,4,3,5,8,3,0,0,9264,543,1444,298,9,3,9807,1742,12,40,604,360,23,1028
3136801001001,31007,Montes Claros,661,1,138,21,2,0,0,3,3,71,2,2,10,241,2,0,1,6,248,415,2272,506,114,20,1631,1,2270,663,402,612,289,29,26,39,7,111,3,62,1,17,3,7,2,702783,1020,18,3,47,3,0,0,1,1,1,1,1,0,0,0,40,401,3,215,0,2,441,218,2,0,70,11,4,84
3136900001001,31048,São Sebastião do Paraíso,1395,0,2,3,0,0,0,0,20,357,7,0,70,1138,21,0,0,0,597,801,4514,4073,61,13,367,0,4487,1396,930,1274,309,39,23,149,22,85,0,144,5,45,2,63,1,3044127,510,12,1,19,0,0,0,0,0,0,0,0,0,0,0,550,746,74,15,0,0,1296,89,0,5,39,65,0,109
3136959001001,31003,Januária,1162,67,523,269,1,94,0,43,1,80,3,22,5,298,8,28,298,188,294,872,4392,1377,723,44,2245,3,4384,1165,837,1426,436,93,38,10,10,237,11,46,1,55,10,11,3,884712,645,160,0,66,2,0,8,67,67,67,66,67,50,0,2,0,105,71,945,5,21,105,1016,26,9,74,5,3,92
3137007001001,31015,Teófilo Otoni,1229,10,458,113,5,14,0,14,2,156,2,1,6,519,5,35,27,41,555,678,4310,928,496,36,2850,0,4268,1232,682,944,706,87,42,37,5,295,5,88,3,83,17,33,3,1478302,1530,80,1,19,67,4,1,4,9,4,5,8,8,2,0,497,212,388,128,1,3,709,516,4,12,96,11,4,123
3137106001001,31002,Paracatu,1819,1,0,45,1,1,0,1,106,351,8,0,328,970,26,8,1,2,649,1173,5128,3078,119,33,1898,0,5098,1821,1170,1218,450,70,20,41,7,201,3,44,1,38,4,6,2,2719170,2700,41,1,39,0,0,0,1,1,1,1,1,0,0,0,688,1071,8,50,0,0,1759,58,0,4,60,19,0,82
3137205003001,31026,Bom Despacho,6609,8,11,39,4,19,1,8,528,1113,19,4,1791,3707,84,9,21,10,2218,4420,22121,11895,2028,57,8139,2,21902,6638,4575,5953,2486,390,122,154,44,889,16,270,7,303,30,75,29,10618304,26922,106,13,326,2,0,0,2,2,1,8,8,0,0,2,3073,3259,114,129,2,16,6332,243,18,40,272,261,0,573
3137205003002,31026,Bom Despacho,6999,10,9,12,1,5,0,7,363,1150,21,2,1245,3991,49,39,21,9,2460,4570,22817,13490,1822,56,7429,20,22634,7028,4554,5923,2383,319,147,278,57,1063,27,404,7,352,15,128,29,15931600,36375,76,7,151,0,0,0,0,0,0,7,9,2,0,0,4013,2725,116,132,0,1,6738,248,1,9,462,274,35,781
3137304001001,31006,Pirapora,847,7,0,41,1,4,0,7,0,98,0,0,0,289,0,0,25,23,361,489,3079,603,152,96,2223,5,3073,848,552,928,386,39,21,16,5,165,5,40,0,38,5,21,1,905742,510,14,0,5,0,0,2,3,6,3,7,7,1,0,0,1,10,62,771,0,3,11,833,3,0,63,3,4,70
3137403001001,31058,São João del Rei,1912,2,0,19,0,2,0,8,36,258,4,3,134,842,10,30,3,21,672,1248,6889,4133,747,61,1938,10,6869,1918,1256,2122,719,60,70,75,15,312,2,176,4,117,3,22,6,3042949,4290,20,3,9,10,1,0,0,2,1,1,1,0,0,1,792,910,119,88,2,1,1702,207,3,13,189,52,9,262
3137502001001,31020,Patos de Minas,4233,7,50,26,1,4,0,4,284,902,23,5,974,2839,68,20,16,9,1097,3140,12967,7503,454,107,4902,1,12898,4236,2865,3404,1098,226,80,76,25,445,14,174,6,172,11,52,3,6959134,3320,62,4,8,12,2,0,0,5,2,6,7,1,1,2,3330,717,75,100,4,7,4047,175,11,24,211,133,0,369
3137536001001,31002,Paracatu,2116,10,9,27,0,0,0,8,77,372,19,2,240,1096,69,1,20,17,704,1420,6408,2844,329,194,3040,1,6377,2123,1264,1601,730,119,11,64,4,256,6,104,3,78,11,16,7,2710695,6562,135,3,167,0,0,0,7,9,6,10,10,0,0,0,777,190,690,447,4,5,967,1137,9,18,86,48,5,156
3137601003001,31030,Belo Horizonte,6582,6,29,77,1,4,0,8,527,1032,34,8,1739,3513,130,140,19,14,2399,4189,22120,8166,2593,216,11125,20,22016,6588,4245,5540,2790,355,217,251,66,928,20,411,10,419,96,82,6,14809128,7240,151,4,73,87,26,0,0,3,3,6,6,2,0,0,3010,1047,1134,1165,7,27,4057,2299,34,0,446,211,61,719
3137601003002,31030,Belo Horizonte,8032,14,187,125,1,17,0,14,426,1077,409,13,1517,3754,1438,142,45,30,2984,5054,26829,10959,2190,243,13381,56,26782,8037,5304,6967,2852,383,230,479,73,960,15,668,15,560,81,119,5,25741883,5520,225,27,166,366,89,0,2,10,3,13,13,5,2,0,2553,1259,2142,1565,9,17,3812,3707,26,0,558,226,37,821
3137700001001,31061,Manhuaçu,3976,3,249,83,1,64,0,40,27,970,26,23,92,3271,103,5,7,95,1339,2645,12250,5835,854,54,5494,4,12187,3981,2530,3011,1368,258,65,154,38,425,4,156,6,136,20,35,8,5988754,7200,98,19,151,174,68,0,2,2,2,2,3,1,0,0,1041,1243,614,1042,8,23,2284,1656,31,16,147,168,28,358
3137809001001,31054,São Lourenço,4692,2,268,10,0,0,1,6,224,735,34,0,739,2289,105,83,5,10,1773,2918,14036,9934,727,49,3247,5,13899,4659,2872,3214,1562,218,103,185,51,526,9,254,7,182,21,25,5,8042423,2700,97,18,74,0,0,0,0,1,2,2,2,1,0,0,2402,1781,191,278,0,1,4183,469,1,5,213,181,6,404
3137908001001,31062,Viçosa,494,0,4,20,2,2,0,1,1,67,1,0,3,190,1,0,0,3,186,308,1511,871,150,22,468,0,1511,494,319,396,150,15,9,12,9,41,4,27,0,25,0,5,0,715332,0,6,0,1,0,0,0,0,0,0,0,0,0,0,0,98,199,48,141,0,8,297,189,8,3,14,15,0,32
3138005001001,31066,Cataguases,1577,1,233,6,0,0,0,4,16,395,3,1,48,1362,14,11,1,7,534,1043,4738,3340,576,39,779,4,4738,1577,1009,1057,495,64,56,46,28,191,1,93,5,83,3,25,0,2675488,0,43,1,1,0,0,0,0,1,0,1,1,0,0,0,1016,473,66,22,0,0,1489,88,0,0,107,86,8,201
3138104001001,31006,Pirapora,1172,15,31,57,2,1,0,13,6,193,4,0,15,592,11,1,37,37,440,735,3882,838,543,12,2489,0,3872,1175,709,897,559,101,26,26,2,240,11,51,0,57,8,13,3,1225778,1870,50,18,120,0,0,1,10,11,11,15,15,4,0,0,11,24,244,879,0,2,35,1123,2,3,70,31,14,118
3138203003001,31057,Lavras,4221,5,4,15,0,1,0,7,170,836,6,1,567,3140,16,21,8,14,1777,2447,13441,6782,2106,96,4444,13,13421,4224,2490,3141,1810,150,115,149,34,660,22,291,5,238,16,71,3,9672442,1350,75,8,18,40,7,0,1,1,1,4,5,3,1,0,3222,904,43,19,2,4,4126,62,6,9,228,186,27,451
3138203003002,31057,Lavras,4431,5,15,5,0,1,0,3,125,880,4,0,481,3706,19,13,14,12,1693,2740,13481,8669,1103,86,3614,9,13350,4432,2640,3078,1487,104,114,144,48,570,13,274,5,244,26,154,1,12381753,800,43,2,7,0,0,0,0,0,0,3,5,5,0,1,2924,1425,36,25,0,0,4349,61,0,0,234,341,0,575
3138203003003,31057,Lavras,4447,1,9,20,1,12,0,0,223,907,16,4,762,3501,62,17,6,0,1591,2860,13878,8547,1415,136,3750,30,13805,4448,2825,3397,1413,161,111,194,50,514,10,261,7,206,22,167,1,14520355,12000,76,6,13,12,4,0,0,0,0,0,1,1,0,0,2548,1759,18,58,0,8,4307,76,8,10,227,150,10,396
3138203003004,31057,Lavras,4614,5,22,64,3,27,1,5,962,702,37,8,3125,2368,109,8,13,7,1746,2884,15332,6232,2638,286,6152,18,15245,4615,3036,3819,1746,285,134,286,42,697,13,301,7,209,18,37,3,7198458,1910,142,11,29,11,1,0,1,2,1,3,5,2,0,0,3006,1212,140,158,1,25,4218,298,26,0,341,109,34,485
3138203003005,31057,Lavras,9928,5,127,23,0,17,0,6,665,1822,22,4,2316,6744,77,49,8,22,3500,6439,31724,17144,4248,410,9843,79,31595,9936,6291,7797,3523,416,280,390,88,1383,44,599,9,537,58,230,8,24787652,8882,234,13,27,33,17,0,0,2,0,5,5,4,0,0,5802,3795,118,197,0,6,9597,315,6,17,530,322,40,909
3138302001001,31026,Bom Despacho,646,0,123,18,0,0,0,2,4,90,2,0,11,264,2,12,0,2,247,406,2152,1228,191,24,709,0,2117,653,374,505,340,22,16,29,6,114,5,33,0,25,2,8,7,1161972,8170,18,0,11,0,0,0,0,0,0,0,0,0,0,0,475,137,17,17,0,0,612,34,0,8,53,31,8,100
3138351001001,31011,Capelinha,503,1,0,26,0,1,0,1,4,64,0,1,17,198,0,11,5,1,327,176,1761,495,114,4,1146,2,1761,503,324,513,227,15,7,24,3,67,0,29,1,19,4,6,0,584380,0,22,4,7,0,0,0,0,1,0,1,1,1,0,0,89,320,15,73,0,1,409,88,1,0,48,7,0,55
3138401003001,31066,Cataguases,6418,6,199,64,1,3,1,12,227,1053,41,16,906,4512,135,55,12,47,2845,3577,18976,11575,2787,101,4488,11,18858,6421,3816,4028,2183,179,167,303,88,737,12,436,13,335,48,77,6,13460769,4070,158,43,29,6,1,0,1,2,0,4,6,2,0,0,3174,2457,384,374,2,24,5631,758,26,8,406,417,10,841
3138401003002,31066,Cataguases,8388,9,279,46,0,7,1,23,458,1525,31,3,1618,5594,116,77,18,39,3538,4858,26728,11391,5966,189,9091,19,26648,8391,5201,6044,3245,447,246,404,107,1305,43,527,11,506,47,123,3,12412139,1309,164,26,26,141,29,0,0,2,0,4,9,3,0,0,3601,4411,163,205,1,7,8012,368,8,12,670,430,23,1136
3138500001001,31055,Andrelândia,1252,0,28,11,1,1,0,3,9,155,14,0,32,484,55,15,0,10,451,806,3869,2757,243,16,853,0,3848,1255,761,897,443,50,44,40,6,168,1,99,1,66,9,11,3,1821134,2110,69,5,17,0,0,0,0,0,0,0,0,0,0,0,520,650,31,49,0,2,1170,80,2,4,84,38,0,126
3138609001001,31065,Juiz de Fora,4109,3,419,48,1,3,2,12,91,657,3,15,415,2786,15,44,4,21,1621,2507,12363,7052,1393,33,3864,21,12239,4123,2456,2906,1449,179,83,145,30,400,7,235,3,177,29,41,14,6320075,11350,83,16,61,0,0,1,1,3,1,3,3,2,0,0,2667,659,629,138,3,13,3326,767,16,14,198,254,10,476
3138625001001,31021,Frutal,1647,4,3,40,1,11,0,6,156,412,14,2,497,1228,57,69,4,9,461,1190,5017,2318,270,56,2371,2,4943,1651,1102,1149,413,109,28,48,21,185,4,68,3,114,5,49,4,2850485,2740,41,5,209,36,18,0,2,3,2,3,4,0,0,0,216,1066,23,307,0,9,1282,330,9,21,64,56,5,146
3138658001001,31007,Montes Claros,1578,25,72,188,5,56,0,6,24,166,3,4,105,501,7,3,63,14,488,1094,5630,2138,171,18,3303,0,5614,1581,1050,1657,641,136,44,50,12,273,5,75,1,83,9,5,3,1655742,3030,57,3,55,0,0,1,19,23,19,25,25,16,0,0,15,10,633,890,1,5,25,1523,6,5,107,27,6,145
3138674001001,31061,Manhuaçu,610,1,290,3,0,0,0,1,10,155,13,2,38,553,39,4,4,2,157,453,1836,903,74,3,856,0,1836,610,418,485,154,48,9,19,13,43,0,18,0,14,2,2,0,787276,0,28,2,2,0,0,0,0,1,0,1,1,1,0,1,325,172,69,43,0,1,497,112,1,0,14,16,3,33
3138682001001,31007,Montes Claros,835,22,6,84,0,9,0,19,54,71,1,7,186,240,1,19,80,51,300,535,2989,725,324,72,1868,0,2989,835,519,852,392,53,18,20,5,170,7,56,2,51,1,7,0,753811,0,65,3,25,0,0,6,12,22,12,22,22,7,0,0,4,1,324,498,1,7,5,822,8,2,57,8,9,75
3138708001001,31057,Lavras,1375,5,1,9,0,3,0,1,69,162,6,0,252,479,19,52,8,4,467,913,4166,2784,282,16,1079,1,4133,1380,864,1034,363,82,23,86,11,155,3,80,1,48,3,11,6,1823953,5860,20,0,5,12,1,0,2,4,2,3,5,4,2,0,754,486,25,49,0,0,1240,74,0,9,71,26,7,114
3138807001001,31026,Bom Despacho,5192,6,2,32,0,1,0,6,559,960,21,13,1845,2953,57,44,13,11,1892,3318,15709,8098,1075,153,6369,14,15593,5206,3220,3774,1696,294,76,176,25,592,20,247,2,225,21,32,14,9345234,13794,147,2,0,13,3,0,1,3,1,6,6,0,0,0,2425,2443,180,111,4,10,4868,291,14,35,305,224,6,571
3138906001001,31016,Nanuque,1807,35,29,47,0,19,8,19,43,254,11,3,160,762,32,5,84,38,697,1115,5749,1458,243,14,4034,0,5735,1811,1140,1368,626,128,41,61,23,325,14,66,0,98,13,23,4,1857494,2934,73,10,51,107,19,1,12,32,13,34,35,15,1,26,638,931,108,127,2,1,1569,235,3,12,100,36,11,159
3139003003001,31049,Alfenas,2294,2,5,4,1,1,0,6,150,355,29,0,551,1194,110,3,3,19,693,1604,7723,3990,802,38,2892,1,7595,2296,1546,2167,709,79,55,95,18,319,9,129,7,115,4,49,2,4526179,710,21,8,15,14,1,0,0,0,0,2,2,1,0,0,982,1223,26,61,0,2,2205,87,2,0,158,91,0,249
3139003003002,31049,Alfenas,7276,2,29,11,0,27,0,10,750,1263,45,1,2827,4812,178,23,3,44,2152,5129,24345,14157,2426,86,7661,15,24320,7281,4934,6964,2423,357,168,274,79,1006,12,359,6,302,34,110,5,14748351,5721,107,6,19,7,5,0,0,1,0,2,2,2,0,0,4553,2355,76,132,0,8,6908,208,8,10,463,154,28,655
3139102001001,31058,São João del Rei,1169,1,2,13,0,0,2,5,47,159,4,3,140,410,4,3,2,9,390,785,3732,2490,364,46,829,1,3714,1175,711,942,448,40,32,19,11,196,4,66,2,73,3,6,7,1593391,4910,55,8,43,4,0,0,0,1,1,0,1,1,0,1,500,577,31,52,2,1,1077,83,3,12,76,12,0,101
3139201001001,31015,Teófilo Otoni,3529,36,1693,317,8,76,0,44,113,573,11,24,398,1776,38,16,105,122,1677,1855,11818,2821,983,199,7804,11,11701,3531,1918,2415,2083,156,81,145,24,689,13,221,3,284,23,79,2,3909488,810,242,11,77,104,15,0,21,29,20,34,36,25,4,0,2173,506,456,368,9,11,2679,824,20,11,201,85,18,315
3139250001001,31004,Janaúba,920,10,1,93,1,14,0,1,0,113,1,5,0,324,2,10,22,1,280,642,2812,1066,31,58,1657,0,2808,922,633,810,235,23,38,9,7,95,1,17,1,13,6,2,2,811867,2230,24,13,34,0,0,3,7,8,7,10,10,6,0,0,64,24,313,514,0,5,88,827,5,0,39,15,0,54
3139300001001,31003,Januária,3579,95,1109,75,2,75,0,58,31,442,11,29,135,1527,36,20,382,232,1429,2157,13848,2736,1577,270,9214,50,13766,3586,2220,3600,1971,244,142,121,36,1232,45,204,0,264,49,53,7,4080762,4230,226,15,186,24,0,42,78,88,78,95,95,45,2,0,96,93,1043,2296,2,28,189,3339,30,107,318,47,5,476
3139409003001,31061,Manhuaçu,5882,2,62,20,0,0,0,3,26,1115,23,2,210,6485,68,4,7,10,2138,3747,18403,10496,1220,102,6577,8,18297,5884,3788,4562,1906,217,97,252,54,671,9,330,8,280,32,168,2,13403642,5500,124,53,41,41,27,0,1,2,1,1,2,0,0,0,4076,1339,361,76,12,8,5415,437,20,44,282,386,38,750
3139409003002,31061,Manhuaçu,4144,10,685,183,3,20,1,23,39,669,42,21,165,2589,154,29,21,66,1094,3072,14145,5541,1329,170,7063,42,14086,4165,2954,4120,1333,345,87,125,44,530,17,165,6,179,20,45,21,5197960,19120,120,33,251,67,14,2,4,5,6,7,10,2,0,0,1422,1335,640,658,20,57,2757,1298,77,10,73,63,39,185
3139409003003,31061,Manhuaçu,9981,18,823,122,5,212,0,17,60,2100,98,22,314,9743,386,8,49,46,3443,6543,32291,15470,3256,320,13210,35,32222,9986,6622,8389,3390,584,227,381,103,1183,15,493,17,511,59,229,5,17884577,7360,162,166,172,59,38,9,11,15,15,15,16,13,0,0,5952,2184,957,440,2,22,8136,1397,24,34,497,723,62,1317
3139508001001,31061,Manhuaçu,5519,7,45,40,2,31,1,9,89,1116,35,6,308,4251,114,33,16,20,1970,3557,17043,8301,1640,96,6996,10,16895,5525,3346,3908,2095,370,107,215,49,659,24,287,7,215,43,50,6,7911041,3476,118,18,44,39,13,0,1,2,0,2,7,5,0,1,3844,590,889,186,7,3,4434,1075,10,43,224,346,26,638
3139607003001,31038,Mantena,3879,7,47,127,0,18,0,18,85,887,27,3,279,2798,99,157,23,34,1656,2226,11518,4209,926,158,6217,8,11440,3881,2301,2333,1261,194,61,257,60,541,13,214,14,210,35,51,2,5925462,8510,175,28,141,6,2,0,1,4,1,5,6,3,0,0,1639,1810,82,323,0,5,3449,405,5,0,160,136,0,296
3139607003002,31038,Mantena,3229,8,217,88,0,14,1,22,128,661,14,0,413,2044,53,16,31,66,1199,2031,9740,3449,649,82,5556,4,9613,3230,2117,2134,989,170,47,121,22,468,8,111,10,136,35,16,1,4582711,510,120,2,224,28,2,0,4,5,3,7,8,2,0,0,1489,1473,129,136,0,0,2962,265,0,0,99,174,0,273
3139706001001,31027,Sete Lagoas,1410,10,0,33,0,3,0,4,84,200,4,2,310,606,14,29,35,13,436,976,4896,1839,548,42,2459,3,4882,1412,967,1433,562,87,37,21,7,194,4,61,1,86,1,10,3,2270222,4480,15,5,7,0,0,0,0,3,0,4,10,0,0,1,831,435,77,61,0,5,1266,138,5,9,68,15,3,94
3139805001001,31065,Juiz de Fora,3580,1,13,40,2,1,0,8,61,705,17,1,228,2613,44,40,1,13,1336,2208,10750,6301,1904,47,2345,1,10538,3536,2167,2337,1174,197,83,151,41,386,14,189,15,178,29,32,4,5873554,3030,43,6,83,9,6,0,0,0,0,0,1,1,0,0,2762,428,236,90,9,4,3190,326,13,0,157,264,12,434
3139904001001,31056,Itajubá,2296,13,22,35,6,4,0,12,100,263,16,3,378,1098,69,32,21,33,750,1551,8383,5844,427,53,2057,2,8326,2299,1553,2434,930,84,93,91,30,472,9,156,0,145,5,22,3,3701273,640,59,4,7,0,0,1,1,2,1,2,12,10,0,0,1370,762,62,87,0,3,2132,149,3,11,193,66,5,276
3140001003001,31033,Ouro Preto,5520,8,230,108,2,114,2,20,83,1025,6,13,259,3367,19,44,22,52,2141,3385,19333,6083,4032,487,8688,43,19184,5525,3549,4961,2558,244,147,196,43,802,11,520,4,408,41,160,5,10460883,6495,140,11,39,278,60,1,1,2,4,5,7,6,1,0,2701,1554,640,579,1,13,4255,1219,14,21,345,222,41,628
3140001003002,31033,Ouro Preto,8558,13,296,258,1,12,3,91,104,1655,22,31,429,5317,58,109,34,254,3679,4882,28309,8913,4352,701,14257,81,28206,8560,5196,6894,3541,348,197,467,68,1105,30,812,12,567,58,316,3,16784766,950,304,21,63,254,84,3,4,12,7,6,10,6,3,1,4737,2035,837,914,2,22,6772,1751,24,41,607,485,7,1141
3140100001001,31037,Governador Valadares,1079,5,13,209,8,27,1,5,1,158,3,2,4,458,12,27,11,9,504,577,3423,529,423,31,2438,2,3417,1081,589,785,541,51,13,33,6,185,8,61,2,47,9,9,2,1000549,510,93,0,9,8,0,0,0,4,0,2,5,4,0,0,417,347,100,212,1,2,764,312,3,6,47,11,0,63
3140159001001,31030,Belo Horizonte,3629,9,19,84,7,4,0,19,178,482,60,8,698,1632,184,7,16,55,1080,2552,12458,4270,1568,129,6443,48,12449,3632,2419,3415,1463,372,95,92,29,461,5,190,1,181,33,65,3,5502187,2653,114,15,100,644,82,0,1,4,1,5,6,0,3,0,481,1163,507,1285,2,29,1644,1792,31,12,212,63,12,298
3140209001001,31065,Juiz de Fora,724,1,0,0,0,0,1,0,9,120,1,0,30,424,5,3,4,0,217,511,2266,1251,305,57,653,0,2261,728,491,534,245,22,22,25,9,111,1,33,0,27,3,15,4,1032002,5100,26,1,12,0,0,0,0,0,0,1,1,0,0,0,485,19,204,16,0,0,504,220,0,4,57,26,7,94
3140308001001,31039,Ipatinga,870,1,86,8,0,1,0,5,10,152,3,1,41,511,10,21,2,17,264,613,2844,894,396,67,1486,1,2823,876,609,728,295,61,31,17,4,137,1,39,0,33,0,9,6,1126798,5804,40,4,27,0,0,0,0,1,0,1,1,0,0,0,270,150,171,130,0,0,420,301,0,22,70,35,3,130
3140407001001,31056,Itajubá,481,0,0,10,0,0,0,2,11,36,3,2,32,92,10,13,0,6,155,330,1557,1239,9,2,307,0,1549,484,342,467,131,6,9,9,3,66,0,23,0,13,0,1,3,610015,3310,14,2,3,4,0,0,0,0,0,0,0,0,0,0,266,51,81,80,0,1,317,161,1,3,28,0,0,32
3140506001001,31026,Bom Despacho,3540,8,180,205,4,13,0,7,164,588,14,4,548,1867,41,21,16,8,1178,2363,11010,6059,562,95,4217,57,10916,3540,2250,2865,1145,162,59,120,24,398,2,175,6,143,7,25,6,5418072,4150,95,5,183,391,72,0,3,6,2,4,8,3,2,3,631,943,722,1139,0,52,1574,1861,52,6,182,151,0,339
3140530001001,31061,Manhuaçu,959,3,624,13,3,10,0,4,11,230,22,0,38,826,84,17,6,11,287,675,2927,1381,217,12,1316,1,2917,961,651,778,308,43,13,27,7,79,2,17,2,23,5,2,2,1335101,2200,15,2,3,0,0,0,0,1,1,1,3,1,0,0,52,652,18,235,0,2,704,253,2,0,17,50,0,67
3140555001001,31014,Almenara,1807,10,25,9,0,14,0,22,50,211,5,1,210,670,10,9,26,75,848,960,6388,1435,199,49,4704,1,6387,1808,1097,1471,862,72,97,182,25,404,9,178,8,119,13,37,1,1810118,800,66,5,25,1,0,0,3,5,3,3,10,8,0,0,765,800,117,122,1,0,1565,239,1,11,152,16,0,178
3140605001001,31035,Guanhães,590,3,486,64,1,10,0,7,12,84,1,1,37,271,6,15,17,29,253,340,2011,281,337,15,1372,6,2005,593,320,475,349,29,11,18,6,124,3,26,0,43,7,5,3,574121,1810,20,2,44,6,0,0,3,3,2,1,3,2,0,0,178,253,53,104,0,2,431,157,2,1,42,9,0,53
3140704003001,31030,Belo Horizonte,4088,9,38,300,8,20,1,25,418,483,80,17,1357,1593,237,99,32,104,1375,2719,13668,5155,1168,129,7207,9,13598,4094,2646,3383,1700,307,113,101,37,665,10,182,5,291,35,59,6,6489666,31365,102,23,166,157,16,1,7,8,8,8,9,1,1,0,932,1421,453,1157,16,77,2353,1610,93,0,267,119,0,386
3140704003002,31030,Belo Horizonte,3448,5,3,252,6,7,0,11,46,573,77,15,144,1805,251,19,8,19,1350,2099,11011,4854,813,192,5143,9,11005,3449,2172,2761,1322,148,87,172,28,426,5,201,4,159,12,60,1,6246261,0,100,0,88,122,14,0,3,4,3,4,4,1,0,0,1179,1354,286,439,15,88,2533,725,103,0,171,91,20,282
3140803001001,31065,Juiz de Fora,4100,3,65,55,3,1,1,11,59,547,122,13,194,2197,377,28,3,19,1429,2677,12944,6343,1745,36,4808,0,12878,4104,2562,2988,1596,170,148,148,41,660,17,202,6,190,21,29,6,7063643,3800,81,28,49,1,2,0,0,2,0,2,2,0,0,0,1816,858,750,471,13,33,2674,1221,46,21,344,155,17,537
3140852001001,31003,Januária,1273,60,25,300,1,96,0,28,7,180,5,37,27,662,26,11,219,106,508,768,5136,950,1101,16,3059,9,5131,1275,850,1392,745,150,64,38,7,386,9,59,1,103,28,21,2,1475845,200,65,9,92,75,10,8,47,50,43,60,60,23,1,4,2,16,273,976,0,6,18,1249,6,22,143,15,5,185
3140902001001,31061,Manhuaçu,3967,12,1243,84,2,112,10,19,24,626,5,8,90,2430,21,25,35,42,1267,2712,13832,4485,1434,73,7838,2,13766,3977,2682,4038,1559,224,112,108,42,633,21,168,2,177,25,28,10,5127101,63830,116,5,68,48,9,0,6,6,4,12,12,5,0,0,667,2563,79,641,0,17,3230,720,17,34,215,96,19,364
3141009001001,31004,Janaúba,3021,37,1,162,1,58,0,20,23,309,27,29,76,909,86,13,108,40,1091,1936,9459,4053,660,23,4722,1,9436,3025,1925,2433,1085,122,84,49,21,458,12,86,1,94,16,24,4,3103614,4910,55,7,44,466,57,4,8,21,15,27,28,7,6,4,22,37,917,1940,0,28,59,2857,28,29,133,40,0,201
3141108003001,31027,Sete Lagoas,8980,9,62,57,0,6,0,15,339,1227,41,4,1441,4085,114,68,25,41,3515,5469,30877,8563,2814,321,19133,46,30801,8984,5905,8351,3714,375,301,336,81,1480,36,539,17,552,58,67,4,16618795,2928,216,5,170,226,34,0,1,4,3,7,9,5,0,0,2854,3290,1078,1748,1,2,6144,2826,3,0,738,154,42,934
3141207001001,31020,Patos de Minas,1021,0,2,13,0,0,0,0,82,120,2,3,248,315,3,71,0,0,429,587,2693,2029,146,7,489,0,2661,1013,593,578,256,32,4,24,6,92,0,39,0,15,4,4,1,1635543,1000,43,1,1,1,1,0,0,0,0,0,0,0,0,0,420,499,34,51,1,2,919,85,3,0,18,18,0,35
3141306001001,31042,Piuí,636,0,4,8,0,0,0,0,12,120,2,1,41,381,8,0,0,0,136,504,1948,1187,98,5,658,0,1934,638,462,539,143,43,7,11,5,45,0,17,0,19,0,10,2,1172042,1663,8,0,11,0,0,0,0,0,0,0,0,0,0,0,582,10,42,1,1,0,592,43,1,4,27,19,3,52
3141405001001,31013,Pedra Azul,4435,32,258,167,0,65,5,18,53,875,19,7,183,2927,53,60,84,43,1822,2619,15092,3998,835,45,10209,5,15048,4439,2619,3589,2030,235,162,179,32,1025,54,293,18,284,3,73,4,5134322,1190,259,8,297,183,34,8,16,15,21,32,32,18,8,10,2003,1781,79,565,0,7,3784,644,7,22,290,178,0,490
3141504001001,31038,Mantena,1162,3,248,50,0,2,1,5,11,239,11,13,32,701,21,11,16,12,415,739,3455,1233,207,25,1965,0,3422,1154,748,712,368,90,24,34,10,172,1,38,1,47,11,11,1,1370358,400,40,2,52,1,0,1,3,2,3,3,3,1,0,0,641,265,151,81,5,10,906,232,15,16,57,58,7,138
3141603001001,31064,Ubá,2392,3,105,25,2,1,0,8,27,394,6,4,89,1325,17,25,3,11,917,1478,7256,4317,537,25,2377,0,7226,2395,1427,1725,889,91,58,72,18,263,11,135,7,92,10,26,3,3306445,1112,96,6,11,0,0,0,0,3,2,2,3,3,0,0,1217,829,185,104,1,5,2046,289,6,5,111,57,0,173
3141702001001,31039,Ipatinga,1122,0,544,161,1,9,0,1,1,135,4,5,3,457,11,4,0,1,373,753,3819,1135,225,3,2456,0,3805,1126,764,1084,427,66,33,37,10,150,2,68,2,44,3,2,4,1573159,4345,69,3,14,0,0,0,0,0,0,0,0,0,0,0,368,296,238,213,3,4,664,451,7,0,70,57,0,127
3141801001001,31011,Capelinha,3336,29,495,382,7,2,0,27,57,576,11,101,217,1746,52,33,93,93,1535,1809,12584,3251,1437,173,7714,9,12471,3338,2028,3517,1952,175,90,84,26,662,8,269,5,205,27,60,2,4642553,5560,118,7,99,0,0,11,17,20,18,21,29,29,0,0,756,576,1195,708,23,78,1332,1903,101,23,284,55,10,372
3141900001001,31055,Andrelândia,1005,1,480,31,0,3,0,4,47,134,6,0,164,385,15,9,1,11,338,674,3396,1392,649,26,1320,9,3365,1012,628,919,437,39,24,14,8,180,5,33,1,31,4,48,7,1345226,13656,52,3,22,0,0,1,1,1,1,1,1,1,0,0,357,560,25,56,0,0,917,81,0,3,77,22,2,104
3142007001001,31007,Montes Claros,2854,95,232,517,13,96,0,81,5,306,1,18,15,951,4,8,300,243,972,1887,10028,2581,720,77,6644,6,9999,2859,1843,2854,1174,101,97,60,16,660,22,137,2,156,7,8,5,2767282,4220,156,8,74,827,100,23,73,90,80,94,95,35,31,5,21,26,651,2130,3,19,47,2781,22,3,209,53,18,283
3142106001001,31063,Muriaé,1895,1,34,11,1,2,0,4,11,473,8,5,51,1538,19,15,1,7,747,1149,5671,3115,429,14,2106,7,5630,1896,1135,1250,630,113,33,70,18,224,7,121,3,87,11,24,1,2611722,700,80,3,29,0,0,0,1,1,1,1,1,1,0,0,530,1141,97,117,0,6,1671,214,6,4,66,119,0,189
3142205001001,31063,Muriaé,3233,0,498,18,0,4,1,4,24,679,19,2,91,2304,68,25,0,9,1067,2172,10403,5635,1200,102,3464,2,10323,3239,2131,2567,1101,178,105,132,37,416,8,192,3,189,13,16,6,5230482,6380,63,10,15,0,0,0,0,0,0,0,0,0,0,0,2671,415,96,47,0,4,3086,143,4,5,191,61,34,291
3142254001001,31003,Januária,294,5,244,24,0,6,0,2,1,33,1,3,5,112,5,7,23,13,127,169,1079,361,256,33,425,4,1072,296,201,320,131,6,11,5,2,76,1,11,0,6,0,13,2,322921,134,12,2,10,0,0,1,4,4,4,5,5,1,0,0,10,0,244,37,1,2,10,281,3,6,26,11,3,46
3142304001001,31032,Itaguara,602,2,44,43,0,0,0,1,0,98,6,14,0,331,18,4,5,2,223,380,1789,903,137,30,711,8,1787,603,347,417,179,31,11,34,9,63,0,54,1,28,5,3,1,1002226,1500,12,2,7,0,0,1,2,2,2,2,2,0,0,0,161,213,75,125,0,28,374,200,28,3,35,31,3,72
3142403001001,31026,Bom Despacho,1941,3,0,23,0,4,0,4,44,306,6,2,147,1004,14,6,3,8,729,1220,6040,3538,309,13,2173,7,6017,1949,1238,1588,624,96,21,65,8,236,4,98,1,87,10,10,8,3575851,8098,23,1,8,3,0,0,1,1,1,3,3,0,0,0,586,865,53,434,0,1,1451,487,1,10,68,52,8,138
3142502001001,31025,Curvelo,401,8,327,68,1,4,0,1,4,35,1,1,13,93,7,16,18,7,141,261,1403,246,132,6,1018,1,1402,402,231,345,222,22,12,8,2,85,5,23,0,24,5,13,1,460621,966,8,0,9,3,3,0,6,6,4,8,8,4,0,0,9,10,148,233,0,1,19,381,1,2,38,1,1,43
3142601001001,31050,Varginha,1897,0,0,12,1,0,0,2,132,399,7,0,456,1335,20,5,0,2,477,1424,6133,4177,222,9,1725,0,6102,1899,1334,1739,503,88,49,58,19,210,3,100,0,50,27,25,2,3230415,1020,18,5,12,2,1,0,0,0,0,0,0,0,0,0,942,934,3,15,0,3,1876,18,3,3,81,60,13,157
3142700001001,31003,Januária,2921,66,79,391,2,28,0,31,26,385,12,21,93,1285,41,27,240,82,1113,1814,10239,3392,683,88,6073,3,10210,2927,1961,2854,1130,144,88,85,28,597,14,158,9,135,5,65,6,3152840,5052,178,17,201,47,4,18,64,65,64,66,66,40,1,0,28,68,822,1958,4,18,96,2780,22,163,173,31,19,387
3142809001001,31018,Uberlândia,4970,6,171,44,4,1,0,13,224,1091,32,1,669,3104,88,11,14,18,1837,3153,14506,8768,1618,71,3994,14,14313,4987,3102,3022,1495,228,91,192,51,602,24,163,16,224,63,104,30,7684808,17317,174,3,19,9,6,0,0,1,0,2,6,1,0,0,3663,736,89,38,0,4,4399,127,4,50,193,159,5,408
3142908001001,31004,Janaúba,3927,29,25,125,2,15,0,24,10,610,17,31,40,1909,62,59,100,65,1180,2756,12418,5080,349,67,6922,0,12372,3935,2697,3221,1252,186,117,89,23,516,11,130,5,142,10,25,8,4455463,5105,81,23,128,201,29,2,17,20,17,28,29,14,7,1,313,258,1013,2302,0,24,571,3315,24,39,246,97,23,405
3143005001001,31048,São Sebastião do Paraíso,2913,2,31,22,0,3,0,2,150,510,2,0,492,1587,7,25,2,3,1032,1890,9058,6808,242,56,1944,8,8953,2922,1883,2327,911,87,47,120,29,298,5,166,2,148,23,18,9,4599140,13305,44,9,29,22,3,0,1,2,1,2,2,1,0,1,583,2084,59,177,0,1,2667,236,1,15,91,107,19,232
3143104003001,31019,Patrocínio,6123,4,25,29,1,19,0,11,536,1393,42,3,1707,4401,133,13,11,30,1940,4197,19058,10816,1304,153,6744,41,18986,6137,4030,4487,2095,371,107,204,48,821,29,277,6,287,14,84,14,9633150,7803,135,0,14,5,0,0,0,0,0,3,3,0,0,0,3528,2175,106,142,2,4,5703,248,6,11,327,182,59,579
3143104003002,31019,Patrocínio,6984,4,19,43,3,3,0,6,576,1428,36,4,1928,4324,102,17,6,9,2503,4487,21042,12526,1292,274,6934,16,20910,6990,4405,5069,2157,342,112,232,82,825,18,299,8,262,22,85,6,12372827,5287,234,4,14,3,0,0,0,0,0,3,3,0,0,0,5673,893,293,92,3,1,6566,385,4,9,345,228,56,638
3143153001001,31014,Almenara,472,4,277,5,0,3,0,7,3,82,0,1,8,248,0,5,12,19,188,286,1700,463,63,11,1163,0,1696,474,315,547,167,27,9,7,3,90,1,23,1,23,8,4,2,464986,1220,17,8,11,5,0,1,1,4,3,4,4,1,0,0,157,230,35,50,0,0,387,85,0,0,25,15,7,47
3143203001001,31048,São Sebastião do Paraíso,5584,0,4,3,0,1,0,7,185,1431,24,0,618,4240,78,40,0,11,2064,3523,16423,10959,658,81,4716,9,16267,5584,3467,3827,1459,206,89,338,78,522,6,393,9,191,9,67,0,9226528,0,140,21,90,55,24,0,0,0,0,0,0,0,0,0,2913,2610,11,25,0,0,5523,36,0,0,208,201,11,420
3143302005001,31007,Montes Claros,4798,5,170,3,0,2,0,4,23,876,11,0,170,4581,34,29,10,10,2486,2324,14763,7066,812,129,6723,33,14623,4801,2114,2802,1909,102,115,221,31,709,21,670,10,523,38,364,3,14294384,2310,151,1,24,27,7,0,0,0,0,5,5,3,0,0,2865,1628,159,145,1,0,4493,304,1,22,270,226,51,568
3143302005002,31007,Montes Claros,4227,7,7,10,0,2,0,3,41,806,34,3,216,3826,119,42,10,5,2007,2227,13526,5577,742,124,7062,21,13485,4231,2133,2973,1797,71,96,212,16,606,22,493,6,392,43,233,4,11239046,6540,142,6,22,7,2,0,0,0,0,6,7,4,0,1,2273,1816,70,54,0,7,4089,124,7,12,287,309,12,620
3143302005003,31007,Montes Claros,4513,12,2,2,1,4,0,3,79,850,12,3,632,3284,48,19,19,3,1843,2677,15240,5630,921,117,8538,34,15213,4517,2508,3796,1950,137,129,139,32,782,15,491,4,433,51,159,4,9904253,4050,118,1,30,65,37,4,4,7,6,12,12,7,0,0,2094,2259,77,77,0,4,4353,154,4,11,336,243,17,608
3143302005004,31007,Montes Claros,4258,5,3,15,0,6,0,6,80,670,13,2,368,2861,48,10,15,9,1659,2605,14085,6765,671,170,6473,6,14030,4263,2480,3582,1610,106,100,163,32,505,14,386,5,339,62,162,5,16860160,3920,99,10,79,48,25,1,5,5,3,5,5,4,0,0,2806,1181,115,155,1,0,3987,270,1,5,254,167,26,452
3143302005005,31007,Montes Claros,4769,15,243,15,0,0,0,6,298,603,7,3,2089,2679,24,53,31,29,1572,3202,15977,8452,637,179,6698,11,15945,4773,3224,4661,1435,123,97,213,40,398,10,302,6,225,29,128,4,25674382,2040,63,1,80,24,14,2,2,2,2,15,15,2,0,0,2844,1252,513,156,2,2,4096,669,4,10,183,49,0,242
3143302005006,31007,Montes Claros,4785,11,214,0,0,1,0,5,68,925,13,0,323,3725,52,22,22,9,2085,2707,15602,7588,700,120,7179,15,15549,4792,2670,3674,2021,118,135,177,42,695,16,421,6,366,74,185,7,17367518,11880,97,30,4,42,14,0,0,0,0,11,11,11,0,0,2677,1846,140,122,0,0,4523,262,0,9,376,196,19,599
3143302005007,31007,Montes Claros,4151,15,5,4,0,2,0,9,86,735,11,0,335,2466,34,30,40,22,1660,2500,14822,4263,1171,152,9181,55,14783,4160,2589,3886,1886,199,143,174,32,812,17,410,12,344,15,106,9,5869385,5920,77,1,36,15,7,0,0,0,0,15,15,11,0,1,1678,1939,164,157,0,0,3617,321,0,8,317,155,37,516
3143302005008,31007,Montes Claros,4723,4,2,8,0,0,0,15,130,681,4,0,777,2499,17,53,10,61,1883,2851,16801,5058,1361,163,10192,27,16777,4734,2964,4547,2285,197,151,141,38,832,7,393,4,378,30,85,11,7301907,8946,98,5,63,86,9,0,1,0,0,4,4,2,0,1,1893,2588,91,151,0,0,4481,242,0,27,335,161,33,556
3143302005009,31007,Montes Claros,4606,7,21,4,0,0,0,8,97,1002,4,1,357,3463,11,35,9,12,2015,2598,15522,5094,1244,173,8998,13,15510,4613,2662,3766,2109,160,133,226,27,778,11,450,9,380,44,118,7,8608662,5280,166,13,23,55,14,0,0,3,2,7,7,4,0,1,2260,2234,61,51,0,0,4494,112,0,50,359,220,18,648
3143302005010,31007,Montes Claros,4180,4,4,3,0,0,0,6,70,795,12,0,248,2906,36,30,9,9,1521,2663,14770,4520,1102,169,8739,18,14542,4184,2551,3639,1863,128,171,146,33,845,16,390,7,398,30,124,4,7272744,2130,84,2,8,61,9,0,0,0,0,3,4,1,0,0,2222,1693,137,128,0,0,3915,265,0,12,330,276,20,639
3143302005011,31007,Montes Claros,4949,14,5,35,1,14,0,18,122,727,17,4,465,2399,64,56,35,41,1757,3204,17596,4735,1438,174,11224,25,17539,4960,3289,4968,2107,299,171,130,39,840,28,330,1,306,11,69,11,6812239,8100,120,10,146,88,12,2,7,11,8,14,14,9,1,0,1324,3189,126,295,0,1,4513,421,1,10,311,95,47,463
3143302005012,31007,Montes Claros,4104,25,11,70,1,4,0,24,65,570,14,9,246,2001,56,32,63,63,1426,2687,14691,3657,1484,197,9336,17,14665,4113,2756,4206,1864,277,121,128,29,569,10,256,5,253,36,49,9,5029485,5140,71,6,138,2,0,6,20,21,20,22,25,15,3,3,1038,2641,52,355,0,12,3679,407,12,0,343,146,41,531
3143302005013,31007,Montes Claros,5654,15,11,19,0,10,0,8,252,724,16,5,913,2413,51,62,36,15,1866,3797,20454,5705,1877,223,12584,65,20436,5663,3820,5871,2474,277,219,138,40,1046,18,336,4,411,32,81,9,8156203,9180,147,8,224,134,12,0,7,8,7,14,15,12,1,1,1610,3799,51,183,0,6,5409,234,6,17,464,57,36,574
3143302005014,31007,Montes Claros,4645,13,1,10,0,4,0,21,97,682,5,3,381,2298,24,10,46,55,1567,3085,16811,4289,1308,116,11084,14,16788,4652,3107,4871,1893,186,173,239,30,804,12,417,12,324,25,54,7,5874113,3040,145,7,81,27,5,0,1,1,1,10,10,2,0,0,1680,2612,108,174,0,1,4292,282,1,9,274,153,30,466
3143302005015,31007,Montes Claros,4241,9,10,4,0,1,0,4,216,716,10,0,765,2502,41,40,20,7,1480,2769,14754,4551,1062,86,9040,15,14734,4249,2817,3980,1690,173,135,182,26,663,17,365,5,330,21,82,8,7332975,10382,94,7,99,43,9,0,1,2,1,9,9,2,0,0,1633,2248,159,197,0,1,3881,356,1,9,275,176,23,482
3143302005016,31007,Montes Claros,4378,9,7,26,0,3,0,15,273,568,4,3,961,1852,9,5,25,38,1099,3284,15692,4141,1308,164,10048,31,15638,4383,3193,4795,1483,270,123,103,39,632,3,256,6,292,17,50,5,5390936,3410,77,7,290,56,2,0,8,8,7,5,9,7,1,1,1661,2419,68,225,1,4,4080,293,5,23,230,78,35,366
3143302005017,31007,Montes Claros,4400,18,3,7,0,15,1,18,48,720,9,0,175,2323,30,23,45,65,1579,2824,16153,4764,1426,129,9809,25,16144,4403,2783,4500,2121,167,188,153,37,1013,34,313,5,339,26,53,3,6030933,2130,69,13,50,46,14,3,5,6,6,18,18,15,0,3,2258,1832,122,174,0,13,4090,296,13,9,453,147,26,635
3143302005018,31007,Montes Claros,5875,42,311,65,0,27,0,41,509,686,24,13,1775,2275,72,36,133,114,1909,3979,21978,5586,1949,317,14050,74,21564,5887,4147,6470,2486,393,179,183,49,959,13,347,4,331,57,74,13,7836540,12240,110,18,384,53,11,3,37,41,40,42,42,31,2,5,1569,3579,103,588,5,27,5148,691,32,0,467,73,56,596
3143302005019,31007,Montes Claros,4773,40,5,88,0,4,2,30,74,642,12,8,277,2174,41,19,94,95,1654,3129,17154,4461,1455,262,10940,36,17116,4783,3219,4982,1978,224,183,129,38,799,14,322,5,324,36,86,10,6353160,6403,157,15,99,61,17,2,11,19,11,30,27,13,1,1,1686,2457,144,278,0,7,4143,422,7,12,335,96,18,460
3143302005020,31007,Montes Claros,4507,13,12,9,0,7,0,14,42,675,6,4,167,2165,27,20,38,44,1568,2943,16202,4358,1609,276,9932,27,16197,4511,2851,4461,2105,207,167,100,31,958,36,348,3,300,51,67,4,4970817,2510,156,11,17,21,3,1,1,6,6,7,8,7,0,0,1602,1948,53,104,0,1,3550,157,1,41,445,139,23,648
3143302005021,31007,Montes Claros,4265,22,3,44,0,1,0,14,89,521,12,22,332,1740,44,10,61,30,1445,2829,15788,4046,1403,215,10092,32,15738,4267,2914,4634,1763,223,134,207,27,693,16,413,6,329,25,73,2,5762614,910,87,5,48,216,19,0,7,8,5,20,22,1,7,7,1105,2834,56,244,1,25,3939,300,26,0,385,84,31,501
3143302005022,31007,Montes Claros,1771,33,0,801,5,90,0,13,2,114,3,778,4,376,9,5,103,26,590,1181,6046,1056,580,47,4362,1,6046,1771,1126,1827,666,71,46,43,8,305,15,77,3,76,2,9,0,1534890,0,68,4,69,75,1,5,30,33,32,33,33,16,0,2,202,595,17,363,5,587,797,380,592,82,134,10,0,226
3143401001001,31051,Poços de Caldas,5366,1,75,21,2,0,0,6,394,1484,66,7,1356,5358,225,24,4,8,2033,3346,16268,12727,499,94,2944,4,16174,5377,3544,3939,1598,165,115,322,68,378,8,342,15,201,35,77,11,11552646,21470,52,49,14,24,3,0,0,0,0,1,1,0,0,0,3407,1636,159,139,7,11,5043,298,18,50,298,253,42,643
3143450001001,31005,Salinas,855,1,443,51,4,21,0,2,23,58,0,1,74,203,3,0,3,4,220,638,3079,1229,151,3,1696,0,3074,858,581,1037,303,26,29,9,8,126,4,40,0,29,4,13,3,1018520,4260,48,4,15,8,1,0,0,0,0,1,1,0,0,0,216,277,94,265,0,3,493,359,3,3,58,0,0,61
3143500001001,31024,Três Marias,2177,7,1,71,0,21,0,7,190,295,13,19,592,857,36,20,16,11,813,1380,6457,3227,439,55,2734,2,6396,2189,1303,1439,836,101,23,51,10,244,3,77,2,100,14,29,12,3360107,9647,69,5,27,20,3,1,4,4,4,7,7,3,0,1,41,21,1120,964,1,26,62,2084,27,18,75,57,2,152
3143609001001,31025,Curvelo,465,2,0,53,0,0,0,1,2,57,1,0,6,142,2,0,5,1,211,254,1522,253,152,21,1096,0,1520,465,264,331,313,2,6,14,2,73,0,29,3,10,0,5,0,491257,0,29,3,17,0,0,0,2,2,2,2,2,1,0,0,49,252,20,143,0,0,301,163,0,0,7,17,0,24
3143708001001,31028,Conceição do Mato Dentro,793,1,0,99,1,39,1,13,3,67,6,2,14,199,15,9,1,35,302,491,2581,585,421,82,1493,0,2581,793,474,705,320,14,25,19,6,102,0,48,2,49,8,8,0,966545,0,26,2,8,9,1,0,0,1,0,1,1,1,0,0,134,265,119,273,0,2,399,392,2,10,35,15,0,60
3143807001001,31052,Pouso Alegre,1052,1,147,0,0,0,0,2,4,179,3,0,14,528,7,0,6,4,370,684,3319,2653,55,32,578,1,3310,1052,693,810,388,58,28,37,7,154,3,41,1,31,2,4,0,1335965,0,42,3,58,79,20,0,0,1,0,1,1,1,0,0,233,419,26,373,0,0,652,399,0,0,62,46,10,118
3143906003001,31063,Muriaé,4254,1,7,26,0,0,0,8,293,569,21,1,1272,2811,70,25,1,18,1430,2827,13686,7947,1443,98,4186,12,13282,4257,2843,3452,1262,206,101,174,61,355,4,218,4,212,18,83,3,11490329,2154,56,6,19,22,8,0,0,0,0,0,1,0,0,0,3641,360,210,32,3,8,4001,242,11,0,178,316,0,494
3143906003002,31063,Muriaé,2133,3,58,25,3,7,0,4,8,483,6,1,17,1418,24,6,8,11,617,1517,6411,3051,630,47,2682,1,6405,2133,1463,1695,558,101,33,72,32,162,3,67,2,61,8,15,0,2549733,0,33,7,90,0,0,0,2,3,1,1,3,2,0,0,962,514,304,346,2,4,1476,650,6,0,60,26,20,107
3143906003003,31063,Muriaé,6286,8,157,6,0,8,1,16,90,1189,19,3,415,5060,55,33,12,38,2226,4063,18749,9689,2459,173,6413,15,18744,6289,3813,4124,2147,340,157,218,74,792,15,301,6,321,27,101,3,10859989,2040,141,5,7,11,2,0,1,2,2,5,8,1,0,0,4502,1156,472,136,1,2,5658,608,3,5,329,362,24,720
3143906003004,31063,Muriaé,8701,0,58,8,3,3,0,1,312,1622,30,1,1205,6861,111,30,0,1,3055,5652,26190,16261,1868,200,7833,28,26061,8707,5704,6232,2509,324,213,357,89,836,17,399,9,386,27,204,6,20308577,7100,121,23,6,51,26,0,0,0,0,0,0,0,0,0,6716,1798,126,27,6,0,8514,153,6,19,348,607,0,974
3143906003005,31063,Muriaé,9039,14,58,76,1,0,0,23,539,1965,56,10,1865,7248,215,33,33,46,2680,6367,28189,13971,2136,185,11881,16,28137,9047,6023,6949,2961,562,245,273,100,963,29,346,12,412,67,141,8,14385335,6030,168,34,78,1,8,3,2,8,2,5,14,5,0,0,6450,1764,581,183,6,45,8214,764,51,20,403,371,57,851
3144003003001,31041,Aimorés,2265,8,284,156,3,4,1,7,59,487,11,5,190,1515,40,2,16,21,856,1410,6897,2496,655,34,3703,2,6846,2266,1439,1522,754,147,48,105,35,247,7,127,4,110,23,19,4,2526796,3220,100,13,89,7,0,1,4,7,4,6,8,6,0,0,1385,373,310,186,7,1,1758,496,8,11,50,153,4,218
3144003003002,31041,Aimorés,2327,1,19,292,1,14,1,7,53,479,20,37,204,1828,79,37,1,17,749,1582,6893,3022,339,42,3487,3,6858,2330,1490,1644,696,111,35,53,27,239,6,84,0,85,12,44,3,3577246,1530,130,12,141,42,7,0,0,0,0,1,1,0,0,0,865,771,114,517,14,46,1636,631,60,0,106,78,15,199
3144102001001,31048,São Sebastião do Paraíso,5116,1,16,17,2,4,0,13,455,1017,17,2,1571,3035,52,40,1,25,1609,3510,15729,12659,673,51,2329,17,15620,5119,3262,3973,1597,216,107,159,49,578,8,265,8,198,24,50,3,10007766,9030,109,10,36,7,2,0,0,0,0,0,1,0,0,0,4191,812,46,56,2,8,5003,102,10,0,260,152,16,429
3144201001001,31037,Governador Valadares,594,16,0,65,0,2,0,3,0,70,2,4,0,219,7,1,49,10,284,317,1979,514,141,15,1309,0,1960,601,370,494,261,32,14,15,4,110,3,24,1,33,0,9,7,784675,3054,24,0,6,1,0,0,2,11,2,8,13,2,0,0,166,164,41,47,1,4,330,88,5,12,42,7,3,64
3144300003001,31016,Nanuque,6302,62,42,216,1,65,0,25,165,1183,20,17,571,3800,73,68,146,68,2397,3912,20197,5385,1950,157,12653,52,20075,6308,3879,4292,2560,471,185,207,69,1194,59,322,15,341,41,116,6,10386530,4942,142,17,166,226,66,4,24,56,26,54,62,9,8,3,1794,3499,320,661,8,20,5293,981,28,11,436,353,19,818
3144300003002,31016,Nanuque,5294,86,53,237,1,59,3,44,288,919,23,32,903,2741,65,65,194,88,1991,3307,16592,4370,1472,121,10580,49,16526,5297,3181,3590,2059,404,140,173,51,917,32,236,4,294,55,80,3,8564083,1250,188,7,246,120,13,8,30,73,31,55,83,11,18,17,2015,1743,831,658,17,15,3758,1489,32,16,357,105,13,492
3144359001001,31039,Ipatinga,1718,4,0,124,0,6,2,7,5,287,7,1,25,1071,22,3,13,14,684,1042,5961,1452,799,16,3694,0,5945,1723,1196,1617,782,89,32,50,13,272,6,73,7,74,16,2,5,2114566,11460,60,5,106,25,3,0,2,4,1,2,4,0,0,1,301,1040,38,335,1,3,1341,373,4,3,93,69,8,173
3144375001001,31001,Unaí,801,3,81,28,0,0,0,4,25,152,1,1,71,449,4,0,5,12,305,497,2471,834,139,30,1468,0,2447,802,492,569,309,75,13,17,5,101,2,31,0,23,0,11,1,934588,1530,21,1,77,0,0,0,3,3,3,3,3,0,0,0,38,499,22,239,0,3,537,261,3,3,42,16,3,64
3144409001001,31053,Santa Rita do Sapucaí,963,0,0,0,0,0,0,0,76,135,3,0,266,361,14,0,0,0,282,682,2760,2249,128,3,379,1,2721,964,597,692,226,14,17,23,3,71,1,77,2,26,2,6,1,1559817,2000,17,4,3,0,0,0,0,0,0,0,0,0,0,0,283,479,117,83,0,0,762,200,0,0,25,15,0,40
3144508001001,31058,São João del Rei,1874,3,40,14,0,2,0,3,7,278,3,0,24,845,13,11,7,10,633,1243,6046,2799,573,8,2662,4,6041,1876,1174,1471,846,66,36,77,11,265,5,104,2,83,4,24,2,2563008,2375,85,6,3,6,0,0,0,0,1,3,3,1,0,0,1052,519,184,119,0,0,1571,303,0,5,129,69,3,207
3144607001001,31057,Lavras,6126,16,12,42,1,1,1,17,326,861,42,0,1175,2718,136,29,38,43,2239,3891,19936,10055,2497,481,6874,21,19800,6129,3926,5383,2139,228,125,264,65,893,19,323,8,244,20,31,6,9065952,5150,145,4,10,27,3,1,1,4,1,11,16,11,1,3,3425,2534,54,103,0,7,5959,157,7,27,356,173,11,567
3144656001001,31005,Salinas,764,5,546,28,0,6,0,9,1,90,2,2,5,303,5,0,15,29,240,527,2623,951,89,3,1580,0,2614,764,512,732,354,37,23,13,6,74,4,21,1,19,8,44,0,693047,0,106,9,20,8,5,4,1,4,1,5,5,5,0,0,118,48,370,215,0,2,166,585,2,14,47,0,0,60
3144672001001,31038,Mantena,442,7,2,17,1,8,1,5,4,94,2,0,9,256,5,7,17,13,121,315,1348,400,82,133,709,0,1324,434,290,303,134,29,8,8,5,67,3,14,1,19,2,6,0,421160,0,11,11,32,3,4,2,7,7,7,7,7,2,0,0,245,107,27,38,0,2,352,65,2,0,26,7,0,32
3144706001001,31031,Itabira,4604,9,47,37,0,1,1,14,107,679,30,7,477,2534,104,54,24,33,1654,2954,15420,4582,2679,307,7843,9,15386,4608,2918,4037,1885,212,137,120,44,790,14,279,3,269,36,31,4,8359219,2633,140,23,40,1,0,1,1,4,1,4,9,9,0,0,2289,1777,161,363,1,3,4066,524,4,32,387,170,31,619
3144805003001,31030,Belo Horizonte,4165,0,222,9,6,2,0,3,116,987,219,5,465,3413,902,29,0,10,1180,2999,13473,5789,768,59,6845,12,13396,4174,2876,3492,1200,152,95,145,27,317,2,251,3,400,61,149,9,25408955,10120,83,19,233,273,101,0,0,0,0,0,0,0,0,0,1774,750,507,333,0,0,2524,840,0,34,127,235,66,462
3144805003002,31030,Belo Horizonte,4403,1,7,0,0,0,0,2,16,657,14,0,60,2049,75,30,1,3,1886,2517,14558,5315,1544,115,7578,6,14424,4403,2441,3271,2252,98,160,136,33,819,18,364,8,306,27,73,0,12026597,0,122,3,3,55,6,0,0,0,0,0,1,0,0,0,3453,760,77,108,0,0,4213,185,0,32,368,103,11,513
3144805003003,31030,Belo Horizonte,7969,2,47,2,0,2,0,6,71,790,37,1,510,3121,124,27,4,12,2901,5066,26529,12577,2320,265,11297,48,26490,7964,5269,7003,2889,189,215,491,69,868,20,624,8,410,46,109,1,55854543,0,248,5,10,23,2,0,0,0,0,1,2,1,0,0,5188,1484,566,34,0,0,6672,600,0,34,498,166,21,719
3144805003004,31030,Belo Horizonte,7148,14,144,39,3,5,0,23,240,919,122,6,1247,2992,462,110,31,71,2869,4284,24672,5958,3264,259,15158,33,24630,7151,4502,6115,3555,326,244,290,48,1257,35,510,22,454,33,83,3,12616389,1877,228,14,14,29,1,2,3,6,4,11,14,3,0,0,4608,1881,408,214,3,5,6489,622,8,50,705,304,35,1093
3144904001001,31037,Governador Valadares,733,3,345,3,0,0,1,6,7,107,6,0,18,320,25,6,4,20,315,418,2328,557,189,27,1555,0,2321,733,440,544,280,36,15,20,3,157,4,26,2,39,4,18,0,841448,0,19,9,16,14,3,1,1,3,1,3,3,3,0,0,123,387,53,169,1,0,510,222,1,6,61,15,0,83
3145000001001,31023,Araxá,3376,2,14,6,0,1,0,5,373,1044,51,0,1332,3384,165,10,4,7,797,2591,10991,5302,940,122,4627,0,10952,3382,2357,2747,1030,318,87,88,51,400,6,137,3,191,8,150,6,6694009,7741,67,6,5,11,5,0,0,1,0,0,1,0,0,0,1538,1772,18,44,0,1,3310,62,1,28,149,237,26,440
3145059001001,31004,Janaúba,1147,10,217,107,3,22,2,11,38,172,21,34,134,587,85,4,31,23,425,724,4069,1253,417,29,2360,10,4065,1149,753,1105,516,69,52,25,9,240,1,54,1,70,11,13,2,1193651,1142,28,13,16,27,4,5,5,7,7,10,10,4,0,0,18,459,7,622,0,39,477,629,39,2,107,19,8,136
3145109001001,31048,São Sebastião do Paraíso,2904,0,18,36,1,2,0,2,51,520,14,10,174,1599,52,1,0,2,796,2112,8858,7452,177,34,1194,1,8801,2905,1965,2467,741,108,36,60,20,190,4,101,6,107,6,71,1,4420598,510,114,9,32,981,208,0,0,0,0,0,0,0,0,0,676,1089,508,607,1,23,1765,1115,24,0,82,110,0,192
3145208003001,31043,Divinópolis,3975,7,36,13,0,1,0,7,366,1349,9,0,1297,5526,32,21,21,24,1244,2771,13769,5109,1058,204,7393,5,13624,4013,2870,3518,1115,237,81,137,29,241,2,457,5,501,88,388,38,7714115,53015,44,11,66,22,9,0,2,6,2,7,7,2,1,0,1285,2295,89,301,0,5,3580,390,5,22,233,208,45,508
3145208003002,31043,Divinópolis,3123,1,218,5,0,2,0,5,156,1030,4,1,571,3838,10,4,1,9,1091,2048,10559,3582,831,286,5854,6,10524,3139,2117,2501,1149,192,52,72,30,274,7,355,0,364,27,275,16,5087428,21450,73,13,14,15,7,0,0,0,0,1,1,0,0,0,1299,1718,53,52,1,0,3017,105,1,35,252,155,38,479
3145208003003,31043,Divinópolis,5349,5,30,17,0,0,1,13,519,1538,12,8,1811,7053,45,26,9,37,2024,3354,17973,7514,963,200,9280,16,17903,5378,3599,4471,1825,332,96,214,41,410,4,581,1,490,23,460,29,10612512,32286,76,38,96,36,28,1,2,4,2,5,5,3,0,0,1698,3017,221,392,0,21,4715,613,21,24,285,226,110,645
3145208003004,31043,Divinópolis,8170,4,79,8,0,2,0,35,423,2065,13,2,1540,10248,70,75,10,114,2976,5223,27394,13550,1447,409,11979,9,27295,8197,5411,6865,2741,305,161,363,62,707,8,891,5,770,69,761,27,18723347,32920,87,45,66,10,8,2,2,2,2,4,4,2,0,0,3448,4202,187,278,1,2,7650,465,3,40,329,531,29,929
3145307001001,31012,Araçuaí,3030,81,1003,370,2,242,0,62,15,541,14,64,43,1741,50,44,265,183,1589,1447,10522,2107,857,147,7408,3,10471,3033,1744,2357,1764,161,94,107,19,563,18,185,6,212,36,116,3,3393820,3440,182,58,172,335,70,26,58,76,61,67,81,39,12,14,709,1085,268,911,5,52,1794,1179,57,12,280,99,12,403
3145356001001,31015,Teófilo Otoni,1372,18,809,98,0,6,0,15,2,264,4,16,5,911,11,12,72,68,632,743,4421,1099,332,111,2879,0,4408,1375,799,941,578,79,34,30,8,313,15,65,1,79,11,83,3,1311107,0,105,7,56,42,10,1,4,17,5,5,18,1,1,2,871,100,329,48,23,1,971,377,24,8,106,64,5,183
3145372001001,31005,Salinas,496,4,0,23,4,0,0,2,19,51,1,7,65,167,5,2,6,5,190,306,1717,497,33,0,1187,0,1717,496,347,572,156,12,13,11,3,55,1,13,4,24,3,5,0,596037,0,25,3,32,0,0,2,4,4,4,4,4,3,0,0,0,1,148,339,1,6,1,487,7,0,32,3,0,35
3145406001001,31065,Juiz de Fora,309,1,192,8,0,0,0,1,5,50,2,0,14,147,8,3,5,5,89,220,917,501,107,31,278,0,917,309,189,205,101,8,6,12,5,40,0,26,0,16,0,0,0,362952,0,11,0,3,0,0,0,0,1,0,0,1,1,0,0,224,30,48,4,0,3,254,52,3,0,28,11,0,39
3145455001001,31009,Bocaiúva,804,30,48,6,0,2,0,15,40,130,1,1,140,454,3,3,94,36,396,410,2866,666,352,45,1803,0,2861,805,463,740,462,58,11,26,5,127,2,65,2,44,33,14,1,797597,0,53,7,32,269,61,10,11,26,13,29,30,30,13,8,34,38,431,300,1,0,72,731,1,15,66,15,7,102
3145505001001,31054,São Lourenço,699,0,0,5,0,0,0,1,12,69,5,0,42,191,9,5,0,1,190,510,2249,1370,190,7,681,1,2248,700,478,636,185,28,23,23,5,94,1,33,1,38,1,3,1,867847,4000,26,0,2,0,0,0,0,0,0,0,0,0,0,0,492,188,12,7,0,0,680,19,0,3,46,12,2,63
3145604003001,31046,Oliveira,5700,9,7,26,0,9,0,12,174,919,11,2,566,2925,44,88,31,36,2122,3581,19065,9400,2816,87,6760,2,19023,5702,3504,4745,2538,208,184,194,52,1052,27,403,3,331,11,61,2,10833471,2750,166,4,13,7,1,0,0,5,1,8,9,6,0,0,4885,595,200,18,1,1,5480,218,2,8,495,135,0,638
3145604003002,31046,Oliveira,4997,9,9,19,1,4,1,3,349,824,15,6,1241,2677,44,32,23,3,1719,3294,16120,10026,1423,102,4568,1,16076,5012,3266,4294,1787,172,135,183,48,612,25,281,11,190,17,50,15,9237912,10790,56,7,27,2,0,0,2,3,2,7,9,5,0,0,3839,898,201,28,4,0,4737,229,4,31,293,153,20,498
3145703001001,31065,Juiz de Fora,378,2,4,18,1,1,0,0,1,34,0,0,6,98,0,0,6,0,109,271,1177,776,78,7,313,3,1171,379,249,310,116,17,3,12,8,39,0,23,0,12,2,0,1,456614,510,3,2,8,3,0,0,1,1,1,1,2,1,0,0,278,14,74,12,0,0,292,86,0,4,13,8,1,27
3145802001001,31029,Pará de Minas,447,0,1,6,0,1,0,0,0,54,5,3,0,184,23,13,0,0,154,294,1519,568,213,20,718,0,1517,448,303,429,179,42,8,10,3,49,4,19,0,19,2,4,1,618711,0,19,16,7,0,0,0,0,0,0,0,0,0,0,0,118,189,102,38,0,0,307,140,0,0,9,17,0,26
3145851001001,31060,Ponte Nova,924,4,0,9,0,2,0,4,23,179,1,2,84,562,2,14,11,5,314,611,3241,707,826,73,1631,4,3240,925,622,876,370,39,40,31,10,188,7,59,1,64,3,4,1,1364842,510,14,6,7,11,3,0,0,2,0,0,4,3,0,0,258,629,3,33,0,0,887,36,0,0,76,20,13,109
3145877001001,31063,Muriaé,720,1,44,31,1,0,0,4,21,118,10,6,86,391,30,2,1,5,211,509,2221,950,129,30,1112,0,2221,720,509,622,212,28,8,20,9,40,0,22,2,20,4,5,0,640220,0,53,11,18,6,2,1,1,1,1,1,1,1,1,0,24,484,3,180,0,29,508,183,29,0,17,48,2,67
3145901003001,31034,Conselheiro Lafaiete,4282,2,69,5,0,3,0,4,238,695,12,2,814,2333,51,26,6,4,1030,3257,14395,7792,1055,135,5398,15,14354,4287,3157,4367,1264,128,85,97,55,401,3,158,4,219,28,87,5,15539359,3740,87,6,4,31,32,0,0,0,0,1,2,1,0,0,3997,159,115,6,1,1,4156,121,2,0,191,178,16,385
3145901003002,31034,Conselheiro Lafaiete,5079,3,705,64,2,31,1,11,226,855,11,25,836,2689,31,20,7,43,1574,3509,17214,6458,2187,255,8306,8,17193,5083,3436,4518,2033,329,163,144,35,638,15,346,1,311,48,105,4,8733274,4754,145,5,15,63,12,0,0,2,0,2,3,2,0,0,4553,105,276,115,8,22,4658,391,30,23,367,216,17,623
3146008003001,31051,Poços de Caldas,3151,4,34,8,0,0,0,10,254,723,11,0,844,2258,44,53,15,35,901,2250,9759,7463,377,49,1833,25,9682,3151,2128,2565,865,164,52,110,35,346,12,113,3,118,5,27,3,5126752,1490,43,35,88,17,3,3,3,3,3,0,3,3,0,0,1713,1110,101,113,0,7,2823,214,7,0,166,126,11,303
3146008003002,31051,Poços de Caldas,4759,3,54,23,1,2,1,6,167,971,65,2,521,2914,206,43,8,13,1654,3109,14004,10994,406,48,2532,18,13897,4762,2896,3353,1442,185,105,159,33,522,12,209,5,147,28,39,5,9456879,6010,82,13,30,17,4,0,0,0,0,0,3,0,0,0,2389,1575,319,222,0,5,3964,541,5,39,159,116,0,314
3146107003001,31033,Ouro Preto,8668,16,680,136,5,10,0,21,65,1370,62,35,255,4274,212,79,41,77,2991,5615,30024,9234,4458,476,15472,71,29505,8572,5325,7909,3942,472,243,226,47,1484,26,532,12,492,48,158,4,16134962,1360,220,36,148,235,26,1,5,15,5,6,16,15,1,1,4099,2731,662,1024,5,19,6830,1686,24,42,647,357,9,1054
3146107003002,31033,Ouro Preto,9085,5,715,70,0,20,3,19,91,1586,33,32,355,5076,111,134,16,46,3561,5533,31096,10138,4819,502,15453,111,30957,9090,5402,7890,4200,320,281,284,49,1708,39,706,2,598,68,264,5,21258243,9410,183,25,95,100,22,0,3,3,4,4,4,3,1,0,4741,2513,1120,658,9,19,7254,1778,28,38,904,360,22,1324
3146206001001,31015,Teófilo Otoni,1042,9,276,41,1,16,3,13,8,138,6,2,23,472,22,9,22,35,428,616,3629,906,374,44,2294,11,3613,1044,607,848,508,100,44,30,7,280,0,42,4,58,4,33,2,1061917,50,42,7,23,8,2,1,4,6,3,9,9,1,0,0,212,652,53,121,1,3,864,174,4,3,71,35,8,117
3146255001001,31008,Grão Mogol,876,20,39,356,0,13,0,12,5,117,0,50,19,426,0,31,54,56,419,457,3462,876,98,24,2464,0,3462,876,573,782,675,44,47,45,7,190,2,82,1,94,0,39,0,906534,0,70,2,75,0,0,1,18,20,18,19,20,13,0,1,0,6,100,720,2,48,6,820,50,0,104,15,5,124
3146305001001,31012,Araçuaí,3205,27,1013,146,0,38,0,51,11,665,30,61,46,2369,103,7,81,198,1677,1530,11520,2673,701,140,8005,1,11494,3206,1921,2808,1712,148,89,160,24,718,22,247,7,292,8,78,1,3285588,510,131,13,106,195,46,1,8,23,10,21,27,19,3,11,1939,645,488,109,17,7,2584,597,24,6,240,167,30,443
3146404001001,31024,Três Marias,1305,12,4,104,3,4,0,3,70,223,3,2,234,624,4,14,24,4,482,830,3598,2187,110,18,1282,1,3568,1310,792,806,383,70,10,32,3,109,2,45,0,19,2,2,5,1740057,3484,41,2,41,126,32,1,8,12,8,12,12,4,0,4,1,10,478,812,0,4,11,1290,4,5,21,40,2,68
3146503001001,31044,Formiga,2163,0,14,15,1,1,0,3,114,422,12,6,393,1318,42,50,0,3,683,1485,6608,3708,891,54,1949,6,6565,2167,1392,1752,620,94,27,62,18,237,7,99,1,58,8,28,4,3757923,3050,46,5,4,7,0,0,0,0,0,0,0,0,0,0,924,1073,72,90,0,4,1997,162,4,11,79,73,0,163
3146552001001,31004,Janaúba,543,15,0,12,0,0,0,5,1,55,0,2,3,184,0,0,43,12,181,364,1749,405,86,14,1244,0,1742,545,334,468,236,22,10,8,3,81,3,21,0,14,3,1,2,413189,1120,43,4,17,0,0,5,11,12,11,15,15,10,0,0,0,3,122,415,1,2,3,537,3,10,30,10,3,54
3146602001001,31065,Juiz de Fora,413,0,59,25,0,0,0,3,5,29,2,0,17,75,3,2,0,5,133,281,1219,758,57,1,403,0,1218,414,269,308,121,16,3,10,2,38,0,18,0,12,1,6,1,577290,510,12,0,0,0,0,0,0,0,0,0,0,0,0,0,57,207,65,83,0,1,264,148,1,2,18,0,0,21
3146701001001,31066,Cataguases,1612,0,7,31,1,3,4,2,13,235,6,4,51,827,21,2,0,7,640,973,5123,2510,880,21,1712,0,5108,1613,1023,1267,524,60,63,81,23,252,6,93,3,77,8,11,1,2392302,510,62,10,10,0,0,0,0,0,0,0,0,0,0,0,1178,282,100,49,0,3,1460,149,3,7,119,19,3,148
3146750001001,31014,Almenara,1315,41,2,57,0,24,0,18,3,142,4,6,5,404,13,0,122,43,577,748,4488,1274,372,6,2815,21,4463,1323,836,1096,554,52,42,61,8,332,9,59,2,59,17,28,8,1222002,11337,49,3,31,168,22,5,20,33,20,28,41,31,16,18,83,565,44,617,0,6,648,661,6,13,110,13,4,141
3146909001001,31027,Sete Lagoas,3389,10,2,73,2,4,0,9,186,500,13,1,711,1612,40,17,25,15,1049,2360,11920,4997,1168,354,5396,5,11859,3406,2161,3342,1533,235,109,66,19,520,15,206,1,218,13,29,17,4682442,14515,90,1,272,5,2,0,7,4,6,9,10,0,0,0,988,157,1877,295,3,1,1145,2172,4,9,268,99,18,393
3147006003001,31002,Paracatu,1670,19,103,13,0,4,0,11,28,241,8,0,75,808,19,18,47,29,795,873,6277,1233,1258,20,3734,11,6249,1668,1071,1633,824,106,46,171,20,307,4,237,8,108,15,36,4,2451465,3222,26,3,19,61,16,0,1,15,3,17,19,19,1,0,289,925,67,380,0,3,1214,447,3,0,107,11,0,118
3147006003002,31002,Paracatu,4338,36,379,61,1,2,2,21,29,682,18,11,118,2445,73,11,103,69,1595,2748,16292,3410,2911,114,9830,27,16279,4343,2858,4732,2238,290,115,115,22,899,12,297,5,287,19,54,5,6453609,3130,95,6,30,63,4,0,3,24,2,23,36,25,1,6,723,2396,188,986,1,23,3119,1174,24,30,318,120,20,489
3147006003003,31002,Paracatu,6501,24,35,13,1,2,0,18,348,1069,26,2,1117,3528,105,54,74,55,2290,4233,23326,5498,3801,205,13802,20,23182,6519,4212,6002,3343,556,161,165,47,1181,23,410,4,449,44,113,18,10045467,21437,168,11,38,15,4,0,2,18,3,17,24,17,0,2,1980,3357,366,792,3,3,5337,1158,6,32,596,244,21,893
3147006003004,31002,Paracatu,8068,13,129,13,0,0,0,7,243,1589,85,1,843,6048,296,31,39,22,3263,4819,27877,9113,3444,537,14748,35,27790,8081,5075,7196,3518,426,222,342,73,1434,33,599,15,520,58,190,13,23040728,17160,185,4,33,106,20,0,1,4,4,13,13,3,1,1,4798,2501,378,389,0,2,7299,767,2,10,669,272,21,972
3147105003001,31029,Pará de Minas,4702,2,0,3,0,1,0,2,183,914,8,2,666,3072,31,50,4,4,1879,2827,14707,9286,772,109,4529,10,14681,4706,2851,3762,1704,172,69,200,33,473,9,361,7,240,20,61,4,13360147,12030,39,16,19,14,5,0,1,1,1,1,2,2,0,0,2918,1623,37,31,0,1,4541,68,1,19,342,284,8,653
3147105003002,31029,Pará de Minas,5277,0,6,8,0,1,0,0,441,952,24,3,1497,3480,95,56,0,0,2015,3265,17076,10363,831,145,5727,10,17062,5280,3274,4491,2162,233,83,254,34,508,7,381,7,237,15,86,3,11817202,1650,61,2,9,6,2,0,0,0,0,0,0,0,0,0,3584,1575,25,28,0,5,5159,53,5,52,240,262,9,562
3147105003003,31029,Pará de Minas,7338,2,1,14,3,2,0,4,837,1205,28,5,2709,4089,89,52,6,8,2582,4763,24017,13466,1416,312,8818,5,23990,7345,4735,6397,2822,285,140,349,51,851,14,513,8,349,26,108,7,14563738,4414,81,8,6,12,2,0,0,0,0,2,2,1,0,0,4460,2753,69,46,0,7,7213,115,7,0,348,319,18,685
3147105003004,31029,Pará de Minas,6872,12,2,39,3,1,0,13,443,1080,56,8,1493,3747,202,33,35,25,2124,4730,23799,10845,1688,255,10888,12,23592,6849,4565,6573,2880,416,188,211,53,918,7,465,8,386,38,43,8,9630477,6359,137,7,31,60,11,0,1,3,0,10,12,2,0,0,3664,2384,202,486,0,12,6048,688,12,37,365,207,44,653
3147204001001,31049,Alfenas,5162,2,21,15,3,12,0,4,696,749,32,2,2381,2393,114,95,4,7,1877,3294,16679,11445,1139,83,4004,8,16567,5166,3431,4422,1718,227,129,187,56,651,20,282,3,219,21,38,4,8484277,3294,146,5,8,3,3,0,0,0,0,0,2,1,0,0,4379,608,120,36,0,9,4987,156,9,0,251,106,30,386
3147303001001,31056,Itajubá,5276,1,10,42,2,0,0,7,245,935,17,14,815,2976,56,30,2,17,1853,3428,16058,12953,548,34,2497,21,15956,5281,3240,4066,1696,218,85,183,42,541,6,298,7,220,5,68,6,8874947,8800,147,2,11,7,7,0,0,0,0,0,1,1,0,0,2045,2951,191,77,5,6,4996,268,11,10,226,156,9,402
3147402001001,31027,Sete Lagoas,5780,32,3,80,1,7,0,20,358,939,24,10,1245,2987,69,98,80,39,2105,3684,19663,5574,1884,138,12060,5,19584,5788,3521,4777,2861,448,152,156,50,979,19,384,5,323,44,88,8,9058663,8140,130,18,31,23,5,2,7,16,14,32,32,7,1,4,3946,1097,288,437,0,12,5043,725,12,41,495,211,23,770
3147501001001,31028,Conceição do Mato Dentro,327,1,16,22,1,1,1,1,4,34,3,3,17,93,8,6,2,2,134,193,1012,301,71,0,640,0,1010,327,199,249,132,8,5,7,5,32,2,24,0,11,1,5,0,465088,0,7,1,4,0,0,0,1,1,1,1,1,1,0,0,51,109,27,137,0,3,160,164,3,0,18,8,1,27
3147600001001,31054,São Lourenço,3739,5,19,7,2,4,0,4,132,701,30,2,468,2216,132,17,7,6,1433,2317,11985,9845,489,30,1613,8,11912,3744,2391,3083,1308,159,105,117,28,504,17,249,7,161,18,23,5,6473703,2640,94,6,44,5,2,0,0,1,0,1,5,1,0,0,1104,1966,52,367,1,2,3070,419,3,10,293,204,9,515
3147709001001,31046,Oliveira,2100,0,1,57,0,2,3,1,23,306,4,7,68,891,11,16,0,1,639,1475,6385,4607,583,33,1161,1,6332,2108,1353,1656,630,72,48,43,20,215,3,100,1,73,8,15,8,3015031,3604,51,5,41,18,2,0,0,0,0,0,0,0,0,0,1032,884,33,124,1,25,1916,157,26,9,85,38,0,132
3147808001001,31055,Andrelândia,437,0,32,0,0,0,0,0,0,84,5,0,0,221,17,7,0,0,154,288,1305,815,111,3,376,0,1295,442,265,305,140,20,11,8,5,57,1,21,0,26,0,2,5,652992,4550,6,0,7,0,0,0,0,0,0,0,0,0,0,0,215,198,2,22,0,0,413,24,0,4,19,25,0,49
3147907003001,31047,Passos,4561,5,29,6,0,1,0,6,568,773,25,1,1918,2509,88,63,7,16,1437,3130,15383,7859,1768,69,5669,18,15368,4567,3125,4187,1619,247,110,209,50,668,19,251,7,223,35,58,6,8261358,7520,44,14,62,16,2,0,1,2,1,3,4,2,0,0,3753,769,16,15,1,0,4522,31,1,45,342,77,57,522
3147907003002,31047,Passos,4517,2,213,12,0,4,0,4,127,1163,20,5,420,3718,58,26,7,11,1455,3068,14237,9022,1200,92,3912,11,14218,4521,2845,3552,1647,165,106,146,35,642,14,204,9,260,15,57,4,9257580,5330,93,8,44,42,9,0,0,0,0,2,2,0,0,0,4147,252,22,17,0,8,4399,39,8,30,314,253,0,597
3147907003003,31047,Passos,4539,1,357,13,0,7,0,13,378,965,27,0,1273,3028,78,13,1,31,1472,3071,14712,9337,807,83,4471,14,14523,4543,3091,3892,1315,214,93,211,56,493,13,271,13,246,21,53,4,8482713,5400,183,4,58,155,23,0,0,0,0,1,1,0,1,0,3596,851,21,38,0,0,4447,59,0,14,298,125,28,465
3147907003004,31047,Passos,4087,2,150,0,0,0,0,0,143,799,9,0,481,2963,34,21,4,0,1413,2655,12916,8797,810,89,3146,9,12730,4062,2608,3215,1292,131,105,200,52,507,12,215,8,235,16,70,1,11849106,1000,76,0,6,61,18,0,0,0,0,2,2,0,0,0,3453,571,13,19,0,0,4024,32,0,0,185,167,19,370
3147907003005,31047,Passos,5214,3,23,12,0,0,0,1,561,937,24,3,1989,3481,69,60,11,3,1760,3454,17116,10127,1862,82,5032,8,17085,5213,3373,4416,1850,274,130,237,61,835,24,325,5,280,25,35,1,10286404,1620,85,8,85,94,29,0,1,2,1,3,2,2,0,0,4736,418,35,13,0,4,5154,48,4,33,395,102,58,588
3147907003006,31047,Passos,8683,4,249,6,0,2,0,7,110,1967,27,1,436,7819,102,51,5,24,3266,5424,26478,17772,2481,164,6050,11,26411,8688,5158,6217,2738,311,154,453,94,1132,24,634,22,503,69,204,5,23211150,5600,138,3,17,48,14,0,0,1,0,3,4,0,0,1,7557,1062,25,20,0,0,8619,45,0,6,432,353,41,833
3147956001001,31007,Montes Claros,641,8,0,15,1,0,0,4,2,66,0,0,7,219,0,0,29,14,248,394,2301,450,81,17,1751,2,2297,642,403,631,293,53,14,23,2,134,2,47,1,41,1,12,1,676523,900,27,3,12,0,0,1,1,5,1,8,7,3,0,0,5,11,178,447,0,0,16,625,0,3,52,0,8,63
3148004003001,31020,Patos de Minas,5171,3,2,5,0,0,0,1,802,1030,14,0,2628,3211,43,14,3,1,1640,3525,16189,8845,499,132,6672,5,16143,5161,3621,4289,1601,275,97,175,48,468,11,204,4,142,6,50,4,8298491,5260,101,1,5,11,2,0,0,0,0,3,3,0,0,0,4029,684,22,11,0,0,4713,33,0,9,229,217,6,461
3148004003002,31020,Patos de Minas,4099,4,0,2,0,0,0,5,58,926,12,0,200,2770,32,8,8,10,1536,2569,12450,6320,942,69,5117,2,12430,4105,2385,2821,1666,194,85,82,25,586,17,218,5,191,9,48,6,5749498,4860,126,3,3,0,0,0,0,1,0,4,4,1,0,0,3437,558,64,40,0,0,3995,104,0,33,281,287,15,617
3148004003003,31020,Patos de Minas,4225,3,13,5,0,0,0,2,499,598,3,0,1684,1871,10,28,7,6,1511,2714,14087,6839,971,206,6050,21,14087,4225,2840,3775,1855,205,88,126,42,529,9,164,6,191,4,26,0,5964468,0,113,0,0,0,0,0,0,0,0,2,3,0,0,0,3252,951,9,12,0,1,4203,21,1,0,313,108,15,436
3148004003004,31020,Patos de Minas,1250,3,64,123,2,8,1,2,11,136,3,1,33,350,10,4,5,3,311,937,3375,1937,117,31,1286,0,3366,1248,798,808,244,47,11,15,10,98,3,44,1,30,6,3,0,1348834,0,37,4,64,1,0,0,2,2,2,3,3,3,0,0,513,501,132,100,0,1,1014,232,1,29,0,0,0,29
3148004003005,31020,Patos de Minas,3536,2,4,31,0,1,0,1,492,815,46,5,1722,2608,152,10,6,1,839,2710,11375,6661,376,95,4243,0,11299,3542,2688,3350,780,170,52,71,43,263,6,114,1,161,20,44,6,7062672,3810,56,4,4,0,0,0,0,0,0,2,2,0,0,0,2733,511,71,28,1,1,3244,99,2,19,81,168,0,268
3148004003006,31020,Patos de Minas,4635,5,16,2,0,1,0,1,251,1081,13,1,850,3713,52,7,14,1,1761,2880,13772,9238,372,141,4013,8,13739,4639,2816,3369,1349,142,72,223,47,426,15,281,2,160,9,165,4,14691783,6250,165,1,2,0,0,0,0,1,0,4,5,1,0,0,3794,768,41,4,0,1,4562,45,1,10,202,247,6,465
3148004003007,31020,Patos de Minas,4781,6,0,18,0,1,0,16,154,985,21,3,814,3971,72,264,9,32,1676,3118,14321,7921,662,157,5574,7,14278,4794,2889,3356,1646,204,77,145,49,537,7,249,5,215,22,89,13,9669664,18395,119,1,8,0,0,3,3,3,3,6,6,3,0,0,2941,1599,143,90,1,7,4540,233,8,45,216,269,31,561
3148004003008,31020,Patos de Minas,5401,2,12,0,0,0,0,2,615,858,11,0,2131,3543,60,24,4,3,2333,3074,16331,10257,699,85,5281,9,16296,5405,3425,4019,1454,168,89,425,35,485,4,417,14,242,9,88,4,16905885,3660,88,0,1,0,0,0,0,0,0,1,2,1,0,0,3682,1201,56,42,0,0,4883,98,0,10,220,167,0,398
3148004003009,31020,Patos de Minas,8730,0,17,6,0,1,0,2,427,1952,27,0,1487,6579,109,71,0,4,3623,5042,25824,16954,729,231,7370,13,25247,8596,5042,5798,2911,249,161,351,81,869,20,531,12,393,51,150,11,23167823,13620,191,18,3,20,13,0,0,0,0,0,0,0,0,0,5866,2637,45,27,0,0,8503,72,0,9,469,749,8,1235
3148103003001,31019,Patrocínio,1681,3,403,116,9,13,0,12,19,219,60,49,70,717,208,39,5,40,449,1227,5840,3041,322,56,2392,6,5409,1674,1170,1577,411,105,30,48,13,177,9,82,3,79,1,28,0,1965365,0,44,6,38,34,5,0,2,2,1,3,3,2,0,0,196,691,120,615,0,27,887,735,27,17,58,33,9,117
3148103003002,31019,Patrocínio,4646,2,5,1,2,0,0,5,1202,834,15,0,4099,2775,48,19,5,12,1603,3048,15714,8815,1364,151,5347,24,15604,4651,3254,4362,1659,282,78,187,46,549,17,259,4,183,17,69,8,8322821,6320,63,3,0,3,0,0,0,0,0,2,2,0,0,0,3343,1244,28,24,0,0,4587,52,0,8,253,173,8,441
3148103003003,31019,Patrocínio,7429,9,23,23,8,6,1,11,561,1843,65,3,2035,6119,212,27,16,25,2436,5001,24509,14396,2245,260,7599,9,24487,7437,5126,6653,2414,477,138,320,69,859,14,419,12,384,45,121,8,16860866,8981,147,5,28,111,40,0,0,0,0,7,9,1,0,1,4003,3052,128,153,1,3,7055,281,4,34,388,290,20,733
3148103003004,31019,Patrocínio,8550,8,140,14,1,2,0,7,452,2059,36,1,1742,7065,142,69,20,9,3079,5479,26695,16623,1769,195,8098,4,26630,8558,5238,6367,2980,385,183,381,64,1136,22,562,11,513,33,197,9,17369420,6698,198,1,21,17,9,0,2,4,2,5,8,1,0,0,2366,5736,258,166,0,2,8102,424,2,34,516,423,67,1040
3148202001001,31063,Muriaé,1466,0,65,19,2,0,1,6,10,251,12,0,41,1003,43,7,0,8,608,860,4308,2231,369,79,1629,0,4303,1468,901,888,488,66,29,79,24,176,9,84,0,68,7,19,2,2241906,1365,29,6,12,0,0,0,0,0,0,0,0,0,0,0,1113,192,114,40,0,7,1305,154,7,12,76,76,0,164
3148301001001,31062,Viçosa,1457,2,155,23,1,1,0,9,17,194,0,2,73,644,0,13,3,13,502,957,4936,2401,722,15,1797,1,4915,1459,950,1341,590,54,41,31,9,263,5,74,2,76,10,9,2,2008787,1452,27,5,21,5,2,1,1,2,1,2,2,0,0,0,876,402,84,94,0,1,1278,178,1,6,144,18,4,171
3148400001001,31035,Guanhães,668,8,257,55,3,2,0,9,4,82,2,4,20,236,3,0,19,24,319,349,2303,359,201,24,1718,1,2290,668,374,612,327,19,14,24,6,147,7,36,2,29,8,13,0,815057,0,19,0,8,0,0,2,3,8,5,7,8,5,0,0,122,370,47,122,1,6,492,169,7,11,36,3,0,50
3148509001001,31015,Teófilo Otoni,1513,17,414,68,1,52,1,16,19,246,4,2,66,794,22,25,47,46,616,906,5204,1372,480,126,3226,0,5176,1515,880,1210,746,121,56,36,14,394,8,66,1,86,10,28,2,1677366,2500,119,3,12,14,1,0,1,15,0,15,17,14,1,0,735,556,82,138,0,2,1291,220,2,18,136,59,19,232
3148608001001,31036,Peçanha,2739,27,129,414,1,91,5,14,21,419,18,42,81,1296,59,3,86,32,1183,1561,9097,2645,690,26,5735,1,9035,2742,1628,2349,1172,121,62,105,23,429,16,162,5,137,15,59,3,3846220,972,18,13,95,95,29,2,16,25,17,25,27,4,1,0,985,561,547,542,13,47,1546,1089,60,17,139,63,15,234
3148707001001,31013,Pedra Azul,5750,119,161,195,4,181,12,69,65,863,21,55,251,2943,63,47,448,199,2757,2994,21006,4340,1331,131,15185,19,20912,5751,3371,5135,2796,302,192,491,55,1473,47,572,28,496,59,124,1,6690456,510,219,16,161,734,106,22,65,87,66,115,119,67,42,25,1898,2292,266,1202,8,40,4190,1468,48,385,517,124,21,1047
3148756001001,31061,Manhuaçu,498,1,6,0,0,2,0,1,1,83,2,1,2,299,10,0,1,3,106,392,1807,983,149,1,674,0,1805,498,383,600,165,28,27,9,4,54,0,12,2,20,0,3,0,564991,0,9,3,11,0,0,0,0,1,0,0,1,1,0,0,475,17,4,1,1,0,492,5,1,0,19,18,0,37
3148806001001,31062,Viçosa,717,3,158,14,1,3,0,6,33,98,1,1,108,285,2,24,5,11,277,441,2192,703,136,1,1352,0,2191,718,428,466,323,31,13,25,8,112,1,42,0,17,4,4,1,758819,250,72,2,6,7,5,0,0,2,1,3,3,3,0,0,134,509,8,65,0,1,643,73,1,7,43,22,0,71
3148905001001,31044,Formiga,700,0,8,4,0,0,0,0,37,107,0,1,114,287,0,8,0,0,184,517,2053,1342,152,2,557,0,2052,701,450,571,170,26,11,10,5,53,3,23,1,24,2,2,1,993515,510,17,1,11,7,1,0,0,0,0,0,0,0,0,0,557,125,8,9,1,0,682,17,1,7,28,23,0,58
3149002001001,31063,Muriaé,435,0,428,3,0,0,0,2,1,135,2,0,3,422,5,0,0,4,196,241,1301,605,92,6,596,2,1297,437,265,261,153,22,8,33,3,51,4,30,4,24,6,0,2,540743,200,12,8,4,0,0,0,0,0,0,0,0,0,0,0,52,354,1,20,0,0,406,21,0,3,24,33,4,64
3149101001001,31053,Santa Rita do Sapucaí,1699,2,4,5,1,0,0,1,45,319,21,0,175,1001,72,6,3,1,789,910,5563,4150,319,14,1078,2,5504,1699,1066,1502,619,47,35,99,18,212,7,101,3,68,9,13,0,3131801,0,21,15,12,21,2,0,0,1,0,0,2,1,0,0,477,1153,7,60,0,2,1630,67,2,0,67,57,14,137
3149150001001,31003,Januária,1710,29,183,225,4,59,0,37,3,159,3,2,12,523,7,13,116,135,632,1080,6328,1776,597,111,3843,1,6323,1712,1129,1687,899,147,53,48,12,422,8,82,1,92,9,23,2,1504284,112,125,7,98,46,4,9,20,22,20,29,28,16,2,7,18,35,627,1028,0,2,53,1655,2,5,129,16,12,163
3149200001001,31023,Araxá,943,1,3,9,0,0,0,2,57,186,2,4,195,600,8,3,2,6,374,571,2927,1776,172,33,941,5,2925,945,593,675,344,55,30,27,17,142,3,42,0,38,4,12,2,1795749,1310,60,2,1,1,1,0,0,0,0,1,1,1,0,0,408,510,5,12,0,3,918,17,3,4,32,20,3,59
3149309003001,31030,Belo Horizonte,4369,6,40,28,0,21,0,8,567,520,28,11,2267,1768,82,31,11,18,1422,2964,14760,3517,1461,159,9617,6,14662,4386,2993,3935,1722,237,132,182,55,587,9,212,6,203,26,30,17,6815814,8420,102,11,17,7,0,0,1,0,0,5,6,0,0,0,855,635,986,1682,2,2,1490,2668,4,55,249,91,44,438
3149309003002,31030,Belo Horizonte,5791,3,28,27,0,15,0,4,257,762,24,1,1087,2754,72,62,5,10,1962,3839,19685,5844,1801,171,11842,27,19663,5801,3786,5114,2459,283,193,195,47,988,23,351,3,342,37,50,10,12812190,9810,68,0,55,0,0,0,0,0,0,3,3,0,0,0,2596,1788,590,696,1,0,4384,1286,1,7,462,126,70,665
3149309003003,31030,Belo Horizonte,4784,2,43,45,2,0,1,2,55,798,39,1,309,3215,142,50,2,4,1928,2863,15508,6202,1224,74,7980,28,15437,4791,2867,3532,2083,224,128,222,48,748,20,377,8,308,48,37,7,12954578,10148,82,2,13,2,0,0,1,1,1,1,2,1,0,0,3145,914,287,308,3,7,4059,595,10,171,359,140,15,686
3149408001001,31065,Juiz de Fora,317,0,12,0,0,0,0,0,0,45,2,0,0,120,9,0,0,0,172,145,965,773,123,0,69,0,965,317,187,236,101,2,3,24,2,26,0,32,0,35,0,0,0,291529,0,16,0,0,0,0,0,0,0,0,0,0,0,0,0,92,92,94,39,0,0,184,133,0,2,18,10,1,31
3149507001001,31065,Juiz de Fora,972,0,225,14,0,0,0,5,13,187,10,1,43,597,35,13,0,18,438,534,2916,1431,427,15,1041,2,2908,972,595,685,318,28,34,29,7,128,3,39,1,52,4,12,0,1602199,0,15,0,6,0,0,0,0,0,0,0,0,0,0,0,636,96,203,33,1,0,732,236,1,3,37,39,3,81
3149606001001,31027,Sete Lagoas,980,3,2,30,1,10,0,2,8,155,8,0,30,493,22,4,8,4,315,667,2953,1369,167,21,1395,1,2949,981,593,743,376,37,11,17,5,96,0,40,1,32,6,10,1,1472998,4000,21,2,10,18,6,0,1,2,1,2,3,2,0,0,228,151,414,184,0,3,379,598,3,0,31,27,4,62
3149705001001,31043,Divinópolis,2386,0,60,57,2,1,0,1,31,703,19,15,107,2861,69,12,0,1,1075,1316,7862,4637,335,32,2842,1,7821,2390,1521,2046,786,92,28,167,16,190,0,249,7,179,8,155,9,4915144,16235,17,3,125,1,3,0,0,0,0,0,0,0,0,0,289,1667,14,149,0,26,1956,163,26,14,116,118,27,275
3149804001001,31023,Araxá,2993,4,22,4,0,2,0,4,307,779,28,1,1059,2666,86,3,8,12,1101,1892,9935,6187,466,57,3199,15,9837,2990,2043,2493,1028,229,73,119,28,348,5,171,6,186,21,78,2,6344198,1000,44,1,8,5,4,0,0,2,1,3,4,2,0,0,1394,1434,37,104,0,0,2828,141,0,5,120,106,44,275
3149903001001,31045,Campo Belo,5598,5,62,14,1,3,4,5,294,992,30,5,1045,3129,94,51,9,8,1838,3766,17776,9909,2120,145,5598,4,17714,5604,3826,4684,1684,203,143,259,75,658,15,271,13,226,15,37,6,9916701,2910,160,8,95,221,52,0,0,3,2,4,5,5,1,1,2928,2394,109,157,0,4,5322,266,4,19,352,154,17,542
3149952001001,31039,Ipatinga,1524,17,8,311,2,14,5,6,3,172,3,3,10,521,9,10,53,11,684,840,5289,1140,617,173,3359,0,5289,1524,1010,1363,577,68,40,105,16,324,6,114,8,92,1,39,0,1596245,0,101,0,46,0,0,0,10,11,11,10,16,0,0,0,546,383,239,276,3,15,929,515,18,10,119,30,5,164
3150000001001,31037,Governador Valadares,924,12,277,30,0,3,1,17,1,137,4,8,6,460,27,8,40,55,504,428,3259,541,289,44,2385,0,3195,932,504,684,469,54,24,55,4,288,5,90,7,71,13,8,8,995710,10060,109,2,14,0,0,2,4,6,4,11,12,5,0,0,475,294,95,52,3,5,769,147,8,21,95,46,7,168
3150109001001,31065,Juiz de Fora,547,0,38,3,2,1,0,1,1,61,4,0,2,155,14,7,0,1,179,369,1670,865,232,48,524,1,1669,548,348,355,211,16,11,19,10,72,8,25,1,40,3,2,1,737286,600,10,0,0,0,0,0,0,0,0,0,0,0,0,0,241,199,22,85,0,0,440,107,0,0,36,17,0,53
3150158001001,31040,Caratinga,1428,1,1,5,1,0,0,3,88,433,3,0,335,1582,11,5,4,13,526,906,4602,2056,203,26,2314,3,4592,1432,990,1212,488,99,22,43,12,173,3,56,0,55,0,16,4,1539736,8060,71,0,23,0,0,0,0,1,1,1,1,0,0,0,168,934,42,284,0,0,1102,326,0,9,51,64,14,138
3150208001001,31060,Ponte Nova,917,3,291,8,0,0,0,0,0,202,12,0,0,708,42,0,4,0,481,436,3178,975,797,50,1356,0,3156,917,557,740,391,46,39,97,12,184,0,71,5,75,19,3,0,1124096,0,20,6,1,0,0,0,0,2,0,2,3,2,0,0,466,365,21,62,1,2,831,83,3,0,85,53,11,148
3150307001001,31058,São João del Rei,1216,3,50,82,1,6,1,3,8,132,4,6,20,365,14,13,8,7,458,756,3477,1781,286,50,1349,1,3465,1214,721,755,352,43,20,62,8,116,7,94,4,51,9,10,2,1354405,1020,50,7,16,22,3,2,2,3,2,3,3,2,1,0,420,364,56,341,0,13,784,397,13,7,54,17,0,78
3150406001001,31032,Itaguara,713,2,45,10,1,0,0,0,19,131,2,2,55,370,8,3,4,0,211,508,2122,1370,69,27,650,6,2077,715,436,557,206,28,9,16,6,44,1,26,0,17,4,13,2,892717,0,20,5,10,17,3,0,0,2,0,0,2,0,0,0,6,12,246,446,0,3,18,692,3,3,22,14,3,43
3150505001001,31044,Formiga,2286,7,63,30,1,3,0,6,77,413,16,2,243,1208,52,11,10,18,723,1566,6945,4941,389,13,1601,1,6937,2289,1465,1765,702,86,32,64,12,272,3,128,1,75,5,37,3,3482107,3510,39,8,77,0,0,0,1,1,1,6,6,2,0,0,554,1527,23,138,1,1,2081,161,2,0,95,92,0,187
3150539001001,31040,Caratinga,1188,1,0,18,0,1,0,1,22,221,0,2,67,745,0,0,4,1,279,911,4035,766,355,37,2876,1,4029,1190,879,1096,364,90,38,27,15,230,4,35,0,52,6,9,2,1241879,2320,30,1,2,0,0,0,0,0,0,0,1,0,0,0,349,757,19,50,0,4,1106,69,4,12,95,24,9,140
3150570001001,31003,Januária,695,15,3,105,4,12,0,4,2,81,15,34,9,236,51,13,66,10,262,433,2532,314,246,45,1926,1,2532,695,451,756,355,35,20,7,3,134,3,26,0,38,0,7,0,705673,0,39,3,6,0,0,12,12,15,14,15,15,15,0,0,0,61,98,503,0,33,61,601,33,0,66,17,0,83
3150604001001,31046,Oliveira,1019,0,2,5,0,0,0,1,13,158,1,0,33,453,2,7,0,2,379,643,3034,1827,351,26,827,3,3003,1022,622,777,325,13,14,44,9,95,3,36,0,32,8,5,3,1429313,2370,23,1,1,0,0,0,0,0,0,0,0,0,0,0,808,93,82,33,0,3,901,115,3,3,45,20,0,68
3150703001001,31021,Frutal,1343,3,6,0,0,0,0,2,345,354,8,0,1103,1219,16,9,8,8,568,787,4131,2270,266,31,1561,3,4097,1355,915,907,337,78,27,74,8,135,3,97,1,89,2,101,12,2691792,27060,45,2,5,0,0,0,0,3,1,3,3,0,0,0,399,865,25,53,0,0,1264,78,0,11,43,32,13,100
3150802001001,31062,Viçosa,1742,4,113,64,1,5,0,4,12,214,10,22,51,704,41,13,10,6,672,1075,5958,2575,564,51,2737,16,5899,1744,1123,1713,570,61,32,80,25,261,8,129,3,96,25,15,2,2487391,3510,69,1,16,1,0,0,0,3,0,0,4,0,0,0,816,469,320,115,16,6,1285,435,22,4,82,62,7,156
3150901001001,31056,Itajubá,526,0,0,0,0,0,0,3,14,74,2,0,55,227,6,0,0,4,224,289,1772,1396,35,3,280,0,1677,506,331,483,136,16,12,43,4,46,1,52,4,36,0,5,0,858291,0,13,4,9,0,0,0,0,0,0,0,0,0,0,0,270,224,5,7,0,0,494,12,0,3,34,9,0,47
3151008001001,31056,Itajubá,1496,0,1,8,0,1,0,1,52,284,11,4,186,921,41,26,0,5,472,1026,4953,3798,112,12,1027,4,4934,1498,1034,1428,449,80,51,54,21,189,3,57,1,59,3,9,2,2390501,1020,36,5,21,0,0,0,0,0,0,0,0,0,0,0,767,470,142,47,0,0,1237,189,0,0,91,80,3,174
3151107001001,31066,Cataguases,3083,2,108,17,1,2,0,0,209,643,18,4,728,2069,56,49,3,0,1231,1852,9102,4873,1100,62,3057,10,9089,3083,1947,2065,984,69,65,111,50,333,4,165,4,169,6,31,0,4612522,0,100,12,21,25,5,0,0,1,0,1,2,0,0,0,2184,798,54,37,8,2,2982,91,10,0,132,179,15,326
3151206003001,31006,Pirapora,6836,47,2,154,6,24,0,52,265,975,41,14,893,3225,150,250,146,148,2379,4495,24695,4538,2797,147,17194,19,24553,6874,4613,6232,3100,691,258,214,67,1537,53,331,9,555,27,95,38,8807531,30763,183,15,602,23,2,5,39,38,38,42,43,25,0,0,186,310,3210,3054,3,18,496,6264,21,94,671,113,65,943
3151206003002,31006,Pirapora,7996,39,10,107,0,14,1,36,168,1484,43,5,587,5026,186,111,129,108,3200,4702,27690,6934,2885,207,16906,85,26927,7839,4706,5918,3681,498,330,273,75,2103,89,501,7,590,109,209,12,15518252,13843,201,13,330,137,21,2,20,29,18,34,39,25,9,14,1061,1189,1897,3660,1,4,2250,5557,5,32,693,247,36,1008
3151305001001,31064,Ubá,2806,3,2,34,0,0,0,4,85,415,4,0,327,1564,18,0,5,6,934,1885,8814,4251,1219,72,3270,2,8768,2817,1827,2126,973,130,87,101,43,362,13,157,2,128,3,18,11,4580629,11800,27,16,57,10,2,0,1,2,0,2,3,1,0,0,1166,1473,73,94,0,0,2639,167,0,34,221,60,7,322
3151404001001,31029,Pará de Minas,6798,6,332,62,1,4,1,9,212,1224,19,10,768,4247,64,105,20,20,2518,4281,22624,12540,2238,220,7583,22,22423,6798,4232,5748,2974,321,135,186,47,1066,20,431,10,345,30,87,6,12845087,4561,174,24,41,61,18,0,0,3,0,5,6,1,0,0,3541,2535,459,252,3,1,6076,711,4,4,364,277,64,710
3151503003001,31042,Piuí,4015,7,32,2,0,2,0,6,346,924,13,1,1176,2963,51,13,10,6,1563,2472,11865,8351,669,96,2737,12,11671,4026,2396,2585,1318,143,73,174,36,430,9,247,6,143,40,59,11,8324768,12600,82,1,21,14,3,0,0,0,0,6,7,4,0,0,2727,1218,36,14,0,1,3945,50,1,7,168,207,6,388
3151503003002,31042,Piuí,5546,2,97,12,1,0,0,3,373,1395,15,0,1271,4311,37,52,2,6,2025,3542,16699,10737,1145,150,4638,29,16617,5566,3458,3840,1852,289,74,282,62,575,10,304,4,233,44,62,20,9981830,17150,106,8,48,32,10,0,0,0,0,2,2,0,0,0,3074,2044,63,42,0,0,5118,105,0,62,348,244,29,684
3151602001001,31021,Frutal,3185,1,3,43,2,2,0,40,312,839,37,8,997,2777,112,15,1,110,1123,2074,10091,5376,570,80,4053,12,10054,3197,2200,2212,927,244,81,169,35,420,13,175,5,228,18,154,12,6209425,14815,62,7,12,4,3,0,0,0,0,1,1,0,0,0,1850,1016,33,37,0,0,2866,70,0,29,204,87,16,336
3151701001001,31049,Alfenas,3015,0,6,11,0,1,0,4,61,565,15,1,207,1711,50,30,0,9,892,2129,9281,6730,586,36,1925,4,9212,3020,2091,2426,800,106,53,107,24,297,5,144,1,111,8,30,5,5614818,6590,30,7,14,11,4,0,0,0,0,0,0,0,0,0,1643,1175,93,101,0,3,2818,194,3,17,116,55,13,201
3151800003001,31051,Poços de Caldas,4228,0,15,2,1,2,0,2,75,1184,40,0,895,4392,151,12,0,3,1396,2847,12881,9647,654,59,2497,24,12833,4239,2829,3082,1279,167,101,177,55,466,11,176,2,158,22,81,11,9179418,11775,142,3,3,0,0,0,0,0,0,0,0,0,0,0,3553,572,72,31,0,0,4125,103,0,19,283,267,31,600
3151800003002,31051,Poços de Caldas,4280,3,6,1,0,0,0,0,250,1048,11,0,846,3657,29,6,9,0,1381,2900,13633,9760,669,65,3105,34,13632,4281,3101,3691,1217,174,102,146,45,453,12,134,5,180,17,68,1,9982344,800,65,0,4,4,2,0,0,0,0,2,3,0,0,0,3959,281,32,8,0,0,4240,40,0,0,211,239,34,484
3151800003003,31051,Poços de Caldas,4331,1,6,1,0,0,0,0,28,1133,20,0,150,4953,80,9,1,0,1796,2539,12201,9535,587,74,1977,28,12135,4334,2440,2403,1270,121,71,224,49,536,13,256,8,213,38,120,3,14868806,1700,108,17,0,5,6,0,0,0,0,1,1,0,0,0,3487,767,30,46,0,0,4254,76,0,11,258,270,39,577
3151800003004,31051,Poços de Caldas,3988,0,35,0,0,0,0,1,90,742,35,0,391,3616,146,11,0,1,1609,2381,11484,9146,544,69,1720,5,11294,3988,2368,2451,1059,94,63,256,34,358,9,269,13,166,20,106,0,15505867,0,127,0,0,0,0,0,0,0,0,0,0,0,0,0,3432,542,11,3,0,0,3974,14,0,0,217,287,38,542
3151800003005,31051,Poços de Caldas,6559,5,12,0,0,0,0,6,1143,1015,34,0,5221,3337,94,42,26,28,2384,4178,21423,13233,1822,82,6256,22,21386,6562,4413,5212,2363,413,215,356,82,1060,31,324,12,293,19,45,5,10094787,6100,145,0,4,0,1,0,0,0,0,1,5,0,0,0,5881,620,30,13,0,0,6501,43,0,27,453,175,15,669
3151800003006,31051,Poços de Caldas,4177,4,8,12,0,1,0,3,417,696,55,7,1515,2583,179,5,13,6,1519,2658,13738,8650,1355,85,3630,15,13731,4177,2904,3627,1419,167,129,201,55,608,13,212,12,160,12,29,1,9092525,100,119,1,20,3,1,0,0,4,0,3,4,4,0,0,3723,330,70,33,1,8,4053,103,9,21,287,189,64,561
3151800003007,31051,Poços de Caldas,3937,0,9,6,0,1,0,2,376,925,43,2,1248,2952,128,27,0,5,1316,2622,12466,8935,613,74,2791,48,12453,3936,2828,3173,1086,164,79,266,53,407,6,236,5,165,15,32,1,7198472,510,116,3,9,0,0,0,0,0,0,0,0,0,0,0,3119,735,20,39,0,1,3854,59,1,0,248,137,28,413
3151800003008,31051,Poços de Caldas,7123,2,12,2,0,0,0,3,63,2499,17,0,244,8211,59,9,2,8,2972,4153,20922,14231,1404,142,5120,25,20834,7124,4268,4395,2347,260,136,366,67,875,10,471,15,321,42,129,1,12598337,1100,282,0,7,8,2,0,0,0,0,0,2,1,0,0,6680,293,134,16,0,0,6973,150,0,10,333,453,47,844
3151800003009,31051,Poços de Caldas,10767,2,139,5,0,3,0,2,111,2467,15,0,736,11423,63,40,6,6,4458,6311,29974,22382,2051,203,5317,21,29884,10767,6081,6091,3084,346,162,610,88,1029,17,628,27,455,157,317,0,31902675,0,291,0,1,16,2,0,0,0,0,0,2,0,0,0,9857,827,75,7,1,0,10684,82,1,12,464,848,59,1383
3151909001001,31041,Aimorés,1857,9,3,76,1,4,0,7,2,345,6,0,6,1035,23,30,17,16,682,1179,5399,2350,264,4,2775,6,5374,1861,1188,1189,531,60,37,72,20,234,9,91,5,58,2,21,4,2014433,1760,58,12,114,18,0,0,3,6,3,6,9,1,0,0,480,1010,175,191,0,1,1490,366,1,6,111,70,5,192
3152006003001,31024,Três Marias,7510,35,15,100,0,8,0,50,682,1469,33,11,2365,4787,110,37,84,149,3119,4407,25740,8971,3602,427,12612,128,25623,7525,4481,6138,3696,528,211,296,60,1500,40,509,12,523,39,83,15,12447776,14301,172,9,208,39,9,0,10,11,10,32,32,2,0,0,4753,1098,1118,414,14,16,5851,1532,30,25,576,299,28,928
3152105003001,31060,Ponte Nova,2473,3,303,50,0,1,0,9,67,428,41,4,225,1630,165,47,12,20,835,1481,8065,2507,983,44,3869,0,7403,2244,1447,1802,865,120,85,86,30,409,13,110,2,132,16,31,0,3687928,0,26,4,39,26,0,2,3,3,3,3,3,0,3,1,536,1114,252,325,1,13,1650,577,14,11,157,139,0,306
3152105003002,31060,Ponte Nova,6781,5,27,32,1,7,0,28,177,1518,25,0,775,5396,82,73,10,54,2672,3960,21648,7772,3312,276,9537,44,20838,6555,3957,4852,2636,252,176,239,77,1082,26,440,12,415,31,69,6,11406322,3910,91,13,36,19,7,0,0,2,1,2,5,0,0,0,4594,1419,272,258,0,1,6013,530,1,31,499,433,31,995
3152105003003,31060,Ponte Nova,6753,19,132,31,1,19,0,31,145,940,12,3,878,5181,54,131,46,60,2651,4101,21472,8682,3255,213,9300,6,21422,6752,4149,4879,2758,362,195,236,57,1090,27,351,4,379,32,132,5,15542139,6110,138,8,43,10,6,1,1,5,0,13,19,8,0,0,4307,2027,175,221,1,8,6334,396,9,19,485,273,34,811
3152131001001,31007,Montes Claros,715,21,183,130,1,4,0,10,4,67,3,0,14,207,13,0,72,33,284,433,2581,604,319,63,1582,13,2577,716,449,605,401,55,12,30,2,147,8,51,0,60,5,35,1,646740,3000,49,5,37,0,0,2,9,11,10,17,17,4,0,0,89,123,332,159,6,2,212,491,8,0,64,11,4,79
3152170001001,31012,Araçuaí,1181,29,218,56,0,5,4,18,3,204,1,3,8,614,5,25,90,48,800,383,4031,869,205,18,2939,0,4025,1182,686,941,618,59,20,67,7,216,6,92,4,98,14,9,1,1167567,750,71,22,111,236,67,5,23,28,21,25,28,19,14,0,79,115,270,691,0,3,194,961,3,144,98,28,5,274
3152204003001,31004,Janaúba,962,51,60,176,2,49,0,8,6,60,5,10,17,211,13,25,157,24,323,639,3351,926,258,30,2136,1,3351,962,620,929,443,69,41,18,5,167,2,29,0,56,6,2,0,702796,0,37,0,4,95,9,4,15,14,15,49,51,10,6,0,28,67,110,747,1,9,95,857,10,0,85,11,0,96
3152204003002,31004,Janaúba,4844,55,337,307,2,60,0,25,90,619,17,17,307,2038,49,64,165,62,1750,3113,15987,5819,921,113,9128,6,15871,4862,3132,4306,1926,173,118,128,25,675,21,216,5,189,32,54,18,5818345,8401,184,12,31,294,45,7,14,33,14,54,55,13,18,4,767,1119,691,2237,5,18,1886,2928,23,43,310,150,0,503
3152303001001,31062,Viçosa,1468,2,0,10,0,0,0,2,0,189,2,0,1,709,9,4,7,8,614,856,4831,2180,432,11,2204,4,4811,1470,957,1220,551,55,53,39,14,231,11,71,1,116,6,16,2,1752896,1480,72,16,24,5,2,0,0,1,0,1,2,1,0,0,770,505,84,107,0,0,1275,191,0,0,107,46,13,166
3152402001001,31015,Teófilo Otoni,2764,38,291,307,2,15,3,40,56,398,14,25,203,1332,52,18,92,101,1251,1521,9337,2289,942,68,6037,1,9299,2772,1558,2039,1445,176,75,142,22,637,20,157,2,161,16,71,8,2960276,10350,130,9,114,64,6,4,21,38,27,37,38,6,1,1,710,719,540,737,22,36,1429,1277,58,7,179,74,17,278
3152501003001,31052,Pouso Alegre,4099,4,362,1,0,1,0,3,254,809,25,1,920,2755,114,23,13,13,1311,2793,14261,10211,786,92,3144,28,14168,4104,3004,4183,1278,227,138,146,51,489,8,206,4,226,18,77,5,9615817,5350,52,11,77,168,47,0,0,2,1,2,4,2,2,1,2540,1417,76,65,0,1,3957,141,1,0,307,196,21,524
3152501003002,31052,Pouso Alegre,4149,0,9,3,0,0,0,2,119,1194,1,0,412,3948,12,18,0,7,1682,2476,12630,10035,524,62,2001,8,12484,4155,2471,2792,1315,120,127,180,35,486,13,281,10,275,29,179,6,11511764,11050,39,3,0,19,8,0,0,0,0,0,0,0,0,0,3261,847,33,8,0,0,4108,41,0,0,289,318,17,624
3152501003003,31052,Pouso Alegre,3917,2,19,5,0,1,0,7,250,721,5,1,845,2391,15,82,7,14,1253,2668,13567,8534,1246,28,3749,10,13535,3921,2574,3579,1586,233,186,108,34,801,19,216,4,209,18,43,4,6628770,3810,93,16,64,47,16,0,1,0,0,2,2,1,0,1,3530,345,36,6,0,0,3875,42,0,10,359,176,14,560
3152501003004,31052,Pouso Alegre,11247,5,263,18,0,13,0,9,1781,2568,33,0,5824,8735,104,28,13,29,3874,7381,37332,26153,1904,279,8957,39,37280,11254,7915,9741,3557,629,338,555,129,1411,30,601,14,692,26,377,7,23906210,10270,205,17,82,13,1,0,1,0,0,5,5,4,0,0,6172,4665,132,220,1,1,10837,352,2,8,849,445,30,1333
3152501003005,31052,Pouso Alegre,3807,4,92,5,0,5,0,3,257,962,16,0,866,3206,58,16,13,4,1315,2496,12064,9723,515,64,1740,22,11808,3811,2615,3072,972,104,105,162,35,352,9,206,6,216,19,132,4,10759430,8672,37,2,64,155,60,0,0,0,0,3,4,3,1,1,1936,1508,100,256,1,1,3444,356,2,14,123,121,12,270
3152501003006,31052,Pouso Alegre,9819,9,268,10,0,60,1,15,229,2058,48,6,904,8773,210,79,14,38,3683,6164,29736,23665,1199,186,4674,12,29485,9843,5738,6809,3050,337,285,346,93,1219,44,589,16,566,44,488,24,32049346,28151,124,4,75,29,13,0,4,3,3,9,9,6,0,1,6604,2833,228,148,1,5,9437,376,6,9,537,699,53,1299
3152600001001,31054,São Lourenço,1188,2,191,32,3,1,0,6,22,147,16,6,79,420,54,0,3,6,412,783,3658,2600,178,10,868,2,3605,1191,703,834,397,62,39,39,12,181,4,70,1,42,11,20,3,2407377,2300,39,5,6,0,0,1,2,2,2,2,2,0,0,0,631,215,227,93,13,8,846,320,21,3,74,25,9,112
3152709001001,31058,São João del Rei,1813,3,25,93,1,1,0,1,11,195,3,9,35,619,7,0,5,5,655,1160,5936,3078,300,24,2532,2,5872,1814,1146,1574,691,73,63,60,7,234,5,137,2,58,6,5,1,2645255,750,30,8,42,11,3,0,1,3,1,1,3,0,0,0,605,962,56,178,0,12,1567,234,12,0,70,33,3,106
3152808003001,31018,Uberlândia,6297,16,16,138,7,32,2,24,688,1466,13,39,2217,4486,31,25,25,53,1845,4463,19381,9939,2269,260,6908,5,19257,6307,4028,4078,1869,552,178,255,95,1003,20,262,19,412,19,168,10,12110409,6242,156,17,59,21,7,2,4,11,4,16,16,2,0,0,2380,3528,72,242,1,41,5908,314,42,22,397,143,29,591
3152907001001,31047,Passos,2731,0,35,9,1,1,0,4,282,465,2,0,897,1338,2,2,0,6,847,1887,7793,5032,397,32,2328,4,7739,2734,1733,1818,718,145,26,94,25,238,2,113,3,69,7,30,3,4340859,6110,52,4,18,7,1,0,0,0,0,0,0,0,0,0,1307,1304,45,64,0,0,2611,109,0,0,112,51,18,181
3153004001001,31023,Araxá,625,1,1,4,0,0,0,0,3,84,1,1,10,238,3,0,1,0,235,391,1759,1054,25,4,673,3,1758,626,368,463,166,9,5,19,4,41,1,28,1,16,5,7,1,791656,700,42,1,2,13,6,0,0,0,0,1,1,0,0,0,194,407,2,7,0,2,601,9,2,4,14,10,0,28
3153103001001,31062,Viçosa,538,0,36,4,2,0,0,0,2,94,1,0,13,314,3,0,0,0,213,327,1642,1010,164,2,466,0,1626,539,332,410,170,16,12,18,8,56,0,27,2,22,5,4,1,750619,1570,5,3,14,1,1,0,0,0,0,0,0,0,0,0,345,159,15,19,0,0,504,34,0,4,31,18,0,52
3153202001001,31025,Curvelo,528,2,0,25,0,2,0,2,1,56,2,0,4,172,6,1,4,6,143,385,1846,425,206,0,1215,0,1846,528,350,584,191,46,11,5,3,69,1,19,0,28,6,3,0,675128,0,10,0,6,0,0,0,0,1,0,0,2,0,0,0,120,280,12,73,0,0,400,85,0,0,19,8,4,32
3153301001001,31010,Diamantina,527,4,0,2,0,0,0,3,0,50,0,1,0,163,0,1,12,13,190,337,2017,313,130,23,1551,0,2012,527,339,570,300,22,19,13,5,134,2,21,0,36,0,23,0,566168,0,13,1,2,25,2,0,0,3,0,4,4,1,1,0,279,229,10,8,0,1,508,18,1,0,70,6,0,76
3153400001001,31002,Paracatu,4410,7,27,298,9,11,1,4,219,834,14,171,720,2490,46,16,15,9,1725,2693,13150,7010,469,115,5547,9,13036,4416,2742,3209,1452,217,44,126,21,445,12,195,1,124,11,23,6,6029346,3070,165,29,33,24,6,0,3,5,3,7,7,2,0,3,1661,2114,124,333,80,98,3775,457,178,10,199,105,19,333
3153509001001,31061,Manhuaçu,1507,0,133,22,1,0,0,1,15,375,56,1,44,1188,191,13,0,1,468,1042,4300,3085,155,21,1038,1,4255,1510,973,975,408,71,21,39,22,129,0,40,1,47,1,15,3,2145383,1080,45,4,35,3,0,0,0,0,0,0,0,0,0,0,712,467,200,116,1,11,1179,316,12,5,84,79,0,168
3153608001001,31027,Sete Lagoas,2587,3,3,35,0,1,0,3,92,333,31,0,342,1058,104,39,4,9,927,1661,9199,2484,864,134,5711,6,9197,2588,1660,2347,1285,173,103,85,12,568,17,145,2,182,15,12,1,3936529,510,73,2,26,7,0,0,0,0,1,3,3,0,0,0,803,453,579,725,2,0,1256,1304,2,6,224,61,15,306
3153707001001,31026,Bom Despacho,920,7,135,72,1,1,0,7,5,131,0,2,22,435,0,21,12,23,425,499,2766,1592,354,18,801,1,2749,924,558,636,326,29,13,52,7,93,4,59,2,39,5,5,4,1170866,3521,52,0,10,8,0,0,2,3,2,7,7,0,0,0,65,314,109,417,0,15,379,526,15,44,25,10,0,79
3153806001001,31034,Conselheiro Lafaiete,282,0,2,2,0,0,0,0,0,42,0,0,0,122,0,0,0,0,87,195,847,554,23,1,269,0,847,282,168,229,83,12,7,3,3,34,2,13,0,6,5,0,0,384241,0,7,0,19,0,0,0,0,0,0,0,0,0,0,0,249,28,4,1,0,0,277,5,0,0,14,19,0,33
3153905001001,31030,Belo Horizonte,4147,1,13,34,1,3,0,5,22,559,11,12,77,1747,30,66,2,8,1502,2645,14552,3837,1682,424,8602,7,14552,4147,2570,3662,2263,150,134,156,26,832,14,300,10,251,9,26,0,7585884,0,78,0,16,4,3,0,1,1,1,1,1,0,0,0,3244,324,335,186,2,8,3568,521,10,5,474,114,36,629
3154002001001,31060,Ponte Nova,5164,11,155,193,1,21,7,16,247,968,46,18,997,3696,154,169,19,40,1931,3247,15484,6386,1262,202,7625,9,15377,5168,3137,3545,1720,185,111,174,50,628,18,318,7,239,34,39,4,7235704,2720,198,27,184,25,4,1,5,9,4,9,11,1,0,0,2045,1934,674,451,5,42,3979,1125,47,42,219,153,20,434
3154101001001,31066,Cataguases,3105,4,41,62,0,6,0,9,127,686,18,1,360,2106,59,55,7,15,1346,1762,9073,4543,1697,95,2736,2,9048,3108,1813,1803,1055,147,82,150,31,450,10,168,6,169,15,42,3,4128578,1870,95,16,90,6,2,0,3,3,1,2,4,1,0,0,1542,1144,194,204,0,21,2686,398,21,11,162,140,6,319
3154150001001,31061,Manhuaçu,1097,1,614,20,0,1,0,0,21,227,6,1,90,908,21,8,3,0,331,766,3648,1570,373,113,1581,11,3648,1097,767,944,397,118,20,41,9,134,2,48,1,56,4,7,0,1611997,0,28,15,25,0,0,0,0,1,0,0,1,1,0,0,564,450,23,50,0,7,1014,73,7,0,64,49,4,117
3154200001001,31058,São João del Rei,2812,1,86,53,1,5,0,14,38,363,9,5,129,1118,26,47,2,41,1155,1659,8776,5724,765,32,2253,2,8687,2813,1764,2333,884,76,46,114,7,284,1,213,5,114,9,22,1,4264038,0,54,18,39,161,38,0,0,0,0,0,1,0,1,0,253,785,380,1365,0,24,1038,1745,24,0,134,53,0,187
3154309001001,31041,Aimorés,4372,11,969,158,0,10,1,16,49,834,17,14,158,2887,69,43,26,58,1922,2452,12832,4991,880,168,6751,26,12701,4372,2619,2409,1590,204,95,197,49,635,21,176,14,202,49,62,4,6035901,2760,270,10,103,142,38,0,4,8,3,8,11,7,2,0,656,3002,24,650,0,19,3658,674,19,26,232,244,0,501
3154408001001,31059,Barbacena,947,0,39,78,2,4,1,3,15,92,5,23,55,277,18,1,0,6,286,668,3023,1738,175,28,1072,10,2979,953,617,857,273,40,25,27,3,84,1,64,2,28,5,4,6,1443364,3686,22,2,6,10,0,0,0,0,0,0,0,0,0,0,220,129,247,279,5,32,349,526,37,7,23,0,0,30
3154457001001,31006,Pirapora,1316,11,2,157,5,0,0,7,26,245,6,1,92,847,14,19,40,20,471,848,4435,1118,319,96,2901,1,4429,1317,780,1103,615,118,27,30,10,258,6,49,4,67,7,36,1,1282191,2058,51,1,146,0,0,1,8,11,8,11,11,8,0,0,0,11,7,1256,0,41,11,1263,41,0,68,45,7,120
3154507001001,31004,Janaúba,1157,21,192,184,1,86,1,11,11,108,4,6,54,397,12,11,57,32,342,817,4499,1394,312,33,2760,0,4497,1159,799,1411,542,68,58,17,9,252,2,61,0,83,20,12,2,1323609,1590,26,15,59,27,0,6,13,19,17,21,21,18,0,6,44,396,65,644,0,8,440,709,8,9,115,4,0,129
3154606005001,31030,Belo Horizonte,4336,8,13,95,2,2,0,13,1449,537,41,17,5283,1835,141,44,17,43,1470,2872,16875,4154,2302,208,10198,13,15366,4342,3056,4289,1704,327,121,164,41,567,10,280,3,353,93,31,6,6183841,9880,130,3,127,1742,333,0,1,2,1,5,5,1,4,0,152,338,1160,1393,6,3,490,2553,9,14,344,85,91,535
3154606005002,31030,Belo Horizonte,4171,3,101,40,0,240,5,6,181,630,4,8,828,2208,10,26,9,20,1646,2531,13918,4024,1926,295,7588,85,13911,4177,2767,3576,1823,224,102,129,42,557,14,197,8,243,34,24,6,5939658,5370,106,14,383,454,61,0,1,2,1,3,3,1,1,0,1323,1850,208,764,1,13,3173,972,14,0,263,99,89,451
3154606005003,31030,Belo Horizonte,4602,8,257,147,3,150,7,16,362,420,10,6,1326,1375,31,44,17,55,2008,2603,16243,4214,2281,190,9495,63,16217,4611,2975,4342,2206,242,140,289,40,678,15,320,6,316,34,26,9,5976295,11420,198,5,222,1590,186,0,4,5,4,6,8,1,2,3,1030,1542,432,1521,1,8,2572,1953,9,0,332,17,51,400
3154606005004,31030,Belo Horizonte,4066,9,37,186,1,59,0,19,131,407,6,14,450,1351,19,18,20,47,1611,2463,13797,3187,2168,292,8137,13,13778,4074,2685,3650,1809,261,96,149,38,460,7,232,5,249,29,53,8,4703147,9940,163,13,354,2000,268,1,9,9,9,9,9,0,7,1,204,1200,307,2322,4,19,1404,2629,23,0,265,79,17,361
3154606005005,31030,Belo Horizonte,4102,14,53,246,2,60,23,17,152,309,28,17,616,1025,114,47,35,47,1873,2231,14385,3471,2457,379,8040,38,14376,4104,2625,3705,1929,246,109,348,28,608,19,391,14,213,27,18,2,5026800,6210,167,2,87,724,69,0,7,5,4,10,14,1,2,1,699,794,901,1450,5,9,1493,2351,14,80,309,46,28,463
3154606005006,31030,Belo Horizonte,4149,7,8,86,0,2,11,11,216,437,27,3,868,1365,88,57,11,30,1512,2640,14105,3731,2058,257,7985,74,14096,4152,2782,3608,1880,221,124,147,41,646,10,223,6,224,17,18,3,5711307,3170,92,3,119,32,0,0,0,3,1,6,6,1,0,0,1521,1760,187,352,3,3,3281,539,6,0,207,72,28,307
3154606005007,31030,Belo Horizonte,4303,0,152,75,1,38,2,7,512,543,15,23,2022,1692,42,33,0,21,1678,2635,16174,4188,2464,313,9133,69,14517,4309,2768,3392,2181,317,94,216,42,566,8,311,18,258,36,23,9,6061592,10080,119,9,91,115,9,0,0,0,0,0,0,0,0,0,1615,1803,306,501,2,30,3418,807,32,15,285,64,46,410
3154606005008,31030,Belo Horizonte,4067,2,29,12,0,3,0,0,149,606,9,0,729,2190,31,24,5,0,1470,2600,13578,4523,1428,149,7445,33,13551,4070,2694,3603,1712,187,96,155,29,481,11,225,1,230,29,26,3,7998078,2110,77,8,54,16,1,0,0,1,1,2,2,2,0,0,2006,1772,167,111,0,0,3778,278,0,0,239,45,47,331
3154606005009,31030,Belo Horizonte,4125,6,207,217,7,34,1,45,492,322,124,43,2048,1188,559,151,17,165,1633,2498,15369,3890,2546,277,8605,51,14337,4131,2707,3725,1751,288,111,316,36,542,13,351,11,293,37,43,6,6378568,4869,175,10,130,319,41,2,3,6,3,5,6,4,1,0,329,452,1541,1363,35,36,781,2904,71,16,209,75,13,312
3154606005010,31030,Belo Horizonte,4413,5,34,113,2,39,10,5,79,573,26,2,325,2045,78,34,12,13,1509,2909,15188,3833,1818,326,9166,45,15152,4417,2895,3981,1993,328,130,161,43,623,13,247,7,266,34,22,4,5809425,3590,173,1,90,253,3,0,1,3,1,4,5,4,0,0,1785,1444,197,433,0,5,3229,630,5,0,442,145,33,620
3154606005011,31030,Belo Horizonte,4243,5,195,24,0,188,10,2,364,548,17,1,1319,1712,56,146,14,10,1459,2786,14821,4034,2012,252,8492,31,14818,4245,2864,4103,1740,222,130,223,40,560,10,307,12,320,28,17,2,6075736,1720,86,5,87,491,112,0,0,4,1,3,5,2,1,1,984,2113,119,590,0,2,3097,709,2,0,252,87,59,398
3154606005012,31030,Belo Horizonte,3985,5,345,43,1,7,3,3,18,605,4,3,62,1850,14,32,18,5,1549,2438,13222,3397,1689,209,7911,16,13207,3987,2508,3351,1750,197,106,154,19,527,5,296,7,218,46,39,2,5319130,2235,107,7,81,139,28,0,1,2,1,5,5,0,1,3,2402,682,381,219,1,0,3084,600,1,0,287,140,55,482
3154606005013,31030,Belo Horizonte,4031,5,124,35,2,9,1,4,476,596,25,4,1756,1920,90,49,9,17,1371,2664,13737,3886,1613,139,8096,3,13723,4035,2733,3657,1736,207,102,135,37,545,5,243,5,245,23,27,4,5521673,3160,123,3,71,70,6,0,0,0,0,1,2,0,0,0,1803,888,172,185,1,1,2691,357,2,10,199,93,5,307
3154606005014,31030,Belo Horizonte,4073,2,5,8,0,5,7,1,89,578,12,1,420,2063,45,5,3,2,1653,2421,13820,3802,1681,272,8049,16,13818,4074,2585,3400,1855,236,89,313,34,479,12,382,15,274,33,37,1,5602447,1400,262,0,66,189,26,0,0,0,0,2,2,0,0,0,1763,1802,202,306,0,0,3565,508,0,25,277,89,8,399
3154606005015,31030,Belo Horizonte,4199,2,72,36,2,9,0,3,248,440,31,1,1850,1725,109,56,7,14,1271,2929,14538,4144,1636,251,8471,36,14536,4200,2960,4065,1700,269,120,124,35,517,9,213,5,225,35,58,1,6022556,2042,140,4,82,260,39,0,1,1,1,1,2,0,1,0,2236,1161,409,374,0,14,3397,783,14,0,195,137,22,354
3154606005016,31030,Belo Horizonte,4245,2,300,15,0,3,1,1,52,647,24,0,274,2157,64,45,5,6,1650,2597,14436,4159,1999,276,7987,15,14423,4247,2573,3321,2161,220,112,283,37,628,13,419,17,332,40,18,2,5835582,1200,235,16,66,309,33,0,1,1,1,2,2,1,1,1,1178,2849,87,131,0,0,4027,218,0,18,328,92,6,443
3154606005017,31030,Belo Horizonte,4295,4,104,27,1,3,3,5,53,617,9,0,195,2142,28,63,15,11,1675,2620,14761,3969,2020,332,8416,24,14761,4295,2753,3749,2034,264,149,177,39,658,14,256,6,276,42,47,0,5548511,0,259,4,74,490,86,0,1,2,2,3,4,1,0,0,1728,2244,99,205,0,1,3972,304,1,0,296,195,25,517
3154606005018,31030,Belo Horizonte,4219,2,125,9,0,5,6,4,65,544,20,5,225,1713,65,62,9,16,1552,2668,14623,3904,1788,297,8608,26,14609,4220,2789,3972,1745,200,125,275,46,515,15,357,8,282,34,28,1,5735998,2280,118,6,135,97,12,1,1,1,1,2,2,1,0,0,2185,1505,213,307,0,5,3690,520,5,0,347,127,19,494
3154606005019,31030,Belo Horizonte,4421,8,308,94,1,17,6,5,572,561,44,10,2151,1797,135,31,24,10,1508,2918,15447,3504,2421,253,9258,11,15386,4425,2994,4161,1939,327,122,168,37,608,11,271,9,294,15,13,4,6213837,3830,163,1,192,167,44,0,4,6,4,5,6,1,0,0,1972,1328,236,271,0,2,3300,507,2,0,257,46,10,313
3154606005020,31030,Belo Horizonte,4451,5,1174,42,1,6,2,5,141,392,12,18,1347,1779,35,82,14,17,1900,2554,15116,4121,2122,215,8643,15,15109,4454,2915,3998,2030,204,102,196,33,462,5,298,9,293,59,54,3,6160670,1720,212,2,143,169,23,0,2,3,2,4,5,4,1,0,2880,452,634,135,4,0,3332,769,4,0,310,117,47,473
3154705001001,31057,Lavras,1123,0,1,5,1,1,0,1,66,150,6,1,213,442,15,8,0,1,352,772,3543,1777,513,30,1218,5,3532,1124,702,828,387,67,55,19,12,211,3,55,1,60,1,6,1,2035454,700,16,2,4,17,0,0,0,0,0,0,0,0,0,0,662,441,8,9,0,1,1103,17,1,0,101,34,2,137
3154804001001,31030,Belo Horizonte,2286,4,78,29,2,0,0,5,9,298,32,3,27,1033,111,8,8,11,757,1530,7944,2090,987,101,4747,19,7940,2287,1511,2209,1005,119,86,48,16,365,9,108,0,140,3,31,1,4425654,0,32,7,32,0,0,0,2,4,2,3,4,3,0,0,1296,523,195,104,1,7,1819,299,8,0,162,64,6,231
3154903001001,31060,Ponte Nova,3455,6,6,52,0,47,1,17,63,680,43,3,230,2363,150,23,12,51,1363,2098,11334,3332,1493,218,6266,25,11217,3458,2136,2671,1389,159,114,144,43,629,21,208,6,202,15,19,3,5180267,1680,127,22,33,0,0,1,2,3,1,3,5,1,0,0,812,2007,153,438,0,8,2819,591,8,23,253,133,26,436
3155009001001,31060,Ponte Nova,525,1,493,0,0,0,0,0,0,72,1,0,0,230,1,3,4,0,190,336,1653,546,290,19,794,4,1650,526,323,391,202,29,15,15,5,64,1,30,0,34,8,4,1,721499,510,20,0,0,0,0,0,0,0,0,0,1,1,0,0,409,109,1,1,0,0,518,2,0,0,33,26,0,58
3155108001001,31014,Almenara,837,14,56,1,0,2,0,1,2,101,5,0,8,291,12,27,36,1,291,552,2730,717,408,9,1596,0,2717,843,510,637,323,52,43,15,9,185,5,31,0,52,4,17,6,849450,3010,50,1,4,57,8,0,2,12,5,13,14,3,1,0,191,487,44,115,0,0,678,159,0,12,72,19,6,109
3155207001001,31062,Viçosa,757,1,422,45,0,5,1,5,6,72,2,4,14,254,4,1,1,15,306,461,2403,1510,259,29,605,0,2377,757,468,651,254,16,19,17,4,106,6,31,0,35,2,9,0,861883,0,28,5,5,0,0,1,1,1,1,1,1,1,0,0,300,55,319,78,3,2,355,397,5,6,24,12,0,42
3155306001001,31032,Itaguara,884,2,4,36,0,1,0,0,12,118,4,1,39,357,10,0,2,0,252,636,2810,1577,215,16,1002,0,2802,888,568,805,279,48,15,17,5,78,1,53,0,29,8,16,4,1376125,2626,13,2,49,129,23,0,1,1,1,1,2,0,0,0,33,9,627,211,2,0,42,838,2,0,44,11,0,55
3155405001001,31065,Juiz de Fora,2420,2,90,38,0,1,1,16,39,431,15,1,131,1370,52,17,4,32,906,1518,7539,4382,1279,21,1854,3,7490,2424,1381,1600,1017,124,83,87,17,374,8,156,3,185,12,20,4,3613986,1530,75,6,15,74,12,0,1,2,2,2,2,1,1,1,1279,845,151,140,0,5,2124,291,5,7,152,124,5,287
3155504001001,31020,Patos de Minas,2393,3,26,8,0,4,0,4,34,521,1,3,116,1606,4,14,11,12,792,1608,7288,4662,563,47,2015,1,7232,2399,1556,1721,780,113,41,56,15,251,8,110,3,100,34,46,6,4343288,7428,37,6,25,23,9,0,1,1,1,3,3,2,1,1,638,1644,18,87,0,6,2282,105,6,21,102,77,0,200
3155603001001,31005,Salinas,3208,13,789,72,1,28,0,18,43,400,4,3,153,1315,14,0,40,42,1115,2099,11692,4337,344,87,6919,5,11636,3214,2171,3632,1285,138,105,122,18,452,4,217,8,187,28,40,6,3658022,2088,186,22,222,1,0,2,10,10,10,12,13,6,0,1,231,406,854,1693,0,3,637,2547,3,21,201,88,0,310
3155702001001,31031,Itabira,3483,4,25,79,1,0,0,5,106,388,15,2,395,1237,44,43,6,8,1171,2316,11272,4021,2178,80,4983,10,11229,3487,2311,2983,1228,174,77,100,37,428,7,182,1,151,25,39,4,5479512,2340,96,4,13,25,5,0,1,2,1,2,4,1,0,0,1316,1523,400,199,5,3,2839,599,8,4,171,55,0,230
3155801001001,31064,Ubá,4664,3,13,23,0,0,0,9,83,785,21,4,392,3900,85,44,10,25,1691,2978,14454,7924,1759,83,4665,23,14384,4668,2895,3410,1619,246,119,155,23,613,17,233,4,211,20,116,4,8406057,2762,74,42,42,12,5,0,0,2,1,1,3,3,0,0,2875,1575,120,86,0,8,4450,206,8,7,241,383,5,636
3155900001001,31065,Juiz de Fora,1479,2,787,19,1,2,1,7,4,271,16,8,83,962,58,20,2,13,728,747,4451,2528,429,17,1451,3,4385,1475,826,920,584,50,33,58,11,182,11,111,2,81,5,34,2,2096418,510,68,1,8,10,4,1,1,1,1,0,2,1,0,0,937,200,211,108,4,8,1137,319,12,6,65,81,3,155
3156007001001,31028,Conceição do Mato Dentro,1602,11,134,224,6,5,0,34,6,258,10,35,18,784,32,23,28,112,652,951,5481,1036,998,112,3335,0,5443,1603,903,1232,840,71,46,73,9,307,14,139,2,107,30,42,1,1779246,1500,75,11,72,70,10,5,7,11,7,10,11,8,0,0,618,441,241,277,4,21,1059,518,25,14,105,36,0,156
3156106001001,31058,São João del Rei,1168,2,10,40,0,1,0,3,6,144,1,0,13,408,1,39,7,6,490,678,3407,1884,82,23,1417,1,3407,1168,698,754,402,35,17,46,11,162,7,58,0,39,9,1,0,1421804,0,34,6,24,31,20,1,1,2,1,2,2,2,0,0,287,102,543,234,0,1,389,777,1,4,49,25,0,78
3156205001001,31065,Juiz de Fora,636,1,236,12,0,0,0,9,57,101,1,3,161,294,4,12,1,15,213,423,1914,948,224,17,725,0,1914,636,370,437,270,37,19,12,7,75,1,15,0,23,6,5,0,820488,0,9,3,11,1,1,0,0,0,0,0,1,1,0,0,349,115,129,41,2,0,464,170,2,0,33,21,2,56
3156304001001,31064,Ubá,1655,2,5,3,0,0,0,1,60,382,6,1,216,1369,25,7,5,1,371,1285,5556,3303,809,11,1431,2,5506,1656,1260,1532,431,129,66,37,26,155,2,62,1,83,25,44,1,2805798,800,10,8,36,0,0,0,0,0,0,1,2,0,0,0,743,851,37,18,1,0,1594,55,1,0,131,71,3,205
3156403001001,31019,Patrocínio,883,2,0,4,0,0,2,0,12,183,6,0,47,580,14,8,4,0,344,539,2715,1610,203,8,894,0,2707,883,585,692,237,34,19,25,6,122,3,38,1,50,2,10,0,1253515,0,33,2,2,1,1,0,0,1,0,1,2,1,0,0,289,558,2,33,0,1,847,35,1,3,63,35,7,108
3156452001001,31063,Muriaé,802,1,0,4,0,0,0,0,7,210,13,2,23,598,40,0,1,0,240,563,2296,1156,117,123,900,0,2283,803,521,553,228,19,11,11,2,83,1,18,0,16,5,11,1,1050286,1000,31,9,3,0,0,0,0,0,0,1,1,1,0,0,451,201,87,46,0,0,652,133,0,3,25,24,0,51
3156502001001,31005,Salinas,745,40,9,35,0,24,0,19,6,119,1,3,12,399,1,11,129,58,274,473,2516,392,196,25,1900,3,2514,747,429,655,375,48,18,18,6,141,3,34,2,32,1,6,2,697676,3510,48,18,6,15,2,4,4,27,8,33,39,18,6,7,158,327,39,219,0,1,485,258,1,5,60,10,4,78
3156601001001,31014,Almenara,2364,55,3,87,1,31,17,50,30,293,11,9,87,920,35,60,166,146,872,1498,7703,2071,540,63,5022,7,7678,2370,1423,1806,987,181,64,60,13,508,13,92,6,113,11,33,6,2253021,3050,97,4,50,136,17,2,29,46,29,51,55,29,9,16,1041,831,152,330,0,7,1872,482,7,4,153,61,6,225
3156700003001,31030,Belo Horizonte,4943,1,85,3,0,3,5,1,44,554,2,4,532,2414,3,51,1,4,2187,2756,16457,5449,2508,154,8332,14,16456,4943,3024,4057,2232,176,118,266,37,735,23,343,7,362,66,55,0,11976093,0,145,0,2,15,2,0,0,0,0,0,0,0,0,0,3999,662,72,38,0,0,4661,110,0,0,391,98,48,537
3156700003002,31030,Belo Horizonte,4836,6,8,12,0,0,1,4,73,800,5,4,417,2733,15,29,8,10,2136,2702,16298,5396,2761,147,7985,9,16294,4838,2888,4041,2046,184,148,338,37,841,27,478,11,324,52,41,2,9864093,2550,124,10,18,43,3,0,0,0,0,4,6,0,0,0,3409,1053,59,66,0,0,4462,125,0,14,444,153,36,647
3156700003003,31030,Belo Horizonte,5393,23,248,125,0,54,6,11,48,671,19,7,168,2206,62,29,47,29,1953,3441,19117,4584,2841,137,11538,14,19109,5393,3557,5267,2496,382,174,180,42,742,30,401,9,346,46,49,2,7253711,1785,220,4,176,114,12,0,5,15,5,21,22,10,0,0,3099,1158,742,237,5,2,4257,979,7,15,383,158,70,627
3156700003004,31030,Belo Horizonte,5235,6,147,37,2,10,0,10,36,409,5,1,269,1547,17,79,13,16,2127,3110,18324,5022,2875,330,10077,20,18297,5237,3269,4456,2720,261,204,176,36,1094,26,382,5,360,41,24,2,10412559,7800,152,2,38,115,12,1,1,5,3,4,6,2,1,2,3308,1543,228,105,1,0,4851,333,1,20,495,88,11,614
3156700003005,31030,Belo Horizonte,7898,36,560,475,4,96,7,48,71,768,34,72,277,2558,108,74,99,151,3209,4692,27917,6750,4426,650,16064,27,27908,7901,4971,7249,4027,429,271,340,70,1339,22,617,25,534,66,48,3,11346268,3510,332,30,149,329,38,2,17,26,18,24,36,11,0,0,3080,3387,394,943,10,65,6467,1337,75,21,569,95,28,713
3156700003006,31030,Belo Horizonte,7198,17,616,305,9,81,31,15,71,650,17,48,823,2400,49,90,39,46,3009,4180,24971,7270,3693,573,13329,42,24761,7182,4333,6195,3610,313,247,335,47,1257,32,558,25,464,99,59,2,13622429,510,378,19,120,479,48,2,7,11,9,13,14,2,0,2,3827,1506,614,585,17,16,5333,1199,33,10,590,147,40,787
3156809001001,31035,Guanhães,3001,32,656,197,2,22,2,30,61,416,16,14,231,1420,52,28,95,75,1240,1768,10136,2396,1391,160,6181,8,10099,3006,1736,2521,1420,139,78,81,24,611,19,193,6,179,18,52,5,3978197,1370,64,3,81,125,33,2,13,29,13,22,30,27,1,3,1487,651,545,300,9,6,2138,845,15,22,215,101,13,351
3156908001001,31023,Araxá,6103,5,3,18,0,5,0,16,893,1195,27,2,2975,3814,88,103,5,33,2125,3992,19275,12126,1314,137,5671,21,19125,6112,3829,4439,2208,333,144,269,52,809,12,362,4,333,19,207,11,12614001,15470,98,5,9,0,0,0,0,1,0,4,5,1,0,0,2211,3815,14,50,0,5,6026,64,5,12,368,280,19,678
3157005003001,31005,Salinas,4035,7,13,50,0,7,1,13,67,882,19,17,236,2805,74,27,28,40,1499,2541,13549,4220,469,189,8647,24,13534,4039,2720,3519,1437,174,135,156,35,520,9,343,7,266,8,151,4,5830118,2160,155,58,260,94,28,0,0,1,0,7,7,1,0,1,877,2823,72,248,1,14,3700,320,15,14,195,115,0,324
3157005003002,31005,Salinas,5106,36,20,252,3,48,2,53,58,724,13,10,200,2573,43,57,117,182,1842,3274,17167,5772,669,89,10625,12,17073,5111,3294,4493,2043,195,149,169,36,802,21,311,8,278,30,83,5,7291009,1770,331,20,213,214,41,7,20,28,24,33,36,16,3,6,1403,2157,181,1311,1,9,3560,1492,10,0,271,53,11,334
3157104001001,31014,Almenara,1609,31,706,147,0,25,0,25,35,255,8,6,134,879,24,10,106,72,708,904,5749,1275,571,64,3838,1,5743,1610,972,1218,692,133,66,142,22,474,24,152,11,136,50,35,1,1634976,0,155,2,75,150,39,1,12,19,22,24,31,12,5,4,141,936,24,503,0,4,1077,527,4,3,181,43,6,233
3157203001001,31031,Itabira,7089,13,97,151,1,12,0,30,201,1105,47,24,681,3592,203,68,34,88,2552,4552,24794,7723,3164,344,13514,49,24728,7104,4540,6620,3184,347,249,293,65,1125,26,508,10,519,64,93,15,11773112,9060,317,17,93,139,42,1,1,10,7,10,13,10,0,0,2984,3226,278,554,6,29,6210,832,35,47,573,215,36,871
3157252001001,31040,Caratinga,1246,3,21,19,1,0,1,2,5,235,1,2,18,933,1,3,4,4,382,866,3974,1615,220,28,2108,3,3959,1246,819,1076,421,79,17,39,6,141,0,51,3,40,5,14,0,1407536,0,31,11,83,2,5,0,1,1,1,1,3,1,0,0,337,350,370,167,7,3,687,537,10,0,44,46,2,93
3157278001001,31065,Juiz de Fora,574,0,8,7,0,0,0,2,4,129,2,0,15,359,3,18,0,3,192,383,1610,798,146,17,647,2,1607,575,347,376,161,33,2,17,8,37,2,28,0,10,6,8,1,558906,50,45,3,26,0,0,0,0,0,0,0,0,0,0,0,418,80,47,29,0,0,498,76,0,2,15,24,0,41
3157302001001,31059,Barbacena,697,0,346,30,0,4,1,1,2,109,4,1,6,322,13,3,0,1,246,451,2187,1048,95,6,1038,0,2187,697,482,604,208,20,15,11,6,80,1,32,0,25,2,4,0,840727,0,25,1,7,4,0,0,0,0,0,0,0,0,0,0,412,107,111,63,1,3,519,174,4,0,26,11,5,42
3157336001001,31058,São João del Rei,2520,4,2,3,0,0,0,8,69,460,7,0,289,1458,18,7,8,8,967,1553,7865,4101,537,71,3153,3,7861,2520,1581,1891,986,132,59,64,28,330,2,105,3,125,16,17,0,3427316,0,44,0,12,0,0,0,0,0,0,3,3,2,0,0,1401,1046,44,29,0,0,2447,73,0,0,146,180,6,332
3157377001001,31005,Salinas,367,7,351,10,2,0,2,1,1,30,2,0,5,75,4,0,18,2,117,250,1151,343,10,2,796,0,1150,367,247,321,123,11,4,8,2,52,0,1,0,11,0,0,0,381657,0,9,0,0,0,0,1,3,6,2,7,7,1,0,0,79,262,5,21,0,0,341,26,0,0,20,7,0,27
3157401001001,31060,Ponte Nova,558,2,5,18,0,1,0,3,3,60,3,0,7,225,8,40,5,5,211,348,1730,579,298,57,786,10,1728,559,331,414,220,31,8,19,4,76,0,20,2,39,3,3,1,645776,2510,8,1,4,3,0,0,0,2,0,0,2,2,0,0,153,284,49,68,0,3,437,117,3,0,30,19,0,50
3157500001001,31035,Guanhães,892,4,519,130,0,23,0,0,5,128,3,32,27,422,7,27,14,0,414,481,3053,843,177,68,1956,9,3044,895,571,832,441,38,26,16,3,151,1,21,0,44,2,10,3,912254,1510,100,7,33,0,0,0,0,3,0,2,4,1,0,0,88,381,92,311,3,17,469,403,20,0,48,25,0,73
3157609001001,31006,Pirapora,636,65,22,309,0,37,0,23,2,67,3,18,8,249,8,0,210,68,276,369,2291,476,393,12,1408,2,2262,644,376,519,368,64,23,20,4,133,7,40,2,52,19,12,8,785387,3330,22,1,30,78,3,1,50,64,50,64,64,60,17,34,1,6,29,580,0,18,7,609,18,28,52,9,7,95
3157658001001,31016,Nanuque,1071,23,111,26,0,0,2,13,6,136,1,9,26,454,4,6,90,36,391,684,3769,803,245,25,2679,17,3760,1074,713,972,431,64,40,30,3,278,9,50,2,82,2,9,3,889340,850,62,14,34,10,2,8,12,16,12,23,23,17,0,0,367,311,173,211,2,7,678,384,9,19,90,9,3,121
3157708001001,31023,Araxá,2957,8,2,8,0,1,1,3,111,843,16,1,384,3027,60,4,19,9,887,2077,9795,5809,436,77,3468,5,9757,2962,2058,2548,766,161,93,139,41,353,5,197,7,258,38,144,5,6082779,2960,105,22,124,18,9,0,0,1,0,6,7,0,1,0,482,2395,15,60,0,1,2877,75,1,14,198,114,20,347
3157807005001,31030,Belo Horizonte,5330,5,54,657,8,6,0,21,199,495,158,294,1718,1628,576,27,12,58,1980,3356,18576,5650,2932,40,9946,8,18495,5335,3541,5118,2147,213,176,273,44,746,18,480,15,335,40,24,5,9206518,5940,113,10,98,410,50,0,1,2,1,3,3,3,0,0,262,2209,178,1209,2,15,2471,1387,17,19,273,49,25,365
3157807005002,31030,Belo Horizonte,6621,4,9,182,6,7,1,12,100,618,36,47,874,2116,127,107,5,39,2326,4300,23087,7703,2523,193,12636,32,22757,6626,4254,5922,2922,305,201,342,61,950,14,544,11,448,91,46,5,13226282,3530,217,1,71,107,13,0,1,2,2,4,4,2,0,0,3041,2165,566,466,1,4,5206,1032,5,10,462,134,17,622
3157807005003,31030,Belo Horizonte,5139,5,64,21,1,9,0,0,137,634,25,12,1191,2122,101,312,16,0,1763,3377,17574,5332,2102,190,9932,18,17552,5140,3272,4440,2361,190,198,151,49,875,16,364,8,386,29,69,1,10300227,510,164,0,22,61,7,0,0,1,1,1,2,1,0,0,2469,2123,134,218,0,0,4592,352,0,21,342,127,8,499
3157807005004,31030,Belo Horizonte,4536,5,236,67,3,0,0,6,622,492,29,9,2688,1774,94,45,11,20,1721,2820,16234,3623,2043,183,10365,20,16214,4541,3139,4605,1617,245,116,396,56,563,5,495,21,351,38,32,5,7209961,6010,140,8,238,93,19,0,5,2,5,5,5,0,0,0,1506,2094,229,460,2,14,3600,689,16,0,275,82,57,413
3157807005005,31030,Belo Horizonte,4133,3,86,93,1,32,2,13,701,310,6,3,4485,1165,19,64,4,43,1514,2623,13852,3808,1898,350,7775,21,13698,4137,2933,3811,1484,245,80,143,29,332,5,202,4,255,16,25,4,6880114,2010,104,7,107,394,25,1,2,2,2,3,3,1,0,0,263,2891,44,915,0,10,3154,959,10,7,181,60,0,248
3157807005006,31030,Belo Horizonte,6091,2,19,23,0,13,1,2,86,664,45,0,1992,2294,168,21,4,9,2517,3578,20687,5229,2613,214,12620,11,20681,6095,3951,5227,2795,268,180,369,42,820,17,454,17,382,42,28,4,9306939,1320,226,1,65,763,56,0,1,2,2,2,2,1,0,1,1374,4148,69,498,0,0,5522,567,0,23,446,130,37,636
3157807005007,31030,Belo Horizonte,4655,2,1,7,0,1,0,3,79,859,3,0,312,2819,16,43,7,13,1996,2663,15679,4573,2050,182,8841,33,15641,4659,2788,3673,2294,189,176,214,50,790,13,342,12,341,32,70,4,7581847,5315,80,9,33,181,40,0,0,0,0,1,2,1,0,1,3418,1034,110,92,1,0,4452,202,1,0,346,192,24,562
3157807005008,31030,Belo Horizonte,5006,5,4,8,0,1,0,8,76,684,7,1,936,2461,23,37,17,31,2177,2830,17003,4508,2468,261,9757,9,16994,5007,3040,4003,2644,196,135,310,35,791,12,418,15,325,39,30,1,7624704,2510,181,2,26,96,18,0,0,0,0,3,5,0,0,0,3166,1657,118,65,0,0,4823,183,0,21,438,193,38,690
3157807005009,31030,Belo Horizonte,4494,1,21,1,0,2,0,2,337,196,4,1,2454,1241,13,100,6,6,1894,2606,14985,5374,1883,130,7565,33,14958,4494,2678,3522,2122,156,179,152,48,959,16,277,5,298,23,27,0,9046996,0,122,2,5,56,7,0,0,0,0,0,0,0,0,0,3853,584,46,0,1,0,4437,46,1,0,489,71,0,559
3157807005010,31030,Belo Horizonte,4131,5,292,198,5,32,3,3,113,351,10,8,562,1244,21,116,13,7,1593,2540,15030,3452,1969,160,9431,18,15028,4133,2629,3890,2318,310,144,141,49,743,17,274,9,317,25,29,2,5469011,0,137,9,80,733,64,0,3,5,5,3,5,5,3,0,1674,1230,152,769,0,10,2904,921,10,10,307,36,13,366
3157807005011,31030,Belo Horizonte,4095,5,100,5,0,2,4,14,404,191,0,2,1939,825,0,155,22,43,2001,2096,14938,3052,2526,187,9118,55,14931,4097,2291,3244,2668,361,165,291,42,898,20,380,15,405,44,17,2,5015933,1910,159,5,23,580,24,0,1,1,1,4,5,2,0,1,2938,828,87,129,0,0,3766,216,0,0,393,67,24,485
3157807005012,31030,Belo Horizonte,3960,11,240,240,1,45,13,15,653,199,4,25,2837,774,15,102,28,47,1981,1980,14733,3828,2554,210,8128,13,14708,3961,2370,3522,2550,279,143,275,29,750,13,448,5,317,30,20,1,4598557,712,150,10,45,747,38,0,4,6,4,7,10,4,4,5,2215,577,268,634,0,10,2792,902,10,0,345,19,10,374
3157906001001,31061,Manhuaçu,2271,2,1519,15,0,10,3,1,19,396,14,1,69,1311,47,19,11,1,614,1660,7626,3549,737,84,3255,1,7612,2274,1597,2372,678,117,42,65,26,259,5,75,4,62,9,26,3,2778442,6950,141,0,54,6,2,0,1,0,1,1,2,0,0,0,645,1280,178,156,2,3,1925,334,5,0,103,67,0,170
3158003001001,31031,Itabira,1729,4,284,77,1,8,10,4,13,239,26,2,57,919,105,6,8,13,716,1017,6336,1745,1346,108,3137,0,6278,1733,1116,1842,855,45,60,42,10,330,2,123,0,87,7,26,4,2624765,1275,57,2,7,11,2,0,0,2,0,3,3,0,0,0,794,596,79,255,0,5,1390,334,5,15,122,93,5,234
3158102001001,31014,Almenara,1150,32,0,20,1,21,2,11,12,134,4,4,37,404,14,4,88,31,389,764,3742,1059,153,6,2524,0,3739,1153,706,818,478,87,47,14,10,295,9,49,2,45,7,14,3,1228581,2520,17,1,29,20,3,0,22,22,25,32,32,23,2,2,223,687,76,160,1,3,910,236,4,3,91,24,6,124
3158201001001,31036,Peçanha,3135,50,118,649,8,40,0,29,8,558,22,134,30,1909,72,18,156,86,1371,1777,10722,2614,768,87,7244,9,10538,3140,1780,2421,1663,207,90,144,25,486,9,220,7,187,61,71,5,4010336,2340,82,12,123,84,19,6,29,44,27,50,50,46,3,2,1075,800,604,510,100,46,1875,1114,146,10,177,118,32,337
3158300001001,31050,Varginha,1649,1,10,15,0,3,0,2,121,216,28,14,428,675,102,15,1,2,531,1118,5278,2869,399,18,1991,1,5277,1649,1093,1470,543,43,33,53,11,222,4,71,3,68,8,6,0,2731847,0,11,5,7,8,4,0,0,1,0,1,1,1,0,0,1098,491,22,20,0,18,1589,42,18,0,93,40,3,136
3158409001001,31066,Cataguases,976,0,0,1,0,0,0,0,58,150,0,0,187,441,0,3,0,0,337,641,2917,1722,327,26,842,0,2913,978,658,708,235,46,31,48,13,108,1,42,0,29,2,18,2,1179156,3410,22,1,2,0,0,0,0,0,0,0,0,0,0,0,903,55,16,2,0,0,958,18,0,0,58,29,0,87
3158508001001,31027,Sete Lagoas,994,13,0,32,0,0,0,6,45,120,1,20,159,363,4,3,29,12,439,557,3331,783,180,0,2368,0,3297,995,574,922,411,39,17,60,3,96,0,99,1,55,9,15,1,1310338,100,17,1,8,6,2,0,2,10,2,11,12,3,1,0,492,370,42,70,11,9,862,112,20,4,23,22,6,55
3158607001001,31065,Juiz de Fora,456,0,4,6,0,0,0,2,0,79,3,2,0,263,6,0,0,6,171,285,1404,591,255,20,536,2,1404,456,273,315,173,15,22,15,4,71,5,25,0,22,8,0,0,710540,0,24,0,7,0,0,0,0,0,0,0,0,0,0,0,254,97,45,41,3,0,351,86,3,0,31,15,1,47
3158706001001,31058,São João del Rei,497,1,0,24,0,4,0,0,1,41,1,1,3,123,4,0,5,0,150,355,1652,809,137,0,706,0,1635,505,337,466,139,20,22,30,2,58,1,44,2,18,0,5,8,678517,7189,15,0,1,0,0,0,0,0,0,0,0,0,0,0,299,152,7,8,0,0,451,15,0,4,31,4,1,41
3158805001001,31045,Campo Belo,1448,0,0,2,0,0,0,5,59,207,9,1,211,624,20,2,0,10,482,975,4428,2418,400,56,1551,3,4382,1455,902,1052,445,81,20,35,7,208,8,84,2,83,3,7,7,1909438,5770,14,0,2,0,0,0,0,0,0,0,0,0,0,0,692,696,34,26,0,0,1388,60,0,10,82,16,7,114
3158904001001,31061,Manhuaçu,1281,4,931,25,0,10,1,8,6,248,3,14,15,796,6,3,13,16,389,892,4142,1442,465,44,2189,2,4133,1281,865,1088,441,92,28,36,12,172,5,43,0,53,5,10,0,1404580,0,76,0,32,40,11,0,3,3,2,3,4,2,1,3,450,510,59,221,2,10,960,280,12,0,25,23,0,49
3158953001001,31039,Ipatinga,7299,14,124,99,2,83,2,15,287,921,33,18,1108,3612,105,73,37,48,1957,5355,25251,8256,3086,648,13132,129,25198,7311,5467,7383,2458,453,218,188,95,922,8,275,6,322,55,55,12,10929385,7129,177,14,365,474,65,1,11,11,11,12,14,3,1,3,2266,2092,1156,1733,4,29,4358,2889,33,22,437,245,19,723
3159001001001,31027,Sete Lagoas,728,1,0,26,1,0,0,2,0,111,12,2,0,291,38,6,1,3,233,500,2279,626,147,70,1431,5,2260,728,426,604,250,25,17,5,6,100,2,28,1,26,12,21,0,1064556,0,33,3,76,2,3,0,0,1,1,1,1,0,0,0,96,227,169,205,1,1,323,374,2,0,49,43,4,96
3159100001001,31034,Conselheiro Lafaiete,696,5,1,64,0,3,0,6,7,74,2,7,28,224,10,15,18,17,218,482,2292,891,340,58,1001,2,2285,699,436,640,299,12,8,19,7,82,0,33,1,45,3,3,3,884738,3510,18,1,13,34,3,0,2,3,2,4,5,4,0,0,395,113,88,84,2,3,508,172,5,3,31,22,5,61
3159209001001,31051,Poços de Caldas,1992,1,8,17,2,1,0,5,39,399,24,5,127,1117,77,4,1,12,616,1381,5655,4548,323,21,763,0,5603,1997,1235,1300,546,63,28,55,13,181,0,101,3,51,6,33,5,3354536,6050,44,3,2,0,0,0,0,0,0,1,1,0,0,0,1499,196,147,119,0,5,1695,266,5,9,88,63,5,165
3159308001001,31065,Juiz de Fora,1359,2,385,66,2,10,1,20,9,272,12,10,33,790,43,12,2,34,498,867,3754,2563,282,22,885,2,3736,1363,779,733,427,81,25,41,14,165,2,52,1,43,4,9,4,1973621,6210,19,9,49,17,7,0,0,1,0,1,2,2,0,0,846,382,57,64,1,3,1228,121,4,13,48,75,0,136
3159357001001,31040,Caratinga,1521,3,23,29,1,5,0,3,13,308,14,8,52,1222,51,11,8,4,429,1094,4774,1724,464,74,2508,4,4746,1523,1034,1202,498,99,34,39,20,182,10,37,2,50,2,13,2,1790257,1020,41,14,27,3,0,1,0,1,0,3,3,0,0,0,463,817,90,121,3,27,1280,211,30,0,49,54,10,112
3159407001001,31065,Juiz de Fora,701,3,1,25,0,2,0,8,0,80,0,1,0,237,0,0,4,14,233,469,2233,1211,168,2,852,0,2232,702,415,565,317,29,15,16,6,99,5,32,0,30,1,1,1,795802,510,15,2,3,13,0,1,1,3,2,3,3,3,0,0,481,149,46,24,1,0,630,70,1,5,45,10,0,61
3159506001001,31041,Aimorés,727,3,226,36,0,4,0,13,10,118,5,27,38,435,12,8,8,33,204,524,2310,987,154,8,1161,0,2308,728,487,547,270,71,23,16,7,112,0,13,0,28,3,4,1,707544,1000,35,17,46,1,0,0,1,1,1,2,3,0,0,0,51,336,39,286,0,15,387,325,15,3,43,17,2,65
3159605003001,31053,Santa Rita do Sapucaí,4735,5,132,9,1,0,0,1,100,1105,37,6,374,3930,139,31,10,3,1750,2998,15114,11549,929,68,2556,12,14999,4737,2933,3743,1493,131,160,202,55,608,15,340,5,334,74,149,2,12831257,3000,76,13,69,13,5,0,0,0,0,0,0,5,0,0,3224,1232,82,38,0,5,4456,120,5,11,346,273,21,651
3159605003002,31053,Santa Rita do Sapucaí,5006,1,159,7,1,0,0,7,111,1029,22,2,378,3604,76,19,3,10,1691,3326,17344,11839,1168,45,4285,7,17150,5016,3400,4573,2001,241,216,200,52,779,12,293,10,241,23,112,10,8841264,11760,120,8,115,0,0,0,1,0,0,1,1,1,0,0,3474,1219,59,14,0,0,4693,73,0,0,375,233,8,616
3159704001001,31020,Patos de Minas,646,0,1,8,1,0,0,2,13,45,2,0,39,142,4,1,0,6,319,327,1973,965,83,50,872,3,1956,646,429,487,152,26,2,65,6,64,0,48,4,18,2,2,0,933964,0,7,1,0,67,7,0,0,0,0,0,0,0,0,0,127,294,26,199,0,0,421,225,0,0,23,3,0,26
3159803001001,31017,Ituiutaba,5008,14,55,69,1,6,0,12,733,1070,27,9,2319,3243,67,59,28,22,1702,3328,14926,7133,909,261,6599,24,14818,5023,3254,3084,1403,383,113,203,59,687,19,216,7,273,21,96,15,9531633,13990,119,9,81,5,1,0,1,5,2,10,13,1,0,0,2543,1901,139,180,0,4,4444,319,4,133,235,110,23,501
3159902001001,31046,Oliveira,4386,3,2,38,1,6,0,8,297,544,17,30,1043,1778,45,34,11,23,1294,3099,15187,5914,1701,174,7381,17,15137,4392,2914,4299,1765,143,143,95,31,809,28,244,10,209,19,40,6,5770553,3210,64,24,53,32,3,0,0,0,0,3,3,2,0,0,1601,2465,24,261,0,35,4066,285,35,34,411,36,10,490
3160009001001,31066,Cataguases,829,1,758,45,0,4,0,6,5,117,0,1,18,315,0,7,1,12,266,564,2377,1410,365,23,579,0,2374,830,539,536,236,47,20,27,5,73,1,30,0,24,2,4,1,1078940,510,24,2,17,4,2,0,0,1,0,0,1,0,0,0,103,61,273,391,0,1,164,664,1,3,41,7,10,61
3160108001001,31060,Ponte Nova,1031,3,1,13,2,1,0,1,18,217,1,0,73,702,2,2,10,3,352,679,3365,1012,386,23,1943,1,3365,1031,674,864,337,69,30,43,11,172,1,60,5,46,11,5,0,1235927,0,25,0,12,0,0,0,0,1,1,2,3,0,0,0,334,578,35,81,3,0,912,116,3,0,55,55,0,110
3160207001001,31028,Conceição do Mato Dentro,344,2,0,10,0,1,0,3,1,37,1,0,4,108,2,3,6,17,191,153,1230,110,122,0,998,0,1230,344,204,316,247,3,14,2,5,53,1,8,0,22,0,9,0,324398,0,8,4,4,0,0,1,1,2,1,2,2,2,0,0,64,180,37,63,0,0,244,100,0,0,42,10,0,52
3160306001001,31014,Almenara,1920,65,2,179,1,56,7,37,10,314,2,17,40,951,3,5,227,119,916,1011,6358,1671,334,18,4323,12,6341,1924,1176,1479,828,137,54,92,6,354,6,104,4,95,16,62,4,1806274,980,53,8,69,129,20,5,43,56,40,65,65,33,32,8,240,1020,92,542,2,14,1260,634,16,11,135,59,4,210
3160405003001,31043,Divinópolis,2895,1,6,6,0,2,0,0,107,561,9,1,365,2061,35,8,6,0,892,2006,8561,6421,268,83,1781,8,8547,2898,1920,2357,655,127,32,75,22,187,1,145,3,65,7,52,3,6262875,5310,39,4,1,68,16,0,0,0,0,1,1,1,1,1,1280,1287,16,52,0,0,2567,68,0,10,87,130,0,227
3160405003002,31043,Divinópolis,4178,0,11,4,0,2,0,1,337,984,8,0,1209,3488,31,22,0,2,1078,3104,13632,8666,916,34,4016,0,13569,4182,2954,4008,1135,238,52,118,36,357,9,209,3,168,25,72,4,7425350,2720,60,6,24,32,18,0,0,0,0,0,0,0,0,0,1870,2207,43,58,0,0,4077,101,0,13,98,129,30,270
3160454001001,31005,Salinas,451,1,0,8,0,1,0,2,2,38,1,3,10,120,4,3,1,6,150,301,1590,573,29,3,985,0,1590,451,307,487,181,12,21,7,2,80,0,16,0,15,5,2,0,435604,0,60,1,3,0,0,0,0,1,1,1,1,1,0,0,2,395,0,27,0,4,397,27,4,0,39,3,0,42
3160504001001,31028,Conceição do Mato Dentro,279,1,0,8,0,1,0,1,0,46,3,8,0,143,9,0,1,2,92,188,888,314,96,14,464,0,887,280,181,249,100,8,5,0,3,27,1,11,0,14,1,3,1,391582,660,2,4,0,0,0,1,1,1,1,1,1,0,0,0,131,7,119,13,8,1,138,132,9,2,13,4,5,24
3160603001001,31025,Curvelo,741,7,0,146,3,36,0,3,0,77,10,21,0,227,25,12,14,7,233,511,2249,337,310,9,1593,0,2233,744,435,548,253,55,8,13,8,121,3,24,0,20,1,3,3,721559,3030,13,0,49,11,1,0,5,7,6,6,7,3,0,0,10,2,383,342,1,3,12,725,4,2,43,10,7,62
3160702003001,31065,Juiz de Fora,6903,3,304,11,0,1,3,7,156,1298,6,0,608,4934,29,63,7,10,2792,4118,21033,12159,2745,148,5967,14,20939,6909,4014,4763,2670,284,166,177,63,957,30,450,5,346,30,58,6,12864503,3740,176,8,56,28,7,0,0,0,0,0,2,2,0,0,3987,1741,639,499,0,0,5728,1138,0,30,439,329,18,816
3160702003002,31065,Juiz de Fora,6266,9,600,90,2,9,18,10,74,931,34,12,252,3090,122,54,18,17,2102,4166,20287,9999,2990,255,7026,17,20254,6268,4004,5174,2352,296,199,182,59,958,21,342,10,307,62,23,2,7920532,1020,200,38,170,4,4,1,4,4,2,5,9,7,0,0,2057,2153,819,1217,2,18,4210,2036,20,33,444,157,28,661
3160801001001,31050,Varginha,1213,3,0,1,0,0,0,5,53,178,2,0,183,568,9,16,6,21,534,681,4238,1384,502,24,2328,0,4236,1215,789,1161,473,72,23,105,6,162,2,132,2,65,5,25,2,1692737,2291,21,1,2,0,0,0,0,1,0,2,3,2,0,0,1139,39,27,1,0,0,1178,28,0,3,90,15,6,113
3160900001001,31034,Conselheiro Lafaiete,991,3,3,41,0,4,0,2,13,91,3,1,40,276,7,17,10,2,421,570,3129,1196,251,48,1634,0,3128,991,578,697,364,33,17,78,5,122,2,133,6,87,12,3,0,1353207,0,121,0,35,1,0,0,3,3,3,3,3,3,0,0,143,363,123,361,0,1,506,484,1,0,59,12,6,77
3160959001001,31040,Caratinga,771,1,3,0,0,0,0,1,3,103,6,0,15,393,19,0,1,6,195,577,2578,1025,141,7,1405,0,2573,772,585,810,242,32,14,13,6,70,1,9,4,14,3,2,1,846352,1020,28,3,2,0,0,0,0,0,0,0,0,0,0,0,369,103,190,104,0,0,472,294,0,0,46,18,0,64
3161007001001,31031,Itabira,3250,5,116,112,5,3,1,10,71,555,10,45,273,2005,39,37,10,19,1284,1969,10505,3790,1352,146,5183,20,10420,3251,2058,2697,1107,131,74,166,25,413,4,291,6,127,22,48,5,5455442,3836,56,9,49,25,7,0,0,5,1,2,5,3,0,1,912,1785,267,238,10,34,2697,505,44,32,200,93,0,325
3161056001001,31038,Mantena,664,2,0,15,1,0,2,4,9,126,0,0,29,391,0,4,4,8,257,408,2089,709,154,28,1198,0,2082,665,411,471,308,27,10,14,3,107,5,12,0,37,2,11,1,660527,290,16,6,5,0,0,0,0,0,0,2,2,0,0,0,402,58,160,24,3,1,460,184,4,6,21,25,7,59
3161106003001,31003,Januária,3169,69,513,287,3,81,0,49,125,264,15,64,485,904,48,21,312,192,1101,2076,12663,2077,1135,59,9390,2,12638,3177,2112,4007,1716,232,97,63,24,738,16,201,3,207,22,39,8,2578563,3654,166,50,215,8,0,22,52,57,50,60,60,23,0,0,63,272,441,2324,0,49,335,2765,49,9,282,20,26,337
3161106003002,31003,Januária,5638,68,206,285,4,124,1,42,66,745,24,144,244,2360,93,27,309,170,2189,3459,21541,4742,1885,145,14754,15,21422,5646,3507,5959,2787,314,204,180,41,1559,58,459,6,472,69,114,8,7746814,14805,217,33,249,29,8,5,58,60,49,67,67,21,0,1,936,612,1976,1926,16,128,1548,3902,144,15,489,117,34,654
3161205001001,31046,Oliveira,1400,7,0,22,0,2,0,4,11,167,9,0,33,481,29,15,17,4,355,1052,4651,2406,421,5,1819,0,4622,1403,929,1305,533,60,26,11,4,196,8,74,1,66,6,2,3,1851900,1220,20,4,12,2,1,2,2,4,2,6,6,4,0,0,1074,232,18,50,0,16,1306,68,16,2,83,19,0,104
3161304001001,31021,Frutal,1554,1,1,5,0,0,0,2,122,299,5,0,347,843,16,18,3,4,564,993,4332,2490,632,39,1170,1,4293,1555,973,705,597,79,20,63,16,139,4,59,2,45,7,25,1,2417113,1000,74,14,52,1,0,0,1,1,1,1,1,1,0,0,685,721,40,108,0,0,1406,148,0,30,44,44,11,130
3161403001001,31063,Muriaé,1012,2,246,16,1,1,0,2,9,233,7,0,29,734,24,1,7,7,330,683,3132,1525,361,42,1200,4,3129,1012,645,745,342,44,21,42,7,123,8,56,2,48,3,27,0,1327210,0,13,0,1,0,0,0,0,2,0,0,2,2,0,0,563,336,42,70,0,1,899,112,1,4,53,29,0,86
3161502001001,31064,Ubá,2317,1,2,13,0,1,0,2,25,474,15,1,82,1564,67,6,3,4,810,1513,7270,4045,738,15,2468,4,7226,2317,1442,1677,799,106,72,93,34,303,5,160,7,127,16,64,0,3296031,0,40,2,18,5,1,0,0,0,0,0,1,0,0,0,1253,958,66,35,5,0,2211,101,5,0,135,92,0,228
3161601001001,31037,Governador Valadares,324,0,0,40,0,0,1,1,0,50,3,0,0,143,6,0,0,4,125,202,1054,270,192,52,538,2,1048,327,198,253,144,25,9,4,4,57,2,8,0,18,1,3,3,455524,3144,6,2,14,0,0,0,0,0,0,0,0,0,0,0,72,118,43,89,0,1,190,132,1,0,23,12,0,35
3161650001001,31037,Governador Valadares,803,4,5,47,0,6,1,2,6,167,4,1,17,542,15,3,9,8,318,486,2440,820,269,25,1326,0,2438,804,520,492,287,83,11,18,5,145,1,21,0,45,2,4,1,857378,0,51,1,59,21,9,0,2,3,2,4,4,0,0,0,344,328,21,108,0,2,672,129,2,0,51,27,0,77
3161700001001,31002,Paracatu,1347,9,3,29,1,1,0,1,17,236,3,1,60,712,7,9,22,1,447,902,4168,1972,283,46,1866,1,4161,1349,829,1024,504,104,21,22,7,180,3,48,0,42,8,19,2,1765968,1750,62,1,5,81,10,3,3,8,3,9,9,1,0,3,909,132,220,80,1,2,1041,300,3,2,53,31,0,86
3161809001001,31043,Divinópolis,2528,0,1,29,1,1,0,4,61,466,12,0,198,1580,39,12,0,12,1001,1524,7960,4279,516,66,3057,11,7909,2522,1609,1931,967,163,37,110,25,257,2,159,2,109,4,15,3,3897315,20600,83,14,35,72,18,0,0,0,0,0,0,0,0,0,968,1285,112,129,0,0,2253,241,0,21,84,86,6,197
3161908001001,31031,Itabira,1318,0,3,6,0,0,0,3,4,176,7,0,18,693,32,0,0,8,571,747,4649,1170,626,30,2823,0,4649,1318,822,1278,694,35,42,19,12,214,4,92,0,83,14,21,0,2405547,0,38,9,6,0,0,0,0,0,0,0,0,0,0,0,633,429,209,45,0,0,1062,254,0,0,114,52,0,166
3162005001001,31053,Santa Rita do Sapucaí,5915,6,101,29,1,3,0,8,336,924,36,6,1152,3079,117,19,14,9,2287,3642,19742,11960,999,129,6649,5,19637,5928,3651,4792,2413,264,169,368,54,1039,17,508,12,332,20,78,13,10264173,15184,143,2,24,44,7,0,0,2,1,5,6,5,0,1,2982,2321,336,254,1,4,5303,590,5,53,398,219,7,677
3162104003001,31020,Patos de Minas,3527,7,210,137,7,9,0,8,115,921,23,57,363,3303,80,8,18,20,1132,2402,11685,5102,1343,81,5140,19,11666,3534,2474,3036,1012,259,79,125,29,372,6,231,3,246,7,267,7,5405349,7660,102,8,44,6,0,0,1,3,4,7,7,5,0,0,1411,673,167,1025,3,59,2084,1192,62,38,140,30,55,263
3162104003002,31020,Patos de Minas,5849,4,356,6,4,2,1,6,252,1450,22,0,848,5077,69,20,9,18,2056,3801,18376,10689,975,360,6337,15,18287,5855,3877,4803,1727,227,92,239,25,580,5,333,17,273,57,168,6,13224834,6089,125,17,26,23,11,0,0,0,0,4,4,3,0,0,3246,2470,56,68,0,3,5716,124,3,0,256,242,39,536
3162203001001,31047,Passos,1866,0,2,1,0,0,0,0,95,290,13,0,291,840,49,12,0,0,528,1341,5607,4364,240,2,992,9,5579,1868,1255,1425,507,104,27,48,13,167,4,71,2,58,5,16,2,3033593,2300,33,0,3,0,0,0,0,0,0,0,0,0,0,0,1824,20,13,1,0,0,1844,14,0,4,70,36,11,121
3162252001001,31007,Montes Claros,708,11,31,68,1,11,0,13,1,78,6,4,4,207,19,4,32,34,273,438,2435,580,186,48,1620,1,2431,711,405,669,310,49,13,23,3,131,1,53,1,35,5,26,3,640191,1910,26,7,9,18,5,3,3,8,3,8,8,2,0,2,0,2,18,668,1,1,2,686,2,9,40,15,6,70
3162302001001,31053,Santa Rita do Sapucaí,587,2,0,2,0,1,0,2,14,87,3,2,49,246,10,3,3,3,172,416,1752,1547,63,3,139,0,1750,588,401,492,130,13,8,21,4,42,2,29,1,11,3,7,1,896801,510,15,1,11,1,0,0,0,1,1,1,1,1,0,0,252,316,0,6,0,0,568,6,0,4,17,6,0,27
3162401001001,31007,Montes Claros,2353,30,21,787,5,188,0,11,9,224,3,201,31,744,11,35,100,47,857,1503,8656,2378,411,161,5704,2,8616,2359,1496,2479,1093,99,76,51,12,549,14,142,3,139,41,30,6,2549916,4875,82,7,39,9,3,3,9,20,9,26,29,5,0,0,28,15,1126,978,25,177,43,2104,202,0,228,39,28,295
3162450001001,31003,Januária,617,10,160,96,2,11,0,19,5,64,0,10,16,231,1,0,38,77,227,396,2446,398,114,18,1508,408,2431,623,414,736,276,25,33,10,3,220,2,38,0,46,13,7,6,597493,2264,68,4,7,0,0,7,7,10,7,10,10,1,0,5,2,7,144,446,0,14,9,590,14,0,62,6,12,80
3162500003001,31058,São João del Rei,4303,3,3,8,0,1,0,5,96,991,8,0,311,3287,30,2,10,13,1815,2492,13420,7752,977,45,4642,4,13409,4307,2693,3055,1483,208,126,300,47,581,14,309,18,202,30,37,4,6614990,7840,29,17,26,3,0,0,0,0,0,2,3,2,0,0,710,3269,36,288,0,0,3979,324,0,0,393,433,0,826
3162500003002,31058,São João del Rei,4535,3,51,11,0,20,1,4,142,715,8,0,464,2466,114,30,5,8,1940,2597,13350,8325,1015,149,3844,17,13329,4535,2453,2624,1890,86,142,186,31,594,14,365,4,292,22,74,0,11550855,0,92,4,27,5,4,2,0,2,1,2,3,1,0,0,2381,1721,115,318,0,0,4102,433,0,0,304,229,0,533
3162500003003,31058,São João del Rei,4724,1,25,11,1,0,0,3,102,753,16,4,503,3215,46,18,5,6,1989,2742,13817,9577,555,56,3613,16,13786,4730,2668,2949,1680,137,122,212,29,547,14,355,12,227,13,74,6,13961936,2850,82,6,19,25,5,0,0,0,0,0,1,0,0,0,2575,1681,183,279,0,6,4256,462,6,0,242,230,0,472
3162500003004,31058,São João del Rei,5309,7,365,102,0,21,2,15,206,757,18,5,622,2384,58,16,23,45,2137,3173,16810,7320,2188,258,7036,8,16808,5310,3235,4050,2057,191,182,197,33,839,25,336,6,252,32,63,1,7388577,800,133,22,86,64,5,0,1,5,4,7,7,3,1,0,1582,2084,482,1151,0,10,3666,1633,10,0,346,181,12,539
3162500003005,31058,São João del Rei,7073,5,75,58,1,3,0,17,347,1086,29,7,1083,3578,93,52,11,35,2580,4497,22460,12640,1998,173,7600,49,22322,7074,4478,5456,2544,276,226,224,55,1061,34,454,9,297,29,86,1,13535726,510,99,22,56,38,5,0,0,2,0,5,5,4,0,0,3340,2651,430,643,6,3,5991,1073,9,0,590,402,0,992
3162559001001,31061,Manhuaçu,1501,0,0,28,0,0,0,2,24,360,18,4,85,1180,91,8,0,3,440,1062,4806,2031,277,57,2441,0,4804,1502,1044,1312,448,111,20,39,14,150,3,49,3,60,9,40,1,1990204,0,65,3,75,2,1,0,0,0,0,0,0,0,0,0,463,533,75,250,2,0,996,325,2,0,47,29,0,77
3162575001001,31038,Mantena,1002,4,1,36,0,2,0,1,4,193,4,5,11,578,8,24,5,4,335,667,2905,911,287,90,1614,3,2904,1002,661,625,287,59,13,32,8,148,1,36,0,23,4,4,0,1031445,0,45,7,66,0,0,0,1,4,3,3,4,1,0,0,626,228,65,76,3,4,854,141,7,0,44,27,5,76
3162609001001,31040,Caratinga,2055,9,1,37,0,6,0,6,31,366,6,1,105,1159,13,12,13,13,764,1292,6325,2401,247,5,3666,6,6319,2056,1315,1512,730,119,31,58,27,301,5,73,3,57,20,14,1,2273115,600,60,13,50,5,0,2,3,3,3,7,9,0,1,1,1049,754,128,123,0,1,1803,251,1,0,113,74,5,192
3162658001001,31007,Montes Claros,544,37,360,120,0,44,0,2,1,46,0,0,4,145,0,0,135,5,210,334,1921,320,220,3,1378,0,1921,544,331,469,250,35,10,11,2,152,4,43,2,41,14,9,0,484218,0,28,0,5,7,0,1,11,28,18,35,36,17,5,0,10,4,69,459,0,0,14,528,0,6,50,12,3,72
3162708001001,31005,Salinas,2935,21,172,11,2,19,0,7,57,468,6,3,204,1595,15,5,67,18,949,1990,10235,3412,219,72,6529,3,10219,2939,1992,3027,1232,148,91,62,24,336,7,140,9,144,7,44,4,3459034,6306,141,19,101,0,0,5,15,15,15,21,21,15,0,0,675,373,1104,780,0,3,1048,1884,3,10,132,79,0,221
3162807001001,31035,Guanhães,3046,24,37,216,5,9,0,27,43,538,15,13,160,1673,37,34,79,90,1260,1789,10108,2576,895,85,6535,7,10047,3048,1810,2490,1397,144,57,114,34,463,7,167,6,213,21,75,5,4110685,4140,118,14,30,119,7,2,14,24,13,20,24,19,7,14,919,1484,183,434,2,20,2403,617,22,43,138,121,5,306
3162906003001,31065,Juiz de Fora,7838,5,25,38,1,4,0,13,347,1308,41,16,1216,4990,146,156,12,29,3201,4640,23835,13318,3444,278,6737,58,23687,7841,4659,5204,2982,375,236,288,80,1043,21,443,5,399,37,65,3,13042422,3130,121,30,38,5,2,0,0,1,2,1,5,0,0,0,5477,1760,293,288,1,16,7237,581,17,11,343,430,25,810
3162922001001,31030,Belo Horizonte,5353,13,23,293,2,33,1,25,202,898,58,31,844,3042,163,43,30,86,2019,3340,18599,5971,1932,272,10403,21,18531,5359,3481,4681,2237,366,149,380,54,832,14,510,11,380,39,60,6,7998663,6260,161,27,253,63,14,1,8,10,10,11,11,7,0,0,1373,2128,180,1395,1,47,3501,1575,48,26,372,204,16,619
3162948001001,31047,Passos,1501,1,16,2,0,0,0,0,37,327,14,0,138,1039,41,10,1,0,359,1145,4894,3566,262,45,1011,10,4882,1504,1077,1463,420,71,27,36,16,143,2,58,1,57,4,13,3,3125937,2010,44,1,5,0,0,0,0,1,0,0,1,0,0,0,693,588,99,114,0,0,1281,213,0,5,66,88,6,165
3162955001001,31030,Belo Horizonte,3277,4,8,2,0,0,1,1,36,399,64,0,125,1325,228,26,12,4,1017,2266,11400,3757,1173,107,6362,1,11354,3282,2243,3213,1232,178,121,136,46,483,6,181,7,182,27,28,5,5612799,3060,94,3,15,29,2,0,0,3,0,4,4,4,0,0,1539,927,335,301,0,0,2466,636,0,26,245,66,22,359
3163003001001,31037,Governador Valadares,842,9,1,123,0,14,0,13,4,123,5,5,18,421,15,11,23,29,415,427,2945,668,319,3,1951,4,2944,842,529,724,471,55,26,20,4,159,4,39,0,46,7,16,0,866742,0,27,3,5,34,8,1,1,7,1,8,8,2,2,0,108,461,41,216,0,5,569,257,5,12,49,26,6,92
3163102001001,31029,Pará de Minas,753,1,0,7,0,0,0,0,2,152,6,1,7,462,15,0,2,0,223,532,2372,896,227,13,1236,0,2369,755,460,619,327,29,13,16,5,77,2,40,0,20,1,8,2,1034652,1567,13,8,41,123,25,0,1,1,1,1,1,1,0,1,270,58,336,88,0,1,328,424,1,2,21,24,9,56
3163201001001,31053,Santa Rita do Sapucaí,913,0,1,0,0,0,0,1,36,145,6,0,118,427,23,0,0,1,461,455,2901,1924,104,14,855,4,2894,916,594,821,287,30,24,23,14,102,1,49,0,35,0,5,3,1391684,3030,18,6,18,0,0,0,0,0,0,0,0,0,0,0,356,547,7,3,0,0,903,10,0,3,42,25,3,74
3163300001001,31037,Governador Valadares,844,6,0,51,0,1,1,6,1,130,4,0,3,375,9,22,12,11,360,496,2725,760,206,29,1729,1,2686,856,502,601,353,38,15,20,3,226,8,24,0,44,1,21,12,960716,7462,51,0,6,0,0,0,0,3,0,5,6,0,0,0,76,592,6,162,0,0,668,168,0,24,37,26,0,87
3163409001001,31031,Itabira,1148,6,0,16,1,5,0,5,11,132,2,3,43,473,4,0,14,13,439,710,3689,1072,537,77,2002,1,3685,1149,725,949,398,43,30,26,16,205,8,63,1,55,10,7,1,1647968,1500,35,6,8,13,3,0,0,0,0,0,6,6,0,0,345,717,14,70,0,0,1062,84,0,0,80,50,0,130
3163508001001,31036,Peçanha,616,3,0,26,0,2,0,1,2,100,2,0,8,299,7,29,6,1,365,253,2006,557,201,34,1213,1,2000,617,335,418,318,31,13,47,3,78,1,71,4,40,0,15,1,798687,50,14,1,12,0,0,0,1,2,1,0,3,1,0,1,222,333,7,53,0,1,555,60,1,0,24,27,0,51
3163607001001,31061,Manhuaçu,461,0,148,1,0,0,0,0,1,90,2,0,3,305,4,0,0,0,148,318,1449,667,136,9,637,0,1437,466,304,334,190,17,9,8,6,73,1,8,0,19,2,11,5,535526,3520,19,0,3,0,0,0,0,0,0,0,0,0,0,0,248,205,2,6,0,0,453,8,0,4,23,14,3,45
3163706003001,31054,São Lourenço,6733,7,158,48,0,1,0,21,414,1203,96,19,1523,4115,311,60,17,41,2754,3983,21403,14466,1336,65,5517,19,21260,6734,4140,5011,2588,305,205,275,71,1022,31,425,10,324,22,72,1,12701926,510,141,43,75,177,62,1,1,3,1,3,6,2,2,4,5205,879,257,134,1,13,6084,391,14,56,455,273,59,843
3163706003002,31054,São Lourenço,6934,1,31,5,0,1,0,2,301,1268,36,0,1089,5068,106,68,1,2,2878,4062,20254,15114,1062,54,4004,20,20135,6938,4094,4259,2306,280,181,304,75,877,13,350,14,283,29,109,4,17763545,2330,103,28,13,20,5,0,0,0,1,1,1,1,0,0,6048,728,138,8,0,3,6776,146,3,64,461,423,21,969
3163805001001,31062,Viçosa,1159,0,15,14,0,3,0,3,11,135,1,1,64,450,3,104,0,3,457,707,3746,1481,453,4,1800,8,3738,1164,773,1006,359,46,31,65,10,165,3,47,2,53,13,7,5,1540522,5329,21,0,3,0,0,0,0,0,0,0,0,0,0,0,215,748,43,144,0,0,963,187,0,15,67,23,0,104
3163904001001,31048,São Sebastião do Paraíso,984,0,0,5,2,0,0,0,4,202,6,2,14,579,17,14,0,0,351,633,2781,2431,52,2,296,0,2755,984,614,623,252,47,6,44,8,56,1,67,3,36,5,8,0,1357183,0,24,2,16,0,0,0,0,0,0,0,0,0,0,0,350,584,28,20,0,2,934,48,2,0,30,3,8,41
3164001001001,31060,Ponte Nova,2089,3,13,19,0,4,2,13,151,364,9,4,541,1147,32,23,8,46,770,1332,6783,2039,1037,88,3618,1,6732,2101,1332,1662,794,113,57,53,20,408,9,71,2,111,7,19,12,2752141,5420,44,6,36,16,3,0,2,3,3,2,3,1,0,0,1267,569,125,123,1,3,1836,248,4,10,166,83,10,269
3164100001001,31036,Peçanha,704,8,19,69,4,7,2,6,7,116,8,2,28,331,25,1,19,11,270,434,2302,547,269,12,1474,0,2302,704,403,590,330,26,4,15,5,119,4,40,0,37,2,8,0,880771,0,19,0,12,6,0,0,2,5,1,7,8,0,0,2,165,287,52,194,0,2,452,246,2,7,30,30,0,67
3164209001001,31006,Pirapora,1592,25,3,167,2,27,0,69,7,189,4,6,30,580,10,46,97,246,593,1004,6469,1197,1182,64,4025,1,6413,1594,999,1671,991,184,69,46,10,500,7,133,5,144,16,47,2,1849031,530,76,5,133,16,1,7,24,25,24,25,25,15,0,0,229,158,510,686,1,6,387,1196,7,0,174,29,9,212
3164308001001,31042,Piuí,1490,4,7,14,0,0,0,8,53,265,6,0,164,810,15,16,4,21,477,1017,4222,3068,299,45,808,2,4188,1493,913,997,435,54,20,27,7,124,3,60,2,46,1,7,3,2394624,4000,28,10,41,2,1,1,3,2,2,3,4,3,0,0,423,912,37,118,0,0,1335,155,0,6,33,43,7,88
3164407001001,31053,Santa Rita do Sapucaí,906,0,39,2,2,0,0,1,19,210,15,0,57,637,53,6,0,2,372,539,2889,1913,103,9,864,0,2870,911,607,743,277,19,16,59,9,103,2,83,4,41,2,8,5,1362389,4063,18,6,2,0,0,0,0,0,0,0,0,0,0,0,582,257,2,29,0,0,839,31,0,8,39,16,4,66
3164431001001,31063,Muriaé,542,0,507,11,0,2,0,1,3,106,9,0,14,293,38,13,0,1,105,437,1603,1170,58,1,374,0,1602,542,397,454,96,32,5,7,6,27,1,12,1,11,1,6,0,708709,0,18,3,18,0,0,0,0,0,0,0,0,0,0,0,224,213,39,58,0,4,437,97,4,0,9,19,0,29
3164472001001,31040,Caratinga,1276,2,39,29,0,9,0,4,11,219,1,0,50,707,2,21,9,9,356,923,4210,1484,107,33,2586,0,4205,1279,922,1197,439,102,19,27,7,131,1,28,1,37,8,11,3,1288625,1400,68,10,109,25,4,0,0,1,1,1,2,0,0,0,276,398,313,279,2,8,674,592,10,0,26,25,12,62
3164506001001,31036,Peçanha,970,10,31,228,2,7,0,13,5,122,1,6,13,378,1,12,21,21,511,462,3250,814,44,3,2389,0,3237,973,572,871,382,30,17,56,11,136,5,79,3,49,2,49,3,1193530,3020,22,10,37,3,0,2,7,9,7,6,9,5,0,1,77,566,18,289,0,7,643,307,7,80,21,8,0,109
3164605001001,31043,Divinópolis,975,0,0,5,0,0,0,0,96,252,4,0,338,985,14,13,0,0,213,760,3247,2144,96,12,956,2,3197,968,705,920,226,25,11,28,7,66,0,76,1,108,11,47,1,1666511,0,16,4,15,2,1,0,0,0,0,0,0,0,0,0,86,770,1,25,0,1,856,26,1,4,48,66,6,123
3164704003001,31048,São Sebastião do Paraíso,4155,11,2,0,0,1,0,0,266,1122,33,0,920,3472,107,9,16,0,1284,2874,12832,9250,431,98,3043,10,12824,4158,2723,3185,1240,208,108,181,41,444,11,191,9,218,40,59,3,8304389,15315,41,0,21,32,9,9,0,9,9,11,11,9,0,0,3622,472,6,10,0,0,4094,16,0,0,193,162,8,363
3164704003002,31048,São Sebastião do Paraíso,8277,2,88,8,1,10,0,18,795,1933,31,5,2794,6423,99,89,3,71,3199,5084,26080,17017,1459,121,7462,21,25956,8283,5126,5905,2928,372,181,608,121,1012,28,668,21,515,39,142,6,17893888,6090,158,24,116,3,2,0,0,0,0,2,2,0,0,0,6742,1439,45,17,2,1,8181,62,3,19,493,311,84,907
3164704003003,31048,São Sebastião do Paraíso,6798,4,204,10,0,3,0,15,323,1570,29,1,1073,5052,81,63,5,45,2376,4424,21041,13705,1045,128,6072,19,20927,6800,4333,5218,2122,301,128,336,62,734,12,386,22,319,10,120,3,14239415,1280,134,16,68,111,33,0,0,0,0,3,3,1,0,0,5296,1369,80,12,0,3,6665,92,3,8,308,268,43,626
3164803001001,31028,Conceição do Mato Dentro,296,2,0,19,1,0,1,2,1,30,0,2,3,88,0,4,5,6,119,179,876,348,50,27,449,2,873,298,149,184,119,12,9,14,0,57,4,18,0,8,1,1,2,421794,2700,6,0,3,0,0,0,0,1,0,0,2,1,0,0,19,35,153,84,1,4,54,237,5,4,23,2,0,29
3164902001001,31054,São Lourenço,426,1,0,2,0,0,0,1,13,65,5,0,39,218,22,9,1,1,202,224,1321,979,31,1,310,0,1321,426,254,309,153,13,15,9,2,72,3,29,0,21,1,11,0,615161,0,24,1,1,0,0,0,0,0,0,0,1,0,0,0,187,230,3,6,0,0,417,9,0,0,23,13,0,36
3165008001001,31058,São João del Rei,2674,6,0,20,0,1,0,5,44,455,5,3,188,1445,16,17,9,11,1053,1626,8471,5112,768,4,2587,0,8436,2679,1700,2286,903,93,53,73,12,385,9,129,3,96,7,15,5,3651121,4440,73,1,37,0,0,0,1,1,1,4,6,4,0,0,1057,1122,224,269,0,2,2179,493,2,0,173,70,25,268
3165107001001,31048,São Sebastião do Paraíso,1790,2,33,5,2,1,0,7,127,408,9,1,521,1204,28,10,5,17,537,1254,5522,3052,339,40,2079,12,5486,1791,1127,1459,503,90,19,59,17,190,3,122,4,67,19,20,1,2755964,600,39,6,17,0,0,1,1,1,1,2,2,1,0,0,507,1262,3,17,0,1,1769,20,1,0,83,47,14,144
3165206001001,31050,Varginha,1239,0,4,1,0,0,0,3,9,352,9,0,29,971,25,3,0,7,462,790,3857,2130,398,20,1308,1,3787,1242,759,982,490,47,15,15,7,137,4,43,2,30,10,15,3,1564066,3760,41,9,19,55,28,0,0,0,0,0,0,0,0,0,956,272,8,3,0,0,1228,11,0,29,48,58,29,163
3165305001001,31055,Andrelândia,1836,1,1,7,0,0,0,1,88,228,4,0,334,694,16,6,1,2,723,1114,5940,2649,1000,94,2189,8,5927,1837,1100,1545,778,78,35,31,12,297,11,98,1,66,5,27,1,2964755,510,39,0,1,33,2,0,0,1,0,1,1,1,0,0,1117,658,23,37,0,1,1775,60,1,0,133,46,0,179
3165404001001,31052,Pouso Alegre,1206,0,37,3,0,0,0,6,10,231,14,0,41,799,40,3,0,19,601,605,3783,3045,71,17,650,0,3783,1206,755,963,440,53,30,43,5,142,4,69,1,43,3,23,0,1682322,0,27,10,50,0,0,0,0,0,0,0,0,0,0,0,440,698,30,37,0,0,1138,67,0,13,73,37,4,128
3165503001001,31035,Guanhães,561,3,88,50,0,3,0,4,8,93,0,3,35,322,0,1,3,8,214,356,1997,624,127,24,1217,5,1979,567,350,510,291,29,20,9,7,103,4,30,1,38,15,9,6,838008,5030,15,3,8,5,0,0,2,2,2,1,3,1,0,0,30,337,28,158,2,6,367,186,8,8,47,34,0,89
3165537001001,31030,Belo Horizonte,7261,4,5,64,1,3,0,2,1290,851,36,3,4750,2904,134,91,10,15,2149,5118,25532,8351,2885,464,13766,48,25478,7265,5346,7684,2532,443,205,235,94,864,11,326,6,382,56,48,9,12918901,7097,179,9,13,22,4,0,0,0,0,3,4,0,0,0,5337,677,948,252,4,6,6014,1200,10,10,449,101,43,603
3165552001001,31015,Teófilo Otoni,746,17,267,184,0,24,0,26,1,98,2,36,8,286,3,6,64,96,353,398,2802,407,294,25,2075,1,2790,751,422,690,471,56,11,21,4,180,8,70,0,61,18,18,5,895006,5050,23,4,24,11,5,5,12,16,12,16,16,15,0,0,158,172,175,184,20,33,330,359,53,12,45,8,0,65
3165560001001,31060,Ponte Nova,492,3,377,40,0,6,0,8,20,44,0,6,68,122,0,12,6,16,181,312,1507,390,163,11,943,0,1506,493,306,364,168,20,10,21,3,62,2,21,1,22,1,12,1,522436,0,8,2,6,0,0,1,1,3,1,2,3,3,0,0,210,172,80,25,1,4,382,105,5,4,37,9,3,53
3165578001001,31052,Pouso Alegre,944,2,5,2,0,2,0,0,13,157,2,0,51,465,4,0,4,0,240,706,3101,2525,56,39,481,0,3098,946,663,918,263,39,19,21,4,135,2,30,0,31,9,21,2,1255932,3190,6,3,47,0,0,0,0,0,0,0,2,2,0,0,593,266,34,50,0,1,859,84,1,3,51,5,9,68
3165602001001,31065,Juiz de Fora,485,1,0,7,0,0,0,0,17,87,3,0,54,279,9,0,1,0,236,250,1512,670,424,20,398,0,1511,486,309,378,181,23,8,17,2,60,1,23,0,18,1,5,1,630547,0,19,0,0,0,0,0,0,0,0,1,1,1,0,0,241,181,17,46,0,0,422,63,0,2,13,24,0,38
3165701001001,31064,Ubá,1550,0,3,22,0,0,0,1,4,224,3,0,11,604,9,24,0,1,592,963,4683,3045,275,23,1338,2,4642,1555,971,1148,473,66,42,47,17,189,0,72,2,47,14,12,5,2245421,4130,38,1,13,6,0,0,0,0,0,0,0,0,0,0,810,160,465,113,2,0,970,578,2,9,97,23,0,130
3165800001001,31052,Pouso Alegre,238,0,0,3,0,0,0,0,0,38,1,0,0,91,1,0,0,0,71,168,683,512,57,7,107,0,682,239,152,169,57,6,3,4,0,16,0,28,0,6,3,0,1,346531,510,6,0,2,0,0,0,0,0,0,0,0,0,0,0,143,84,3,8,0,0,227,11,0,8,2,0,1,11
3165909001001,31010,Diamantina,538,3,1,10,0,0,0,3,1,81,1,0,5,256,1,0,5,6,263,276,1803,469,158,4,1168,0,1786,538,288,469,269,21,8,5,3,101,2,29,0,30,9,11,0,606834,0,7,2,12,2,0,0,0,1,0,3,3,1,0,0,109,390,5,34,0,0,499,39,0,7,41,11,0,59
3166006001001,31062,Viçosa,978,0,8,6,0,1,1,1,1,77,0,0,3,283,0,7,0,1,510,473,3256,1833,257,1,1165,0,3241,979,665,897,268,25,24,88,11,108,3,95,5,57,2,14,1,1099500,510,50,0,3,0,0,0,0,0,0,0,0,0,0,0,259,655,15,49,0,0,914,64,0,0,44,18,5,66
3166105001001,31035,Guanhães,395,5,300,52,0,29,2,7,3,36,3,10,8,104,7,0,7,8,223,173,1286,270,184,2,830,0,1282,396,203,316,165,8,7,29,3,77,1,42,0,27,0,9,1,420209,660,32,2,3,17,2,0,0,0,0,5,5,5,0,0,192,59,85,53,5,1,251,138,6,12,22,11,0,45
3166204001001,31059,Barbacena,1108,1,3,15,0,1,0,2,7,161,2,1,32,496,2,13,1,2,414,699,3430,2356,110,1,963,0,3421,1113,695,936,361,23,32,24,15,107,2,62,1,50,2,3,5,1373361,2422,19,0,1,0,0,0,0,1,0,0,1,1,0,0,787,268,31,20,1,1,1055,51,2,10,59,46,5,120
3166303001001,31060,Ponte Nova,1150,2,63,15,0,13,3,18,13,193,3,1,51,659,11,3,8,67,309,842,3718,1489,266,12,1949,2,3717,1151,784,1077,370,34,17,32,13,121,2,56,2,36,5,15,1,1386138,510,23,9,14,0,0,1,1,2,1,2,2,1,0,0,323,548,90,158,0,6,871,248,6,3,27,29,7,67
3166402001001,31055,Andrelândia,476,0,8,1,0,0,0,0,24,57,4,0,66,173,14,24,0,0,170,307,1483,1027,68,0,388,0,1482,477,289,352,201,15,18,6,6,57,3,30,0,18,1,10,1,736528,510,12,0,7,9,1,0,0,0,0,0,0,0,0,0,184,239,23,8,0,0,423,31,0,0,39,16,2,57
3166501001001,31028,Conceição do Mato Dentro,502,10,51,117,0,2,0,5,6,48,0,0,17,130,0,8,21,11,204,298,1710,187,93,12,1418,0,1706,502,259,446,277,30,11,12,4,95,5,19,0,32,4,4,0,479662,0,31,2,1,0,0,0,0,10,2,8,10,10,0,0,61,267,22,152,0,0,328,174,0,7,36,9,2,55
3166600001001,31026,Bom Despacho,193,0,0,0,0,0,0,1,0,10,1,0,0,23,1,0,0,1,71,123,527,238,14,0,275,0,524,194,113,108,67,7,1,1,1,20,0,8,0,2,0,5,1,274999,510,3,1,1,1,0,0,0,0,0,0,0,0,0,0,63,90,32,8,0,0,153,40,0,0,6,2,0,8
3166709001001,31016,Nanuque,2177,31,56,310,5,9,0,33,133,349,4,5,452,1098,14,37,66,78,869,1314,6774,1823,673,90,4172,16,6761,2183,1231,1389,946,210,47,61,12,392,20,92,3,124,22,36,6,2290917,2960,106,6,219,191,44,0,23,27,19,30,31,8,7,0,321,94,1256,479,13,14,415,1735,27,25,153,75,8,261
3166808001001,31019,Patrocínio,2358,4,69,26,1,1,0,3,93,538,9,0,326,1822,29,18,5,5,845,1522,7755,3560,909,111,3160,15,7728,2366,1581,1950,856,206,47,78,12,292,4,148,0,147,13,45,8,4061368,9650,38,4,71,18,6,0,2,3,2,4,4,3,0,0,1466,747,48,97,0,0,2213,145,0,12,135,68,30,246
3166907001001,31049,Alfenas,1960,0,272,5,0,0,0,2,26,371,7,1,98,1211,22,4,0,10,852,1110,6576,3978,753,35,1804,6,6537,1962,1355,1760,734,65,48,43,10,354,7,101,2,76,6,14,2,2807116,1600,30,5,5,15,2,0,0,0,0,0,0,0,0,0,787,1103,34,34,0,2,1890,68,2,0,140,24,4,168
3166956001001,31004,Janaúba,521,1,0,7,0,2,0,1,3,43,2,4,12,142,8,21,2,1,178,345,1728,440,247,29,1011,1,1725,523,350,489,182,9,20,8,2,94,3,18,0,15,11,3,2,553376,1620,7,1,17,3,0,0,1,1,1,1,1,1,0,0,0,5,55,457,0,4,5,512,4,3,44,4,4,55
3167004001001,31055,Andrelândia,510,0,0,11,1,1,0,4,5,53,2,3,15,163,7,4,0,6,183,329,1543,1014,78,13,438,0,1536,511,295,369,175,30,7,15,1,64,0,46,0,23,3,0,1,676870,372,18,2,11,19,1,0,0,0,0,0,0,0,0,0,204,209,79,15,1,2,413,94,3,17,20,2,4,43
3167103001001,31028,Conceição do Mato Dentro,3647,30,149,665,7,18,0,32,27,465,15,107,87,1464,42,23,96,85,1613,2045,12895,2338,1258,180,9109,10,12808,3654,2042,3483,2025,145,70,86,15,629,13,256,3,214,26,118,7,5007930,10622,187,30,105,155,14,5,18,30,20,30,30,22,2,0,1448,560,766,760,55,51,2008,1526,106,42,188,86,0,315
3167202005001,31027,Sete Lagoas,4639,15,12,80,1,45,0,20,210,688,31,20,704,2170,97,53,39,52,1828,2819,16238,4019,1843,268,10098,10,16225,4647,3017,4216,2137,268,132,283,41,755,3,370,12,296,10,50,8,7201534,6415,88,6,21,39,3,1,4,7,6,15,15,2,1,1,1854,2286,180,301,4,14,4140,481,18,10,379,154,14,557
3167202005002,31027,Sete Lagoas,4368,8,10,11,0,1,0,8,538,561,6,0,1950,1877,18,90,25,32,1537,2834,15963,3734,2090,123,10010,6,15954,4371,2850,4154,2224,319,180,130,46,935,13,346,3,326,29,37,3,5908915,1750,106,2,89,37,18,0,1,1,1,6,8,3,0,0,2506,1720,75,66,0,0,4226,141,0,0,414,179,23,616
3167202005003,31027,Sete Lagoas,4839,37,70,181,1,25,1,45,461,603,37,35,1579,1878,110,174,103,142,1796,3048,17205,4241,1831,220,10665,19,16959,4844,3251,4553,2117,369,126,235,41,598,9,375,6,357,31,63,6,6122941,5028,111,20,132,29,1,2,18,25,27,35,37,21,0,0,2342,1418,706,257,20,10,3760,963,30,28,336,92,11,466
3167202005004,31027,Sete Lagoas,4761,11,3,34,0,26,1,12,221,939,5,4,784,2878,14,198,33,37,1634,3139,16570,4074,1796,227,10465,8,16544,4773,3138,4417,2002,279,163,183,38,710,16,407,5,310,28,97,12,7034924,8620,108,3,7,74,4,2,1,2,3,9,11,3,0,3,2005,2460,155,137,2,2,4465,292,4,22,339,205,10,576
3167202005005,31027,Sete Lagoas,4528,3,3,6,0,5,0,1,466,714,8,0,1681,2263,30,46,6,2,1705,2828,16071,4584,1433,203,9810,41,16052,4533,3054,4432,1936,173,181,233,44,739,16,339,7,302,19,59,5,8679504,9355,75,6,9,4,0,0,0,0,0,2,3,0,0,0,2629,1848,18,20,0,0,4477,38,0,19,475,108,36,638
3167202005006,31027,Sete Lagoas,4691,13,9,26,0,4,0,11,179,999,38,1,593,3077,117,103,37,41,1739,2955,15811,5304,1210,263,9012,22,15803,4694,2930,3995,2113,200,130,157,32,736,17,346,5,322,28,89,3,9644554,1530,86,4,7,1,1,0,0,0,0,13,13,6,0,3,1939,2600,40,104,0,1,4539,144,1,0,317,235,24,576
3167202005007,31027,Sete Lagoas,4161,12,6,10,1,1,0,6,116,764,14,1,397,2445,37,30,39,10,1654,2510,13989,4878,1303,227,7541,40,13959,4164,2511,3333,1944,135,146,135,26,785,20,359,6,302,18,68,3,9171943,4323,70,1,5,2,1,0,0,0,3,11,12,4,0,0,2978,1065,88,30,0,0,4043,118,0,0,381,166,13,559
3167202005008,31027,Sete Lagoas,6638,7,16,16,1,15,2,3,190,1200,26,8,829,4677,85,64,16,4,2641,4004,21457,10362,1348,165,9573,9,21319,6641,3961,5161,2729,166,183,225,52,1030,16,435,10,439,39,133,3,28657126,4010,82,1,6,7,3,0,0,1,1,7,7,2,0,0,4265,2227,94,44,0,8,6492,138,8,21,457,189,6,674
3167202005009,31027,Sete Lagoas,4475,2,7,6,0,0,0,2,71,850,13,1,286,3376,45,67,5,8,2194,2285,13437,7035,715,106,5565,15,13412,4477,2210,2535,1930,108,105,215,30,642,20,509,11,364,33,169,2,17360033,1300,49,3,7,0,1,0,0,0,1,2,2,0,0,0,4108,285,65,16,0,1,4393,81,1,7,335,309,11,662
3167202005010,31027,Sete Lagoas,4328,9,3,57,0,3,4,12,413,610,21,2,1399,1996,80,86,30,37,1607,2729,15268,3829,1562,176,9688,13,15246,4336,2890,4050,2016,311,109,168,32,650,14,265,9,322,27,65,8,6510429,5770,99,5,30,34,5,0,1,2,2,9,9,1,0,0,1050,2905,137,215,1,5,3955,352,6,0,332,119,19,470
3167202005011,31027,Sete Lagoas,4420,22,6,25,1,4,1,10,225,898,32,4,761,2769,91,46,51,31,1756,2691,14795,5309,1247,209,8013,17,14659,4437,2722,3518,1920,165,146,211,23,728,21,364,8,267,23,117,17,10117781,17385,95,1,14,1,0,0,3,4,4,19,22,6,0,5,3292,943,97,83,0,5,4235,180,5,52,326,198,19,595
3167202005012,31027,Sete Lagoas,4102,6,4,9,1,2,0,4,125,845,17,1,483,2842,45,15,11,11,1797,2310,13407,5497,899,210,6775,26,13378,4107,2278,2969,1881,114,134,222,50,706,16,471,0,330,25,75,5,9851453,6375,43,3,7,1,1,0,0,0,0,6,6,0,0,3,2411,1581,43,61,1,0,3992,104,1,28,385,197,0,609
3167202005013,31027,Sete Lagoas,5610,21,83,56,2,3,0,2,326,855,63,2,1802,2826,185,30,56,6,2003,3615,18745,6270,1593,186,10670,26,18707,5618,3578,4834,2324,238,177,153,57,903,11,378,3,335,31,73,8,12264362,10055,82,4,12,61,6,1,2,7,7,21,21,10,0,0,1975,3161,167,298,0,8,5136,465,8,21,439,59,9,528
3167301001001,31064,Ubá,486,1,243,19,0,2,0,2,2,66,0,1,6,213,0,0,1,3,210,276,1429,943,137,6,343,0,1428,486,293,206,310,7,3,17,5,37,2,31,0,26,1,3,0,630010,0,20,29,2,0,0,0,0,0,0,1,1,0,0,0,67,336,4,74,0,5,403,78,5,0,15,4,0,19
3167400001001,31053,Santa Rita do Sapucaí,1209,1,8,2,0,1,0,3,22,261,6,0,86,793,13,4,5,11,445,763,3645,2846,162,31,590,0,3588,1206,727,863,349,62,20,53,2,129,2,91,3,54,7,21,3,2228613,4510,21,1,4,7,4,0,0,1,0,1,1,1,0,0,893,200,62,11,0,0,1093,73,0,3,96,60,2,160
3167509001001,31065,Juiz de Fora,455,1,314,0,0,0,0,0,2,94,20,0,6,300,74,10,2,0,214,241,1496,629,401,0,466,0,1496,455,295,297,215,23,19,19,5,99,4,22,0,29,6,8,0,897260,0,9,0,15,0,0,0,1,1,1,1,1,1,0,0,336,81,16,14,0,0,417,30,0,3,41,31,2,77
3167608001001,31061,Manhuaçu,2294,4,729,42,1,12,0,4,21,393,8,4,85,1795,33,39,8,4,708,1588,7096,3020,433,272,3356,15,7072,2296,1516,1865,769,122,39,66,14,205,6,94,0,61,9,13,2,3139486,2270,92,25,92,0,0,0,2,2,2,3,4,1,0,0,517,1279,121,369,0,8,1796,490,8,0,76,78,6,161
3167707001001,31037,Governador Valadares,1300,1,163,51,1,1,1,5,8,229,3,0,34,754,11,13,1,6,481,820,4129,1573,328,117,2105,6,4128,1301,779,892,563,97,22,42,12,270,3,54,1,66,10,10,1,1358906,0,81,3,13,1,3,0,0,0,0,0,0,0,0,0,309,675,154,154,2,6,984,308,8,0,41,47,2,90
3167806001001,31054,São Lourenço,1239,1,33,9,0,2,0,7,21,252,6,0,70,732,15,3,1,9,523,716,3761,2706,239,2,814,0,3761,1239,763,948,396,52,34,57,7,138,2,65,2,41,1,15,0,1823778,0,15,6,17,0,0,0,1,1,1,1,1,1,0,0,467,568,70,133,0,0,1035,203,0,0,68,41,6,116
3167905001001,31064,Ubá,927,1,69,19,0,2,0,2,20,151,11,0,72,493,24,11,1,2,285,642,2701,1767,187,12,735,0,2697,927,565,625,318,27,14,23,8,105,2,46,0,28,5,1,0,1266010,0,9,2,2,0,0,0,0,0,0,1,1,0,0,0,302,453,72,96,0,4,755,168,4,0,47,12,0,58
3168002003001,31005,Salinas,2656,8,387,49,1,26,0,10,36,442,4,4,117,1480,12,92,29,26,820,1837,9522,3160,462,63,5837,0,9519,2657,1815,2703,1126,210,90,63,31,467,7,125,4,180,8,33,1,2451691,0,81,1,182,0,0,0,7,7,7,8,8,6,0,0,9,73,924,1628,5,17,82,2552,22,33,189,37,15,274
3168002003002,31005,Salinas,4621,13,12,7,3,3,0,5,36,825,13,1,108,2758,43,23,28,16,1484,3146,15538,6134,555,74,8775,0,15476,4625,3090,4299,1583,216,146,94,38,724,20,187,2,308,30,67,4,7126688,2398,80,2,175,36,11,0,4,9,1,13,13,1,0,0,579,621,1567,1850,0,4,1200,3417,4,19,356,163,8,547
3168051001001,31041,Aimorés,499,0,1,19,0,0,0,1,1,100,0,0,3,316,0,0,0,2,157,342,1405,576,95,1,733,0,1405,499,330,292,131,34,9,16,2,53,7,6,1,18,3,4,0,486933,0,16,3,19,0,0,0,0,0,0,0,0,0,0,0,265,190,33,11,0,0,455,44,0,0,8,6,0,14
3168101001001,31023,Araxá,863,2,0,86,0,1,1,0,43,156,27,27,144,506,61,5,11,0,336,529,2744,1611,81,13,1033,6,2738,865,584,749,229,25,28,34,8,96,1,44,2,43,7,23,2,1678541,800,24,5,8,0,0,0,0,0,0,1,1,0,0,0,213,521,12,3,0,1,734,15,1,5,50,38,2,96
3168200001001,31042,Piuí,397,3,0,6,0,1,0,0,2,46,1,2,7,143,3,0,8,0,113,285,1085,620,28,4,433,0,1084,398,232,265,89,16,3,14,2,27,0,16,0,16,0,7,1,421123,850,22,0,0,0,0,0,0,1,0,3,3,1,0,0,326,18,46,6,1,0,344,52,1,0,13,3,3,20
3168309001001,31031,Itabira,552,8,13,42,0,0,0,1,1,75,7,3,5,237,19,0,24,3,360,192,1755,475,170,21,1087,2,1755,552,309,347,216,11,9,80,7,55,0,99,6,53,4,4,0,757268,0,23,3,26,77,10,1,4,5,4,5,8,2,3,0,188,210,98,50,2,4,398,148,6,0,31,11,1,43
3168408001001,31040,Caratinga,2598,14,13,97,1,20,2,11,5,495,35,12,29,1665,120,40,39,38,1097,1502,8019,2953,474,20,4572,0,7950,2599,1542,1745,1040,130,52,70,19,450,8,121,4,113,28,25,1,2990966,600,158,2,106,33,2,1,8,10,7,12,14,2,0,0,768,721,538,544,10,17,1489,1082,27,16,133,76,36,262
3168507001001,31062,Viçosa,2507,3,323,22,0,2,0,8,16,435,10,0,50,1583,44,0,8,12,865,1643,7623,4048,1008,101,2458,8,7574,2508,1579,1829,879,97,69,74,13,254,10,92,1,121,13,24,1,3678438,1020,87,25,39,0,0,0,0,1,0,2,3,2,0,0,1310,736,260,196,1,4,2046,456,5,14,107,106,0,227
3168606003001,31015,Teófilo Otoni,4078,13,962,127,0,69,1,41,33,628,17,10,116,2159,64,20,34,141,1507,2578,13717,2592,1564,94,9460,7,13695,4085,2550,3172,1884,266,124,163,43,758,24,214,7,275,62,73,7,4929607,8421,168,24,139,151,15,1,6,10,7,11,12,10,0,2,1588,1810,201,430,3,6,3398,631,9,0,353,127,37,517
3168606003002,31015,Teófilo Otoni,11202,45,1220,125,3,35,0,34,200,2049,30,9,812,8772,147,107,133,82,4356,6854,36083,12527,3183,349,19941,83,35995,11209,6749,7883,4283,493,353,459,113,1939,50,799,21,813,98,505,7,26359661,5390,356,56,251,352,99,5,16,38,25,43,45,38,7,7,6636,3360,437,623,0,10,9996,1060,10,11,785,494,53,1344
3168606003003,31015,Teófilo Otoni,5049,7,628,25,1,7,0,15,45,1077,12,1,164,3650,45,34,19,45,2291,2759,16899,4180,2135,221,10347,16,16883,5050,2892,3579,2480,238,191,275,49,1031,44,389,28,407,48,152,1,7045953,550,175,67,104,58,19,0,1,4,2,5,7,6,0,0,3086,1632,190,140,1,0,4718,330,1,0,421,243,43,707
3168606003004,31015,Teófilo Otoni,1382,42,298,152,3,100,3,28,3,194,7,111,7,601,22,2,130,87,602,783,4455,857,501,36,3056,5,4451,1385,775,847,680,107,35,33,5,361,16,63,4,97,21,17,3,1211068,2550,54,3,69,211,35,10,29,42,30,42,42,30,17,19,331,411,217,376,12,35,742,593,47,0,102,47,17,165
3168606003005,31015,Teófilo Otoni,4136,45,227,194,1,110,0,25,55,519,29,27,197,1679,124,30,146,63,1762,2376,14485,3060,2339,130,8949,7,14480,4138,2585,3442,2025,243,176,149,43,935,30,255,5,312,24,108,2,4870372,3310,125,8,132,179,11,6,35,43,37,43,45,42,8,12,1892,1253,528,385,6,27,3145,913,33,0,369,162,20,551
3168606003006,31015,Teófilo Otoni,7517,38,891,93,0,24,0,39,126,1491,69,25,517,6030,232,46,106,114,3129,4414,24437,7937,2189,256,14029,26,24172,7529,4359,5164,3115,367,277,324,68,1289,43,510,11,605,99,267,12,17602602,8660,271,32,77,130,18,3,12,21,11,26,36,19,0,1,4455,1959,559,393,6,27,6414,952,33,0,707,352,29,1088
3168705003001,31039,Ipatinga,4954,18,39,29,1,12,0,21,102,648,8,5,426,2631,31,45,47,54,1717,3241,16471,5891,1994,432,8134,20,16467,4958,3355,4418,1878,262,146,181,34,624,22,256,8,238,28,55,4,8736965,2330,141,19,46,61,15,3,8,10,8,8,15,3,0,0,2607,1182,380,312,3,3,3789,692,6,29,322,166,11,529
3168705003002,31039,Ipatinga,4730,6,28,33,1,3,0,10,126,670,19,19,437,2733,64,22,13,23,1466,3266,16176,5576,2420,173,7984,23,16170,4731,3204,4250,1996,212,190,96,68,750,13,275,4,294,20,66,1,7326451,640,141,2,41,174,33,0,0,1,1,3,5,2,0,0,2231,1661,288,292,3,4,3892,580,7,12,298,183,42,534
3168705003003,31039,Ipatinga,7321,1,55,6,0,0,2,3,131,1057,12,1,762,5067,83,100,1,5,2442,4817,23322,10908,2349,352,9372,65,23026,7232,4805,5928,2384,218,212,240,57,844,16,450,11,436,56,105,4,21125241,7550,206,12,26,99,20,0,0,0,0,0,1,0,0,0,4768,2137,238,81,2,2,6905,319,4,15,403,294,16,728
3168705003004,31039,Ipatinga,7477,9,24,57,0,75,1,7,489,890,25,78,1946,3750,79,542,19,13,2296,5036,25155,9387,3614,367,11077,19,24371,7286,5130,6828,2520,319,215,238,86,911,20,355,5,361,40,68,13,15369956,13151,129,9,144,47,8,2,5,6,4,9,9,2,1,0,4012,2457,245,422,4,101,6469,667,105,102,378,209,19,707
3168804001001,31058,São João del Rei,1787,5,14,3,0,1,0,5,26,445,18,0,91,1204,48,14,19,7,701,1102,5376,3046,363,65,1894,8,5295,1792,1010,1087,705,87,52,70,12,191,4,95,1,98,12,78,5,3758795,6800,20,13,33,6,1,1,2,4,2,5,5,5,0,0,723,854,73,126,0,0,1577,199,0,9,110,137,13,269
3168903001001,31020,Patos de Minas,1724,1,2,6,0,0,0,1,4,348,4,1,11,1012,17,25,1,3,614,1109,4815,3235,165,35,1363,0,4798,1721,1021,1037,520,62,8,46,8,183,5,66,3,76,3,39,0,2568141,0,119,3,22,0,0,0,0,0,0,1,1,1,0,0,1187,475,18,24,0,0,1662,42,0,0,57,58,0,115
3169000001001,31064,Ubá,4151,1,274,46,0,2,0,5,56,860,20,5,210,3100,51,9,7,13,1399,2762,12909,6176,1561,95,5057,20,12844,4161,2663,3088,1440,233,94,199,56,443,8,231,5,169,17,55,10,6541715,14857,91,43,61,34,12,0,0,0,0,0,1,0,0,0,2996,614,362,150,5,14,3610,512,19,16,257,188,13,474
3169059001001,31052,Pouso Alegre,356,0,0,0,0,0,0,0,2,46,3,0,7,130,8,0,0,0,73,284,1018,933,11,3,71,0,1017,357,267,250,73,8,5,7,2,16,0,14,0,12,1,6,1,570999,2000,1,0,1,0,0,0,0,0,0,0,0,0,0,0,212,2,139,3,0,0,214,142,0,0,3,4,0,7
3169109001001,31052,Pouso Alegre,702,4,1,0,0,0,0,3,8,134,7,0,31,384,15,9,8,5,167,539,2190,1834,32,0,324,0,2153,706,484,557,174,35,15,15,7,93,1,29,1,31,1,8,4,1009467,5250,26,3,1,0,0,0,0,1,0,2,4,0,0,0,448,214,27,13,0,0,662,40,0,3,47,18,0,68
3169208001001,31063,Muriaé,2590,0,262,8,3,0,0,3,84,616,21,2,292,1990,88,12,0,4,1014,1589,7602,3995,1147,72,2371,17,7556,2594,1551,1578,787,148,70,106,23,384,4,132,7,129,18,20,4,4457042,2040,67,13,37,4,0,0,0,0,0,0,0,0,0,0,933,1254,152,242,0,8,2187,394,8,5,113,127,14,259
3169307003001,31050,Varginha,3703,3,4,19,0,2,1,9,546,657,31,5,1959,2282,82,16,8,17,1218,2485,13079,5198,1990,125,5744,18,13073,3703,2540,3460,1597,240,134,140,41,606,10,261,11,276,25,28,1,5202793,800,109,13,21,9,1,0,0,1,0,2,3,1,0,1,1565,1938,50,125,0,5,3503,175,5,0,317,80,29,426
3169307003002,31050,Varginha,6697,15,18,41,1,7,0,23,497,1319,37,4,1745,4808,114,77,29,46,2240,4471,22518,11258,2646,136,8434,44,22432,6707,4412,5814,2665,378,229,214,61,1137,23,311,2,375,26,92,10,13572286,19170,169,18,77,13,7,1,6,8,7,8,15,9,0,4,2404,3801,134,340,3,15,6205,474,18,19,475,215,44,753
3169307003003,31050,Varginha,9376,5,64,3,1,2,1,12,488,2060,23,0,1662,7420,67,57,18,21,3722,5663,30229,15930,3338,179,10751,28,30147,9381,5884,7241,3316,423,270,409,93,1544,32,710,19,573,72,157,7,21081621,5929,254,5,36,137,26,0,0,1,0,2,5,3,0,1,4249,4778,164,181,0,0,9027,345,0,17,664,429,51,1161
3169356003001,31024,Três Marias,8248,21,75,135,1,3,0,20,314,1604,54,13,1055,5379,202,217,67,59,3017,5238,26840,7628,1550,120,17528,14,26773,8254,5152,6734,3242,509,124,382,65,996,17,552,11,439,66,143,6,13468235,5170,369,39,118,186,82,1,8,10,8,20,21,16,0,0,4786,2417,287,662,3,6,7203,949,9,9,354,488,20,871
3169406003001,31050,Varginha,5653,4,18,18,1,3,0,6,353,915,50,7,1220,3616,204,23,11,21,2073,3588,18301,9858,1693,135,6605,10,18224,5659,3613,4771,2021,240,119,235,77,812,17,348,8,220,16,67,6,11381638,8050,74,7,19,36,12,0,0,1,0,3,4,1,0,0,3732,1658,29,39,5,5,5390,68,10,21,345,203,14,583
3169406003002,31050,Varginha,8228,2,31,27,1,4,0,14,734,1363,37,0,2589,4549,133,67,2,41,2751,5484,27979,13887,3145,143,10788,16,27902,8233,5533,7705,3131,385,232,321,76,1296,35,457,14,392,20,73,5,15484097,2400,126,8,21,67,19,0,0,2,0,2,2,1,0,0,4811,3277,66,49,0,14,8088,115,14,0,684,200,22,907
3169505001001,31037,Governador Valadares,1409,9,508,109,1,10,1,13,12,258,21,2,43,806,70,33,35,35,558,853,4323,1115,537,89,2581,1,4316,1411,840,882,593,113,28,31,6,259,5,47,2,75,11,16,2,1498852,550,88,4,20,10,0,0,0,8,1,7,9,0,0,0,49,583,34,742,0,1,632,776,1,0,55,40,3,98
3169604003001,31018,Uberlândia,4088,1,27,22,1,1,0,15,321,951,16,0,1005,2777,44,13,1,35,1511,2586,11511,6529,642,81,4246,3,11347,4097,2346,2184,1263,222,73,151,46,568,16,168,7,160,9,60,11,7595244,8407,84,1,39,3,0,0,0,1,0,1,1,0,0,0,3605,370,89,20,0,0,3975,109,0,21,209,199,0,429
3169604003002,31018,Uberlândia,3410,2,32,58,1,22,0,12,148,946,47,4,495,3030,172,14,3,28,1148,2294,10531,5198,715,123,4476,8,10400,3441,2213,2068,1141,330,98,126,55,599,35,154,5,162,9,45,35,4723867,33680,93,7,21,0,1,0,0,0,0,2,2,0,0,0,2887,351,83,43,1,4,3238,126,5,25,165,149,17,356
3169703001001,31011,Capelinha,3831,6,291,58,0,5,0,11,47,735,8,6,158,2176,35,8,14,33,1623,2215,12926,4657,379,149,7737,4,12862,3835,2345,3587,1623,178,63,157,23,473,15,285,10,190,23,44,4,5490934,1460,69,38,222,24,7,0,3,5,3,6,6,5,0,0,1772,1342,259,448,2,8,3114,707,10,75,179,73,12,339
3169802001001,31053,Santa Rita do Sapucaí,931,0,19,1,3,0,0,2,10,153,4,1,35,492,10,0,0,2,242,694,2910,1860,56,21,973,0,2860,936,644,831,216,25,16,20,6,86,0,25,0,46,2,18,5,1542765,6452,9,5,5,0,0,0,0,0,0,0,0,0,0,0,158,675,15,83,0,0,833,98,0,3,40,19,7,69
3169901003001,31064,Ubá,4403,2,70,17,0,1,0,16,76,1025,17,1,306,4190,44,43,5,27,1627,2778,13769,6640,2002,317,4782,28,13761,4405,2729,3286,1529,242,99,229,56,476,15,291,6,234,49,91,2,8566276,510,156,24,55,34,44,0,0,1,1,0,2,1,0,0,3100,1044,161,74,3,12,4144,235,15,0,283,262,7,552
3169901003002,31064,Ubá,4766,0,28,3,0,0,0,2,53,991,11,0,264,4825,32,17,0,2,1747,3029,14371,8827,1306,104,4128,6,14221,4772,2833,3228,1596,184,97,183,44,492,6,318,11,241,34,141,6,13269456,8580,88,13,2,10,14,0,0,0,0,0,0,0,0,0,3190,1229,258,89,0,0,4419,347,0,124,226,319,0,669
3169901003003,31064,Ubá,5094,3,297,37,0,1,1,14,152,1176,47,7,613,4204,134,42,6,43,1687,3354,16540,7816,1718,154,6594,43,16320,5029,3273,4066,1830,242,142,228,64,587,6,331,11,252,38,215,3,7896354,3220,110,8,80,0,0,0,0,0,0,3,3,0,0,0,3915,479,486,125,7,14,4394,611,21,0,306,188,10,504
3169901003004,31064,Ubá,4326,1,113,10,0,0,1,5,102,1016,27,0,366,4330,95,36,3,8,1495,2834,13491,8038,1315,147,3957,34,13475,4329,2848,3362,1371,207,104,175,39,410,5,248,6,232,12,120,3,10088675,2687,75,25,31,10,25,0,0,0,0,0,1,0,0,0,3050,1051,143,77,0,4,4101,220,4,7,192,283,50,531
3169901003005,31064,Ubá,6139,5,118,13,0,1,0,5,144,1734,27,0,495,5892,89,20,18,15,2070,4076,19215,10103,1992,208,6896,16,19108,6146,4066,4705,1984,308,144,238,90,599,14,315,7,313,31,146,7,9893180,6090,102,26,56,50,24,0,0,0,0,1,5,0,0,0,4164,1325,484,166,0,0,5489,650,0,0,227,407,11,645
3169901003006,31064,Ubá,6259,9,152,315,2,11,9,5,79,1359,97,17,323,5077,327,39,16,11,2004,4267,20250,10137,1807,197,8085,24,20161,6271,4300,5325,1865,382,163,287,104,636,20,330,10,307,34,142,12,9635671,6958,150,103,167,177,53,5,2,8,3,5,9,7,0,1,3649,722,531,834,25,125,4371,1365,150,13,415,261,19,708
3170008001001,31007,Montes Claros,1486,45,6,201,1,41,0,25,54,144,6,11,237,444,20,5,139,88,604,889,5665,1307,822,99,3437,0,5648,1491,924,1503,869,95,46,47,6,429,9,97,1,100,25,15,5,1531692,2097,33,9,50,114,15,12,32,41,33,44,45,25,9,19,1,7,487,976,2,9,8,1463,11,14,166,22,14,216
3170057001001,31040,Caratinga,1986,1,0,123,3,27,0,9,25,373,10,11,100,1317,30,3,3,45,595,1396,6434,2226,495,11,3698,4,6419,1991,1344,1644,717,159,28,65,27,273,5,72,0,61,10,27,5,2293264,2650,77,10,79,29,7,0,0,0,0,0,1,0,0,0,196,1298,57,416,0,19,1494,473,19,6,80,49,4,138
3170107005001,31022,Uberaba,7808,2,243,0,0,0,0,3,65,1812,28,0,461,8153,94,23,2,5,3858,3969,20992,16618,838,174,3324,38,20362,7815,3657,3426,2466,185,142,391,69,793,16,486,20,384,56,297,7,30873326,4550,280,0,0,3,2,0,0,0,0,1,2,1,0,0,5713,1876,205,14,0,0,7589,219,0,17,332,559,15,923
3170107005002,31022,Uberaba,4528,1,43,0,0,0,0,0,90,946,12,0,531,3807,46,11,2,0,1910,2622,12755,9454,895,132,2258,16,12676,4531,2401,2463,1440,111,105,264,58,506,19,315,13,258,23,154,3,20153561,4010,148,3,0,0,0,0,0,0,0,1,1,0,0,0,4082,403,40,3,0,0,4485,43,0,0,241,137,0,378
3170107005003,31022,Uberaba,5984,3,13,4,0,0,0,4,396,1292,20,0,1332,4405,56,145,8,7,2449,3541,17925,12531,1464,114,3787,29,17815,5989,3468,3812,2217,220,143,325,90,751,21,351,9,301,18,79,5,19007257,4204,249,3,5,15,4,0,0,1,0,3,3,0,0,0,5367,536,53,9,0,2,5903,62,2,21,315,191,9,536
3170107005004,31022,Uberaba,6882,0,325,0,0,0,0,1,307,1178,21,0,1501,4753,60,57,0,3,3024,3864,19955,15899,772,163,3103,18,19854,6886,3889,4278,2230,156,190,395,102,797,12,412,14,315,19,144,4,25408529,1910,90,0,1,0,0,0,0,0,0,0,0,0,0,0,5867,1006,8,1,0,0,6873,9,0,0,365,305,8,678
3170107005005,31022,Uberaba,6617,5,812,0,0,1,0,1,156,1600,26,0,1314,5710,70,68,13,3,3114,3518,19708,12101,2126,182,5167,23,19419,6631,3448,3626,2588,242,153,466,69,959,26,528,16,405,58,214,16,16711032,26610,208,7,1,8,8,0,0,1,1,5,5,1,0,0,5771,791,44,6,0,0,6562,50,0,0,505,258,54,817
3170107005006,31022,Uberaba,6416,2,9,1,0,0,0,2,215,1352,24,0,814,6778,107,8,3,3,2589,3832,17781,12102,1290,190,4176,23,17584,6419,3188,3382,1689,184,112,341,67,572,23,479,11,349,59,689,3,20066310,5110,214,0,3,3,7,0,0,0,0,2,2,0,0,0,4965,1387,41,10,0,0,6352,51,0,19,307,724,22,1072
3170107005007,31022,Uberaba,4151,0,1,1,0,1,0,2,404,809,5,0,1628,3544,33,9,0,8,1260,2896,12932,7510,1185,117,4106,14,12866,4156,2680,2875,1389,291,95,165,51,433,7,230,4,282,17,170,5,12215378,3310,134,2,0,0,0,0,0,0,0,0,0,0,0,0,3447,639,30,6,0,0,4086,36,0,0,242,164,45,450
3170107005008,31022,Uberaba,7737,8,43,11,0,2,0,17,397,1708,38,1,1365,5351,115,83,15,41,3219,4530,24071,15169,2493,188,6176,45,24005,7748,4583,5201,3045,371,222,453,91,1249,51,445,24,414,23,100,11,15483772,9530,104,5,8,0,0,0,0,1,0,4,8,1,0,0,5934,1730,40,27,4,2,7664,67,6,33,623,304,47,1007
3170107005009,31022,Uberaba,8436,10,8,14,0,3,0,22,2495,1188,24,0,8171,3762,80,87,37,68,3165,5297,28609,14637,3837,234,9843,58,27783,8462,5864,6789,3258,614,271,390,93,1070,14,413,14,468,48,96,26,15400279,20691,157,9,3,69,13,0,0,2,0,8,9,0,1,0,5345,2926,38,32,1,11,8271,70,12,71,558,225,12,866
3170107005010,31022,Uberaba,5538,8,67,2,1,0,0,12,215,1258,10,0,719,4021,45,27,21,36,2158,3395,17886,9663,2002,160,6047,14,17859,5552,3376,3821,2488,375,213,234,65,1065,25,222,9,334,15,82,14,9844292,14077,77,0,2,4,2,0,0,0,0,6,8,1,0,0,3941,1505,54,32,0,0,5446,86,0,10,516,222,47,795
3170107005011,31022,Uberaba,5999,4,2,2,1,0,0,4,143,1638,12,0,504,5295,52,38,11,4,2481,3533,18433,11865,1345,138,5069,16,18332,6011,3541,3875,2253,251,180,324,73,902,32,372,13,351,15,149,12,13129478,10040,103,2,0,3,4,0,0,0,0,2,4,0,0,0,3347,2587,32,30,0,1,5934,62,1,10,443,284,39,776
3170107005012,31022,Uberaba,6035,7,14,2,0,0,0,5,216,1676,21,0,809,5378,53,48,12,11,2407,3643,18667,10837,1479,241,6094,16,18580,6050,3510,3779,2175,266,192,427,90,916,32,455,21,477,25,194,15,11370642,19940,97,5,1,22,6,1,0,1,0,7,7,3,0,0,4654,1287,52,37,0,1,5941,89,1,0,413,281,30,724
3170107005013,31022,Uberaba,5294,0,1,6,0,0,0,4,2230,764,12,2,6836,2353,39,14,0,9,1872,3425,16506,9116,1674,294,5386,36,16503,5297,3568,3711,1745,367,138,260,65,662,16,260,17,274,16,100,3,9253830,3500,98,2,2,4,0,0,0,0,0,0,0,0,0,0,3445,1802,7,4,0,0,5247,11,0,0,257,41,70,368
3170107005014,31022,Uberaba,4953,5,3,10,0,0,0,13,1864,615,21,4,6616,1994,53,34,14,35,1944,2845,16786,7748,2148,108,5931,18,15899,4738,3140,3753,1970,528,134,261,52,656,11,294,19,243,39,67,4,7332167,3581,129,2,7,30,4,0,0,0,0,4,5,0,0,0,2759,1785,51,39,5,5,4544,90,10,13,294,86,48,441
3170107005015,31022,Uberaba,6136,8,5,16,0,4,0,9,618,1321,56,8,2234,4408,222,79,20,11,2601,3546,20281,11043,2063,157,6990,28,20216,6147,3989,4746,2217,364,215,376,66,976,21,392,13,449,19,254,11,10843932,13880,103,21,52,27,5,0,0,1,1,7,8,0,1,1,3808,2174,77,55,7,7,5982,132,14,21,519,181,29,751
3170107005016,31022,Uberaba,2054,3,385,151,22,3,0,11,244,284,310,36,796,924,907,1,4,45,541,1471,6089,2896,611,57,2240,11,5757,1973,1312,1306,392,163,33,91,25,176,2,109,3,139,2,58,15,3504650,12912,52,52,82,0,0,3,3,3,3,3,3,3,0,0,645,305,238,316,3,31,950,554,34,36,126,88,14,264
3170206005001,31018,Uberlândia,11170,9,89,8,0,27,0,6,3121,2192,37,0,10678,7335,115,132,21,15,4148,7055,36808,16205,4040,510,15979,71,36700,11203,7835,8984,3912,923,246,593,165,1263,26,597,16,720,66,218,33,19419550,45343,176,10,41,1,0,1,2,4,2,7,9,1,0,0,10527,433,173,36,0,1,10960,209,1,83,468,296,76,922
3170206005002,31018,Uberlândia,9973,1,274,5,0,0,0,11,467,2571,74,0,2860,9376,239,13,3,26,3932,6052,30161,16353,2822,306,10629,28,30127,9984,6307,6366,3257,512,233,570,129,1271,38,588,36,640,37,176,11,20670629,17320,289,0,24,90,52,0,0,0,0,1,1,0,0,0,9922,18,33,0,0,0,9940,33,0,62,501,456,87,1107
3170206005003,31018,Uberlândia,13565,3,9,6,0,2,0,5,1586,3031,29,1,6471,9867,84,45,8,14,5111,8473,43289,22880,4372,684,15228,122,43220,13584,8979,9788,4830,858,415,730,182,2119,52,637,33,752,61,232,19,28019822,18422,193,2,6,0,0,0,0,0,0,2,2,1,0,0,11447,658,55,9,3,1,12105,64,4,67,926,534,107,1634
3170206005004,31018,Uberlândia,9380,6,90,1,0,1,0,7,1256,2094,38,0,4225,6566,122,60,14,17,3480,5918,30281,13046,2944,210,14050,31,30245,9398,6452,7514,2937,736,258,405,127,1259,26,472,19,523,14,135,18,16430649,12320,257,5,2,43,5,0,0,0,0,3,6,0,1,1,8938,386,51,5,0,0,9324,56,0,55,745,364,57,1220
3170206005005,31018,Uberlândia,11426,4,21,2,1,2,0,4,162,3732,24,1,955,14460,75,35,10,10,5084,6364,32159,20723,2647,372,8392,25,32045,11445,5997,5840,3863,454,219,597,101,1348,83,773,26,707,54,509,19,34732480,11900,276,6,0,11,4,0,0,0,0,2,4,0,0,0,10475,903,45,2,1,0,11378,47,1,17,373,721,114,1225
3170206005006,31018,Uberlândia,11338,4,33,1,0,0,0,10,141,3601,41,0,1236,14296,140,61,5,27,4851,6520,31759,22447,1701,279,7317,15,31669,11366,5915,5972,3618,369,191,710,131,1200,37,778,37,679,45,594,28,35076103,33980,162,2,1,10,12,0,0,0,0,1,4,0,0,0,9262,2034,36,6,0,0,11296,42,0,27,274,783,55,1140
3170206005007,31018,Uberlândia,8224,0,45,0,0,0,0,2,71,1031,15,0,961,7543,74,18,0,2,3963,4265,20985,17028,649,188,3094,26,20871,8225,3888,3538,2102,168,90,493,67,583,19,539,20,445,49,520,1,47353318,400,192,0,1,5,0,0,0,0,0,0,0,0,0,0,7735,359,106,4,0,0,8094,110,0,32,236,488,0,756
3170206005008,31018,Uberlândia,11759,6,14,5,0,2,0,9,438,3802,29,0,2060,13501,95,46,7,20,4911,6863,36128,20454,3527,374,11739,34,36052,11774,7226,7721,3944,615,276,833,127,1529,47,810,53,732,60,318,15,25108318,16040,266,0,15,3,5,0,0,0,0,4,6,0,0,1,11498,203,50,3,0,0,11701,53,0,55,792,830,51,1728
3170206005009,31018,Uberlândia,9264,2,1,9,0,5,0,10,1535,1990,45,6,5563,6475,156,71,3,21,3464,5811,29679,16480,2223,305,10658,9,29655,9275,6402,7477,2702,446,252,630,135,1119,36,508,22,514,26,130,11,20447684,8600,128,4,20,13,0,0,0,1,0,1,2,0,0,1,8657,553,43,5,5,1,9210,48,6,13,521,282,0,816
3170206005010,31018,Uberlândia,8896,3,11,3,0,0,0,4,535,2886,35,1,2054,9454,119,17,5,7,3084,5836,27460,15425,1609,339,10036,51,27377,8916,5874,6519,2515,542,220,446,100,1037,25,479,17,489,24,217,20,18902478,23870,140,12,15,27,4,0,0,0,0,1,2,0,0,1,7254,1561,34,14,0,1,8815,48,1,113,576,324,74,1087
3170206005011,31018,Uberlândia,16767,4,330,27,1,10,0,13,925,4791,92,2,4200,16520,295,74,7,31,6155,10657,51479,28427,3702,527,18693,130,51254,16791,10760,11893,5086,867,389,880,201,1929,49,870,36,885,51,565,24,40461412,25585,292,7,55,6,1,0,0,0,0,0,3,0,1,1,14102,2460,172,17,2,1,16562,189,3,94,934,749,60,1837
3170206005012,31018,Uberlândia,9353,26,22,10,0,9,0,44,1574,1502,14,13,5653,4947,54,2512,63,122,3112,6280,32524,11692,3701,318,16760,36,31873,9390,6389,7846,3656,986,330,396,105,1543,23,514,17,580,37,170,39,12762718,26192,259,6,349,654,27,5,23,23,23,26,26,11,8,11,8511,569,225,41,3,2,9080,266,5,44,924,197,120,1285
3170206005013,31018,Uberlândia,18523,0,245,0,0,2,0,1,921,4210,45,0,5323,18653,172,67,0,8,6850,11693,54274,35005,3585,728,14916,40,54189,18541,11304,11972,4944,726,363,1026,193,1728,42,1168,60,1029,72,992,18,59709616,24977,455,1,6,26,15,0,0,0,0,0,0,0,0,0,17648,833,41,1,0,0,18481,42,0,51,1082,1058,23,2213
3170206005014,31018,Uberlândia,14198,7,108,5,0,1,0,4,1395,2429,27,0,6301,10639,77,70,22,8,5596,8632,43155,27379,2808,528,12369,71,43062,14228,9243,10685,3993,591,266,713,152,1280,37,707,21,654,69,427,30,54295690,25498,228,0,32,9,0,0,4,4,4,7,7,3,0,7,13051,959,166,19,0,0,14010,185,0,121,575,500,95,1291
3170206005015,31018,Uberlândia,15971,9,10,5,0,6,0,21,3087,3085,27,2,11339,10155,79,156,22,69,5419,10591,53059,23530,5919,646,22868,96,52935,16009,10978,12932,6085,1397,476,589,196,2318,54,684,24,935,66,265,38,27063408,31263,270,2,32,21,2,0,0,1,0,6,9,0,0,4,14851,1027,86,6,0,1,15878,92,1,18,993,521,57,1588
3170206005016,31018,Uberlândia,10005,3,44,4,0,2,0,1,989,1852,45,2,3976,7349,167,39,9,1,3333,6679,30902,19731,2090,348,8680,43,30806,10012,6659,7670,2946,541,201,434,136,941,29,449,16,466,32,257,11,42805811,9020,185,3,157,3,4,0,2,3,3,3,3,0,0,0,8921,995,70,15,0,0,9916,85,0,71,510,266,22,869
3170206005017,31018,Uberlândia,992,0,3,1,0,0,0,2,40,203,11,0,230,762,87,20,0,4,277,722,3164,1569,358,56,1103,78,3147,999,672,768,314,49,26,31,10,133,1,45,1,54,6,54,7,1424061,5850,55,2,21,0,0,0,0,0,0,0,0,0,0,0,833,124,22,13,0,0,957,35,0,9,28,47,7,92
3170305001001,31016,Nanuque,475,8,203,7,0,0,0,3,25,43,0,2,72,145,0,0,12,5,182,294,1558,456,198,38,830,36,1554,476,294,338,208,22,12,9,3,123,3,21,2,21,16,3,1,484037,0,32,0,4,11,4,0,3,7,3,2,8,4,1,0,157,256,25,36,1,0,413,61,1,2,30,7,0,39
3170404003001,31001,Unaí,4766,8,25,61,2,2,0,10,125,941,39,10,471,3240,148,105,28,24,2029,2743,14830,5964,1036,293,7523,14,14816,4772,2807,3276,2010,293,76,150,28,624,17,342,4,324,15,80,6,7682593,6170,131,5,79,19,14,0,2,3,3,5,5,1,0,0,2189,1540,166,401,0,0,3729,567,0,0,189,218,0,407
3170404003002,31001,Unaí,4735,6,96,7,0,0,0,3,471,1008,8,2,1598,3545,21,8,10,5,1641,3102,15625,6402,973,289,7825,14,15443,4740,3190,4032,1653,230,76,205,27,555,7,336,4,291,13,85,5,9007332,3365,111,2,92,0,0,0,1,2,2,6,6,0,0,0,2881,1451,99,54,0,2,4332,153,2,8,284,175,30,497
3170404003003,31001,Unaí,442,17,1,72,2,4,0,14,6,42,7,2,21,134,15,0,60,37,191,252,1362,411,100,2,848,1,1360,443,285,330,126,23,6,19,0,63,1,37,1,24,2,1,1,396986,2582,63,5,27,12,1,3,16,17,16,17,17,4,2,0,9,27,37,365,0,4,36,402,4,12,18,0,0,30
3170404003004,31001,Unaí,9609,26,33,14,2,5,0,9,441,1837,38,1,1610,7686,137,75,55,18,3411,6224,30512,13107,1916,461,14981,37,30428,9624,6141,7536,3489,545,188,303,77,1226,25,480,6,529,43,215,18,21297398,22330,262,17,119,2,4,0,2,7,2,17,25,7,0,3,5162,3938,181,200,0,1,9100,381,1,29,594,335,0,959
3170438001001,31021,Frutal,934,1,0,5,0,0,0,6,99,279,4,0,314,788,20,30,1,12,310,634,2726,1235,219,49,1223,0,2651,943,597,619,219,42,9,33,6,76,1,47,1,50,3,16,9,1294430,6440,42,0,23,0,0,0,0,1,0,1,1,0,0,0,486,363,56,29,0,0,849,85,0,13,22,16,5,56
3170479001001,31001,Unaí,605,4,6,6,0,1,0,2,82,91,3,1,267,272,10,5,4,3,250,358,1818,514,100,31,1172,1,1809,608,333,393,254,40,7,14,2,103,3,31,0,12,2,12,3,646965,400,39,1,40,6,0,1,3,4,3,4,4,3,2,0,90,3,492,19,0,1,93,511,1,3,32,1,0,36
3170503001001,31060,Ponte Nova,2244,9,162,128,1,75,0,16,30,345,2,3,99,1148,2,4,37,59,750,1494,7946,1740,1361,200,4642,3,7928,2244,1479,2020,1017,194,85,61,40,491,27,90,5,149,12,13,0,2900625,0,43,1,41,84,8,0,4,7,5,5,9,1,3,1,658,1136,82,366,1,1,1794,448,2,6,186,89,0,281
3170529001001,31003,Januária,1510,10,3,74,2,3,0,33,22,251,3,13,77,1020,13,16,39,126,551,961,6165,947,445,44,4729,0,6152,1511,1002,1628,811,173,46,83,39,332,22,168,1,246,29,56,1,1826253,362,36,4,136,15,2,2,8,10,8,10,10,2,0,0,6,320,26,1143,1,14,326,1169,15,5,135,10,5,155
3170578001001,31040,Caratinga,1530,3,1,47,1,25,0,8,9,279,10,3,40,1072,38,35,3,21,572,958,4771,1660,417,99,2592,0,4743,1530,978,1162,540,92,35,40,9,212,3,68,2,60,2,9,1,1723598,2400,56,0,40,110,38,0,2,3,2,2,3,2,0,0,239,1026,27,235,0,2,1265,262,2,0,87,41,7,136
3170602001001,31042,Piuí,421,1,0,1,0,0,0,2,5,73,4,1,13,217,8,0,2,3,113,308,1142,703,19,0,420,0,1142,421,250,250,111,26,6,7,4,31,0,17,0,17,0,1,0,614456,0,8,2,0,0,0,0,0,1,0,1,1,0,0,0,116,287,6,11,0,1,403,17,1,0,10,16,5,31
3170651001001,31005,Salinas,636,2,1,54,4,15,1,5,1,66,2,4,1,202,2,0,3,21,188,448,2421,910,102,7,1402,0,2421,636,473,930,226,21,13,14,3,60,0,26,0,15,0,3,0,720040,0,17,3,15,0,0,1,1,2,1,1,2,1,0,1,3,6,242,380,0,5,9,622,5,0,25,11,6,42
3170701003001,31050,Varginha,4441,2,16,0,0,0,0,0,98,1344,11,0,354,4317,36,8,5,0,1748,2697,13772,9087,1052,72,3559,2,13677,4444,2615,3055,1502,150,120,258,44,591,11,347,11,300,18,199,3,11290546,6910,42,2,10,19,15,0,0,0,0,0,2,2,0,0,3763,659,17,2,0,0,4422,19,0,9,335,341,29,714
3170701003002,31050,Varginha,4344,4,18,2,0,1,0,6,417,888,18,1,1493,2932,67,14,5,13,1274,3071,15227,7894,1739,56,5538,0,15108,4345,2999,4134,1664,243,168,151,59,783,16,232,4,221,22,66,1,7931845,0,50,0,1,2,1,0,0,0,0,1,4,3,0,0,4237,80,15,5,0,1,4317,20,1,0,313,148,11,472
3170701003003,31050,Varginha,3838,0,9,38,1,1,0,0,263,706,88,6,1180,2308,342,2,0,0,1354,2488,13001,7022,1378,41,4546,14,12981,3842,2624,3477,1373,132,165,184,52,610,15,253,5,182,26,46,4,7474620,4360,104,11,6,0,0,0,0,0,0,0,0,0,0,0,2847,784,52,97,2,21,3631,149,23,0,270,77,10,358
3170701003004,31050,Varginha,4957,10,12,3,1,1,0,3,162,1138,14,0,605,4648,38,52,11,7,1879,3081,15031,10518,983,84,3440,6,15017,4960,3023,3552,1489,136,125,235,52,566,11,314,7,277,19,210,3,18366928,3700,75,0,22,8,8,0,0,0,0,0,10,10,0,0,4528,279,25,6,0,0,4807,31,0,10,226,339,23,597
3170701003005,31050,Varginha,6156,2,3,6,0,0,0,2,687,1353,27,4,2239,4683,110,34,3,3,2093,4067,20286,12061,1876,78,6261,10,20279,6160,4131,5298,2168,297,213,271,62,859,15,341,10,286,25,131,4,15758808,3220,52,5,2,25,15,0,0,0,0,2,2,0,0,0,4575,1501,19,13,0,4,6076,32,4,0,430,259,34,723
3170701003006,31050,Varginha,6395,6,9,6,1,2,0,4,242,1773,26,1,843,5874,72,61,21,5,2415,3988,20108,12767,1544,136,5649,12,20049,6398,4017,4859,2134,198,173,328,72,740,17,447,18,397,41,182,3,18076122,7059,84,5,6,6,5,0,0,0,0,2,6,5,0,0,5760,558,24,11,1,5,6318,35,6,18,365,403,11,796
3170701003007,31050,Varginha,6269,1,4,7,0,1,0,2,1027,1108,40,0,3688,3675,122,20,3,5,1753,4521,21636,11016,2228,198,8170,24,21623,6274,4558,6181,2062,357,224,195,104,868,20,283,13,371,29,86,5,13320031,5830,129,2,2,2,0,0,0,0,0,1,1,0,0,0,5563,664,24,12,0,1,6227,36,1,15,478,266,38,796
3170750001001,31002,Paracatu,1592,0,1,11,1,1,0,1,154,387,6,0,505,1171,15,19,0,1,488,1110,5021,2247,256,63,2441,14,4998,1598,1130,1426,433,74,14,35,8,103,0,72,2,68,8,34,6,2540259,14130,38,5,6,5,0,0,0,0,0,0,0,0,0,0,378,1071,31,111,0,1,1449,142,1,7,50,34,10,101
3170800003001,31006,Pirapora,4659,69,6,195,1,22,0,36,99,782,10,12,310,2548,36,18,192,96,1490,3182,15878,3731,1742,235,10167,3,15849,4672,3067,4003,1897,476,118,128,46,906,25,212,5,229,22,71,13,5648937,5445,242,9,380,360,99,6,64,64,64,69,69,13,9,7,75,346,657,3540,2,14,421,4197,16,25,313,179,21,538
3170800003002,31006,Pirapora,4649,31,6,53,1,9,0,40,61,893,24,5,212,2857,78,12,93,112,1578,3090,15435,3822,1562,226,9822,3,15367,4667,2947,3700,1809,354,125,139,32,908,26,282,6,291,34,85,18,6036618,47243,212,18,268,809,205,4,13,16,13,27,30,4,8,2,197,585,667,3149,0,12,782,3816,12,7,273,116,0,396
3170909001001,31007,Montes Claros,2480,40,2,641,1,99,0,31,7,222,5,121,25,673,12,19,126,64,861,1629,8904,2951,466,37,5446,4,8877,2489,1615,2709,946,93,82,40,14,549,22,113,5,136,22,53,9,2809794,9408,126,8,59,12,0,6,29,31,26,40,40,18,0,0,82,411,361,1489,8,129,493,1850,137,10,175,26,11,222
3171006001001,31002,Paracatu,5218,2,103,29,0,0,1,8,425,991,14,2,1441,3036,34,44,4,15,1800,3436,15919,6569,958,158,8228,6,15810,5232,3245,3781,1867,274,85,130,40,684,9,204,3,209,8,63,14,8654802,12800,217,1,4,1,0,0,0,0,0,2,2,1,0,0,4294,612,223,85,1,3,4906,308,4,143,292,166,12,614
3171030001001,31007,Montes Claros,1228,87,48,86,0,5,0,41,32,122,3,13,120,453,10,72,321,116,425,821,4762,938,907,118,2799,0,4698,1246,766,1172,575,117,35,61,11,305,6,309,4,122,2,27,18,1092041,12820,47,5,20,44,5,18,32,76,42,87,87,19,6,0,90,309,116,700,1,12,399,816,13,35,111,9,14,169
3171071001001,31011,Capelinha,1138,4,13,39,1,8,0,24,5,131,2,0,14,373,5,2,10,79,361,780,3769,1119,134,96,2418,2,3761,1141,718,1156,464,40,6,23,5,119,0,45,1,33,4,8,3,1117785,2640,40,7,23,2,0,0,1,4,4,3,4,2,0,0,183,713,24,213,0,2,896,237,2,5,39,7,0,52
3171105001001,31022,Uberaba,653,1,5,0,0,1,0,0,24,181,6,0,69,562,14,0,2,0,258,399,2037,1432,275,19,311,0,1969,654,404,382,229,45,13,17,2,106,1,40,0,53,11,15,1,979105,2600,43,5,85,15,4,0,1,1,1,1,1,0,0,0,135,485,0,27,0,0,620,27,0,5,48,40,0,93
3171154001001,31060,Ponte Nova,579,2,0,1,0,0,0,0,1,98,2,0,4,314,7,12,9,0,202,377,1852,533,122,8,1189,0,1849,579,408,510,184,18,11,12,5,65,1,24,0,22,4,3,0,589038,0,58,0,1,0,0,0,0,1,0,0,2,1,0,0,264,103,14,13,0,0,367,27,0,0,14,16,10,40
3171204003001,31030,Belo Horizonte,4147,6,591,44,0,50,1,4,280,377,45,0,1102,1333,135,19,14,21,2231,1917,14990,3490,2436,380,8681,3,14989,4148,2468,3420,2373,195,139,331,42,763,18,461,15,547,34,34,1,5060828,2000,223,17,14,208,24,0,0,0,1,2,5,2,0,0,1755,1127,183,140,0,0,2882,323,0,0,334,61,19,413
3171204003002,31030,Belo Horizonte,4241,12,2,40,0,19,54,12,744,440,8,0,2764,1414,22,31,37,36,1396,2850,14872,4020,2184,373,8268,27,14863,4246,2948,4095,1704,291,108,204,52,542,14,298,12,293,30,34,5,6568680,2510,110,4,9,445,54,0,0,2,0,2,5,3,1,0,1537,1352,99,809,0,0,2889,908,0,14,208,106,40,368
3171204003003,31030,Belo Horizonte,5654,10,80,116,1,365,4,7,161,715,38,1,634,2372,120,139,21,15,2456,3211,20512,5039,3007,360,12095,11,20472,5667,3567,5084,2820,379,222,382,56,928,23,560,12,692,88,29,13,7156743,5896,272,10,51,584,85,0,2,4,4,8,8,1,4,4,1608,1814,215,140,0,7,3422,355,7,31,579,120,55,785
3171204003004,31030,Belo Horizonte,7460,7,205,13,0,4,0,8,386,1104,32,0,2583,4699,157,33,22,22,3124,4343,25088,9145,3013,424,12485,21,24936,7467,4557,6007,3258,279,229,530,82,1069,37,649,30,531,68,146,7,16891261,4970,166,47,6,74,13,0,0,1,1,5,6,2,0,0,4037,2914,123,85,0,0,6951,208,0,20,553,274,19,866
3171204003005,31030,Belo Horizonte,8288,10,318,267,8,227,8,18,779,998,147,25,2881,3210,481,104,31,67,3290,5001,29065,7770,3743,578,16912,39,28786,8286,5437,7503,3713,480,265,503,68,1108,20,659,17,606,80,42,4,12032584,2020,294,61,97,1059,160,3,4,6,5,8,8,5,4,1,2733,2556,510,437,2,0,5289,947,2,20,590,208,68,886
3171303003001,31062,Viçosa,2945,5,297,52,0,8,0,7,33,285,12,12,123,1226,44,52,14,10,922,2024,9996,3309,1920,99,4655,13,9995,2946,2035,2835,1081,158,85,103,31,394,8,153,1,125,17,19,1,4156821,1000,46,34,49,2,0,1,1,3,0,3,5,4,0,0,1557,768,257,327,17,19,2325,584,36,13,228,75,40,356
3171303003002,31062,Viçosa,4643,6,95,11,1,1,0,6,73,433,3,0,622,3601,15,24,13,11,1542,3107,14550,7571,1469,54,5433,23,14525,4649,3027,3828,1541,169,83,138,38,486,8,213,4,220,19,101,6,10309891,3355,63,17,49,2,0,0,0,3,3,6,6,2,0,0,1750,2211,419,262,0,1,3961,681,1,21,249,217,21,507
3171303003003,31062,Viçosa,6285,8,454,129,7,20,0,17,187,668,19,2,910,3660,68,86,18,29,2510,3784,20803,8046,4062,208,8472,14,20745,6288,3992,5453,2345,212,152,334,62,851,13,453,18,355,42,165,3,12112399,1600,117,24,58,13,4,0,2,6,4,7,8,4,0,0,3219,2574,186,286,1,19,5793,472,20,33,411,233,14,690
3171303003004,31062,Viçosa,7405,1,124,6,0,4,0,9,104,581,8,1,957,5286,85,24,1,18,2949,4460,21956,12595,2371,191,6760,39,21813,7408,4230,5207,2294,147,133,269,65,755,8,453,8,362,50,381,3,25356961,4292,138,7,10,50,37,0,0,1,1,1,1,1,0,0,5066,1906,223,195,0,1,6972,418,1,25,337,296,12,670
3171402001001,31063,Muriaé,610,0,123,4,0,1,0,0,3,162,7,1,15,452,26,0,0,0,181,430,1853,1075,114,6,658,0,1851,611,382,471,201,21,12,21,7,57,6,20,0,19,2,20,1,717404,510,31,24,7,43,15,0,0,0,0,0,0,0,0,0,241,253,56,59,0,1,494,115,1,0,33,10,3,46
3171501001001,31037,Governador Valadares,897,7,277,233,0,45,2,9,3,100,2,4,10,336,3,5,15,22,356,541,3060,453,452,59,2096,0,3060,897,555,698,457,87,22,24,6,208,0,37,1,48,4,16,0,861870,0,77,1,52,2,1,0,5,6,5,6,7,1,0,0,90,459,9,334,0,5,549,343,5,0,54,15,9,78
3171600001001,31012,Araçuaí,2091,18,0,76,1,4,4,19,68,339,0,6,268,1166,0,13,48,54,927,1165,6840,1533,758,62,4486,1,6837,2091,1224,1727,890,122,43,54,16,349,8,118,1,100,47,29,0,2384709,0,105,4,55,0,0,0,12,13,13,18,18,8,0,0,549,1007,63,458,0,6,1556,521,6,8,120,39,5,171
3171709001001,31056,Itajubá,1252,1,3,2,0,0,0,2,15,204,3,0,58,617,8,23,1,8,516,740,3936,3192,147,6,591,0,3902,1254,739,908,478,41,39,55,9,198,4,81,0,73,7,17,2,1860846,780,32,3,15,19,3,0,0,1,1,0,1,1,0,0,547,634,39,30,0,0,1181,69,0,0,81,29,20,130
3171808001001,31035,Guanhães,1775,2,222,42,1,5,0,2,7,292,7,3,36,1061,33,5,8,3,772,1011,6208,2202,348,46,3608,4,6147,1781,1096,1585,862,80,39,94,19,288,6,149,2,107,7,34,6,2681339,4280,69,20,43,0,0,1,0,1,1,2,2,2,0,0,291,930,136,410,1,1,1221,546,2,17,144,87,6,255
3171907001001,31037,Governador Valadares,1094,12,6,162,3,38,3,6,5,146,3,1,23,434,10,13,50,27,568,526,3402,976,218,1,2207,0,3392,1094,619,803,484,47,17,37,4,171,6,46,1,50,3,10,0,1136914,0,32,1,0,6,3,1,1,7,2,7,12,0,0,0,275,571,129,116,1,2,846,245,3,0,55,29,0,84
3172004003001,31064,Ubá,3855,5,404,30,0,2,0,5,379,765,17,2,1256,2631,64,24,13,19,1500,2356,11954,5747,1318,163,4723,3,11953,3856,2532,2853,1254,170,116,164,42,462,11,201,3,202,19,69,1,6596782,900,28,11,21,33,12,0,0,1,0,1,3,1,0,0,2963,630,178,69,1,0,3593,247,1,0,251,190,6,448
3172004003002,31064,Ubá,6262,6,240,15,0,3,0,7,247,1384,32,2,859,5101,98,13,12,15,2487,3784,19426,9065,2449,172,7726,14,19381,6266,3825,4017,2400,387,194,359,82,870,29,407,21,358,52,106,4,11305962,3570,104,2,22,40,7,0,0,2,0,4,5,3,0,0,4359,1593,248,43,0,1,5952,291,1,10,476,285,10,781
3172103001001,31066,Cataguases,1183,1,73,19,0,1,2,2,68,224,10,0,213,742,43,9,2,9,508,679,3802,1450,1186,15,1150,1,3787,1187,699,778,583,57,49,34,16,221,2,66,1,76,5,25,4,1747947,1110,77,5,73,0,0,0,1,1,1,1,1,0,0,1,489,521,78,95,0,0,1010,173,0,4,102,42,12,160
3172202001001,31056,Itajubá,380,0,0,0,1,0,0,0,3,51,36,0,11,179,135,33,0,0,72,309,1270,914,48,1,307,0,1264,381,260,363,110,7,16,15,9,53,2,25,1,22,0,1,1,640653,3000,5,1,3,19,4,0,0,0,0,0,0,0,0,0,46,68,127,138,1,0,114,265,1,6,39,5,0,50